source_artistID,source_name,final_artistID,is_absorbed,survivor_source_name
1,MALICE MIZER,1,False,MALICE MIZER
2,Diary of Dreams,2,False,Diary of Dreams
3,Carpathian Forest,3,False,Carpathian Forest
4,Moi dix Mois,4,False,Moi dix Mois
5,Bella Morte,5,False,Bella Morte
6,Moonspell,6,False,Moonspell
7,Marilyn Manson,7,False,Marilyn Manson
8,DIR EN GREY,8,False,DIR EN GREY
9,Combichrist,9,False,Combichrist
10,Grendel,10,False,Grendel
11,Agonoize,11,False,Agonoize
12,Behemoth,12,False,Behemoth
13,Hocico,13,False,Hocico
15,Dimmu Borgir,15,False,Dimmu Borgir
16,London After Midnight,16,False,London After Midnight
17,Psyclon Nine,17,False,Psyclon Nine
18,The Crüxshadows,18,False,The Crüxshadows
19,:wumpscut:,19,False,:wumpscut:
20,Limbonic Art,20,False,Limbonic Art
21,Artista sconosciuto,21,False,Artista sconosciuto
22,xotox,22,False,xotox
23,The Kovenant,23,False,The Kovenant
24,Feindflug,24,False,Feindflug
25,Cradle of Filth,25,False,Cradle of Filth
26,Tamtrum,26,False,Tamtrum
27,Laibach,27,False,Laibach
28,Gorgoroth,28,False,Gorgoroth
30,And One,30,False,And One
31,Amduscia,31,False,Amduscia
32,Covenant,32,False,Covenant
34,Icon of Coil,34,False,Icon of Coil
36,KMFDM,36,False,KMFDM
37,Funker Vogt,37,False,Funker Vogt
38,Dawn of Ashes,38,False,Dawn of Ashes
39,Sopor Aeternus & The Ensemble of Shadows,39,False,Sopor Aeternus & The Ensemble of Shadows
40,The Faint,40,False,The Faint
41,God Module,41,False,God Module
43,Noisuf-X,43,False,Noisuf-X
44,Das Ich,44,False,Das Ich
45,Mindless Self Indulgence,45,False,Mindless Self Indulgence
46,Pyotr Ilyich Tchaikovsky,46,False,Pyotr Ilyich Tchaikovsky
47,Emperor,47,False,Emperor
48,Anorexia Nervosa,48,False,Anorexia Nervosa
49,Reaper,49,False,Reaper
50,Gothminister,50,False,Gothminister
51,Duran Duran,51,False,Duran Duran
52,Morcheeba,52,False,Morcheeba
53,Air,53,False,Air
54,Hooverphonic,54,False,Hooverphonic
55,Kylie Minogue,55,False,Kylie Minogue
56,Daft Punk,56,False,Daft Punk
57,Thievery Corporation,57,False,Thievery Corporation
58,Goldfrapp,58,False,Goldfrapp
59,New Order,59,False,New Order
60,Matt Bianco,60,False,Matt Bianco
61,Talk Talk,61,False,Talk Talk
62,Prefab Sprout,62,False,Prefab Sprout
63,Enigma,63,False,Enigma
64,Röyksopp,64,False,Röyksopp
65,Coldplay,65,False,Coldplay
66,Faithless,66,False,Faithless
67,Madonna,67,False,Madonna
68,Icehouse,68,False,Icehouse
69,Sade,69,False,Sade
70,Moby,70,False,Moby
71,Dido,71,False,Dido
72,Depeche Mode,72,False,Depeche Mode
73,Café Del Mar,73,False,Café Del Mar
74,Basia,74,False,Basia
75,Camouflage,75,False,Camouflage
76,Electronic,76,False,Electronic
77,George Michael,77,False,George Michael
78,The Adventures,78,False,The Adventures
79,Fiction Factory,79,False,Fiction Factory
80,Groove Armada,80,False,Groove Armada
81,Portishead,81,False,Portishead
82,Marc Almond,82,False,Marc Almond
83,Cock Robin,83,False,Cock Robin
84,Cut Copy,84,False,Cut Copy
85,Spandau Ballet,85,False,Spandau Ballet
86,Katie Melua,86,False,Katie Melua
87,Deacon Blue,87,False,Deacon Blue
88,Gorillaz,88,False,Gorillaz
89,Lady Gaga,89,False,Lady Gaga
90,Kosheen,90,False,Kosheen
91,Nik Kershaw,91,False,Nik Kershaw
92,Vitamin Z,92,False,Vitamin Z
93,Jean-Michel Jarre,93,False,Jean-Michel Jarre
94,Ministry of Sound,94,False,Ministry of Sound
95,Simply Red,95,False,Simply Red
96,Fleetwood Mac,96,False,Fleetwood Mac
97,Duffy,97,False,Duffy
98,Japan,98,False,Japan
99,INXS,99,False,INXS
100,ABC,100,False,ABC
101,Pleq,101,False,Pleq
102,Segue,102,False,Segue
103,Max Richter,103,False,Max Richter
104,Celer,104,False,Celer
105,Pjusk,105,False,Pjusk
106,Pleq & Segue,106,False,Pleq & Segue
107,Burial,107,False,Burial
108,Magnitophono,108,False,Magnitophono
109,andy graydon,109,False,andy graydon
110,ddekombinacja,110,False,ddekombinacja
111,Pleq & Anna Rose Carter,111,False,Pleq & Anna Rose Carter
112,Go Koyashiki,112,False,Go Koyashiki
113,Dustin O'Halloran,113,False,Dustin O'Halloran
114,offthesky,114,False,offthesky
115,Nebulo,115,False,Nebulo
116,Fjordne,116,False,Fjordne
117,Pleq & Chihiro,117,False,Pleq & Chihiro
118,Spyweirdos,118,False,Spyweirdos
119,billy gomberg + offthesky,119,False,billy gomberg + offthesky
120,Deru,120,False,Deru
121,Lukid,121,False,Lukid
122,Manekinekod,122,False,Manekinekod
123,Danny Norbury,123,False,Danny Norbury
124,Shinkei & Mise En Scene,124,False,Shinkei & Mise En Scene
125,aslope,125,False,aslope
126,The Notwist,126,False,The Notwist
127,Off the Sky,127,False,Off the Sky
128,strom noir,128,False,strom noir
129,Aless,129,False,Aless
130,Philippe Lamy,130,False,Philippe Lamy
131,Part Timer,131,False,Part Timer
132,Deaf Center,132,False,Deaf Center
133,Lauki,133,False,Lauki
134,Big Brotherz,134,False,Big Brotherz
135,cokiyu,135,False,cokiyu
136,Verbose,136,False,Verbose
137,Worm Is Green,137,False,Worm Is Green
138,Library Tapes,138,False,Library Tapes
139,Richard Skelton,139,False,Richard Skelton
140,Matryoshka,140,False,Matryoshka
141,Aidan Baker,141,False,Aidan Baker
142,Ylid,142,False,Ylid
143,Daisuke Miyatani,143,False,Daisuke Miyatani
144,Dakota Suite,144,False,Dakota Suite
145,Ryonkt,145,False,Ryonkt
146,Hird,146,False,Hird
147,Svarte Greiner,147,False,Svarte Greiner
148,The Boats,148,False,The Boats
149,The Sound Of Lucrecia,149,False,The Sound Of Lucrecia
150,Porzellan,150,False,Porzellan
151,Deep Forest,151,False,Deep Forest
152,Porcupine Tree,152,False,Porcupine Tree
153,De/Vision,153,False,De/Vision
154,Radiohead,154,False,Radiohead
155,Robbie Williams,155,False,Robbie Williams
156,VAST,156,False,VAST
157,Michael Jackson,157,False,Michael Jackson
158,עברי לידר,158,False,עברי לידר
159,The Cure,159,False,The Cure
160,אביב גפן,160,False,אביב גפן
161,Enrique Iglesias,161,False,Enrique Iglesias
162,God Is an Astronaut,162,False,God Is an Astronaut
163,Pink Floyd,163,False,Pink Floyd
164,יוני בלוך,164,False,יוני בלוך
165,Planet Funk,165,False,Planet Funk
166,The Cranberries,166,False,The Cranberries
167,Scissor Sisters,167,False,Scissor Sisters
168,דניאל סלומון,168,False,דניאל סלומון
169,אביתר בנאי,169,False,אביתר בנאי
170,Mew,170,False,Mew
171,Stereophonics,171,False,Stereophonics
172,Garbage,172,False,Garbage
173,Placebo,173,False,Placebo
174,Infected Mushroom,174,False,Infected Mushroom
175,Delerium,175,False,Delerium
176,Scorpions,176,False,Scorpions
177,Rock Star Supernova,177,False,Rock Star Supernova
178,Dolores O'Riordan,178,False,Dolores O'Riordan
179,Tommy Lee,179,False,Tommy Lee
180,Roxette,180,False,Roxette
181,Paradise Lost,181,False,Paradise Lost
182,Keane,182,False,Keane
183,Jamiroquai,183,False,Jamiroquai
184,James Blunt,184,False,James Blunt
185,Reamonn,185,False,Reamonn
186,Blackfield,186,False,Blackfield
187,a-ha,187,False,a-ha
188,Opeth,188,False,Opeth
189,Poets of the Fall,189,False,Poets of the Fall
190,Muse,190,False,Muse
191,OneRepublic,191,False,OneRepublic
192,Elton John,192,False,Elton John
193,Tears for Fears,193,False,Tears for Fears
194,The Tiger Lillies,194,False,The Tiger Lillies
195,Bright Eyes,195,False,Bright Eyes
196,Beirut,196,False,Beirut
197,Tom Waits,197,False,Tom Waits
198,System of a Down,198,False,System of a Down
199,Arcade Fire,199,False,Arcade Fire
200,Gogol Bordello,200,False,Gogol Bordello
201,Ленинград,201,False,Ленинград
202,CAKE,202,False,CAKE
203,Blur,203,False,Blur
204,Damien Rice,204,False,Damien Rice
205,Andrew Bird,205,False,Andrew Bird
206,Beck,206,False,Beck
207,Arctic Monkeys,207,False,Arctic Monkeys
208,Babyshambles,208,False,Babyshambles
209,My Chemical Romance,209,False,My Chemical Romance
210,Bloc Party,210,False,Bloc Party
211,The Decemberists,211,False,The Decemberists
212,Bob Dylan,212,False,Bob Dylan
213,Jacques Brel,213,False,Jacques Brel
214,DeVotchKa,214,False,DeVotchKa
215,Jeff Buckley,215,False,Jeff Buckley
216,Sparklehorse,216,False,Sparklehorse
217,Death Cab for Cutie,217,False,Death Cab for Cutie
218,Man Man,218,False,Man Man
219,M. Ward,219,False,M. Ward
220,Red Hot Chili Peppers,220,False,Red Hot Chili Peppers
221,Travis,221,False,Travis
222,Modest Mouse,222,False,Modest Mouse
223,Band of Horses,223,False,Band of Horses
224,Yeong-wook Jo,224,False,Yeong-wook Jo
225,Interpol,225,False,Interpol
226,Queens of the Stone Age,226,False,Queens of the Stone Age
227,The Beatles,227,False,The Beatles
228,Kings of Leon,228,False,Kings of Leon
229,The Killers,229,False,The Killers
230,Green Day,230,False,Green Day
231,Devendra Banhart,231,False,Devendra Banhart
232,Sunset Rubdown,232,False,Sunset Rubdown
233,Nine Inch Nails,233,False,Nine Inch Nails
234,Nirvana,234,False,Nirvana
235,Eels,235,False,Eels
236,Clap Your Hands Say Yeah,236,False,Clap Your Hands Say Yeah
237,Thom Yorke,237,False,Thom Yorke
238,Massive Attack,238,False,Massive Attack
239,Keyshia Cole,239,False,Keyshia Cole
240,Racionais MC's,240,False,Racionais MC's
241,Toni Braxton,241,False,Toni Braxton
242,Elo da Corrente,242,False,Elo da Corrente
243,Teta Lando,243,False,Teta Lando
244,Flagelo Urbano,244,False,Flagelo Urbano
245,Bob Marley & The Wailers,245,False,Bob Marley & The Wailers
246,Adriana Calcanhotto,246,False,Adriana Calcanhotto
247,Maxwell,247,False,Maxwell
248,Pharoahe Monch,248,False,Pharoahe Monch
249,Common,249,False,Common
250,Bob Marley,250,False,Bob Marley
251,Whitney Houston,251,False,Whitney Houston
252,Tamia,252,False,Tamia
253,Bryan Adams,253,False,Bryan Adams
254,Lokua Kanza,254,False,Lokua Kanza
255,Nach,255,False,Nach
256,Kid Abelha,256,False,Kid Abelha
257,Mariah Carey,257,False,Mariah Carey
258,Tina Turner,258,False,Tina Turner
259,9th Wonder,259,False,9th Wonder
260,Floetry,260,False,Floetry
261,Marisa Monte,261,False,Marisa Monte
262,Mary J. Blige,262,False,Mary J. Blige
263,Jill Scott,263,False,Jill Scott
264,Sara Tavares,264,False,Sara Tavares
265,Céline Dion,265,False,Céline Dion
266,Erykah Badu,266,False,Erykah Badu
267,Nas,267,False,Nas
268,Richard Marx,268,False,Richard Marx
269,Dru Hill,269,False,Dru Hill
270,Maria Bethânia,270,False,Maria Bethânia
271,Mos Def,271,False,Mos Def
272,Faith Evans,272,False,Faith Evans
273,Avant,273,False,Avant
274,Bob da Rage Sense,274,False,Bob da Rage Sense
275,Angie Stone,275,False,Angie Stone
276,Gang Starr,276,False,Gang Starr
277,Papa Wemba,277,False,Papa Wemba
278,2Pac,278,False,2Pac
279,Brandy,279,False,Brandy
280,Sam the Kid,280,False,Sam the Kid
281,Dealema,281,False,Dealema
282,Boss AC,282,False,Boss AC
283,Ana Carolina,283,False,Ana Carolina
284,Dilated Peoples,284,False,Dilated Peoples
285,Janet Jackson,285,False,Janet Jackson
286,Peter Tosh,286,False,Peter Tosh
287,Monica,287,False,Monica
288,Rihanna,288,False,Rihanna
289,Britney Spears,289,False,Britney Spears
290,Jordin Sparks,290,False,Jordin Sparks
291,Kelly Clarkson,291,False,Kelly Clarkson
292,Christina Aguilera,292,False,Christina Aguilera
293,Ashlee Simpson,293,False,Ashlee Simpson
294,Leona Lewis,294,False,Leona Lewis
295,Beyoncé,295,False,Beyoncé
296,Sugababes,296,False,Sugababes
297,David Cook,297,False,David Cook
298,Lily Allen,298,False,Lily Allen
299,Jennifer Lopez,299,False,Jennifer Lopez
300,Katy Perry,300,False,Katy Perry
301,Alicia Keys,301,False,Alicia Keys
302,P!nk,302,False,P!nk
303,Panic at the Disco,303,False,Panic at the Disco
304,David Archuleta,304,False,David Archuleta
305,Katharine McPhee,305,False,Katharine McPhee
306,Black Eyed Peas,306,False,Black Eyed Peas
307,Kate Voegele,307,False,Kate Voegele
308,Kat DeLuna,308,False,Kat DeLuna
309,Danity Kane,309,False,Danity Kane
310,Nelly Furtado,310,False,Nelly Furtado
311,Natasha Bedingfield,311,False,Natasha Bedingfield
312,Cassie,312,False,Cassie
313,Allison Iraheta,313,False,Allison Iraheta
314,Ciara,314,False,Ciara
315,Matt Pokora,315,False,Matt Pokora
316,Alanis Morissette,316,False,Alanis Morissette
317,Keri Hilson,317,False,Keri Hilson
318,Hilary Duff,318,False,Hilary Duff
319,Haley James Scott,319,False,Haley James Scott
320,Fergie,320,False,Fergie
321,Jonas Brothers,321,False,Jonas Brothers
322,Ashanti,322,False,Ashanti
323,The Saturdays,323,False,The Saturdays
324,Cobra Starship,324,False,Cobra Starship
325,Ashley Tisdale,325,False,Ashley Tisdale
326,JoJo,326,False,JoJo
327,Chris Brown,327,False,Chris Brown
328,David Guetta,328,False,David Guetta
329,Justin Timberlake,329,False,Justin Timberlake
330,T.I.,330,False,T.I.
331,Kanye West,331,False,Kanye West
332,Kelly Rowland,332,False,Kelly Rowland
333,Avril Lavigne,333,False,Avril Lavigne
334,No Angels,334,False,No Angels
335,Sandy,335,False,Sandy
336,Vanessa Petruo,336,False,Vanessa Petruo
337,Alexander,337,False,Alexander
338,Queensberry,338,False,Queensberry
339,Fady Maalouf,339,False,Fady Maalouf
340,Cher,340,False,Cher
341,Barbara Schöneberger,341,False,Barbara Schöneberger
342,Colbie Caillat,342,False,Colbie Caillat
343,Annett Louisan,343,False,Annett Louisan
344,Taylor Swift,344,False,Taylor Swift
345,Nadja Benaissa,345,False,Nadja Benaissa
346,Lena,346,False,Lena
347,Cassandra Steen,347,False,Cassandra Steen
348,Wir sind Helden,348,False,Wir sind Helden
349,The Pussycat Dolls,349,False,The Pussycat Dolls
350,Monrose,350,False,Monrose
351,Gabrielle,351,False,Gabrielle
352,Cheryl Cole,352,False,Cheryl Cole
353,Milow,353,False,Milow
354,Sarah Connor,354,False,Sarah Connor
355,Jason Mraz,355,False,Jason Mraz
356,Brad Paisley,356,False,Brad Paisley
357,Silbermond,357,False,Silbermond
358,Diyana,358,False,Diyana
359,Maria Mena,359,False,Maria Mena
360,Shania Twain,360,False,Shania Twain
361,Jennifer Chung,361,False,Jennifer Chung
362,A Fine Frenzy,362,False,A Fine Frenzy
363,Lucylicious,363,False,Lucylicious
364,Sugarland,364,False,Sugarland
365,Christina Stürmer,365,False,Christina Stürmer
366,Jack Johnson,366,False,Jack Johnson
367,BIG BANG,367,False,BIG BANG
368,김종국,368,False,김종국
369,2PM,369,False,2PM
370,Katatonia,370,False,Katatonia
371,Skillet,371,False,Skillet
372,モンゴル800,372,False,モンゴル800
373,Jay Park,373,False,Jay Park
374,宇多田ヒカル,374,False,宇多田ヒカル
375,浜崎あゆみ,375,False,浜崎あゆみ
376,UVERworld,376,False,UVERworld
377,Linkin Park,377,False,Linkin Park
378,Evanescence,378,False,Evanescence
379,中島美嘉,379,False,中島美嘉
380,Blackmore's Night,380,False,Blackmore's Night
381,C.N.BLUE,381,False,C.N.BLUE
382,BUCK-TICK,382,False,BUCK-TICK
383,Bad Religion,383,False,Bad Religion
384,Fairuz,384,False,Fairuz
385,T.M.Revolution,385,False,T.M.Revolution
386,Cascada,386,False,Cascada
387,TRAX,387,False,TRAX
388,B2ST,388,False,B2ST
389,Enya,389,False,Enya
390,GACKT,390,False,GACKT
391,Sinamore,391,False,Sinamore
392,Remi Bandali,392,False,Remi Bandali
393,Super Junior,393,False,Super Junior
394,山下智久,394,False,山下智久
395,NEWS,395,False,NEWS
396,L'Arc~en~Ciel,396,False,L'Arc~en~Ciel
397,雅-MIYAVI-,397,False,雅-MIYAVI-
398,www.DjFahad.com,398,False,www.DjFahad.com
399,嵐,399,False,嵐
400,2NE1,400,False,2NE1
401,RENTRER EN SOI,401,False,RENTRER EN SOI
402,3mmey,402,False,3mmey
403,The All-American Rejects,403,False,The All-American Rejects
404,백지영,404,False,백지영
405,The Rasmus,405,False,The Rasmus
406,HYDE,406,False,HYDE
407,Akira Yamaoka,407,False,Akira Yamaoka
408,Crossfade,408,False,Crossfade
409,G-Dragon,409,False,G-Dragon
410,GD&TOP,410,False,GD&TOP
411,Chinese mix,411,False,Chinese mix
412,blink-182,412,False,blink-182
413,After School,413,False,After School
414,Wasted Land,414,False,Wasted Land
415,Laith Al-Deen,415,False,Laith Al-Deen
416,The National,416,False,The National
417,Cordel do Fogo Encantado,417,False,Cordel do Fogo Encantado
418,Sigur Rós,418,False,Sigur Rós
419,Tokyo Police Club,419,False,Tokyo Police Club
420,The Kills,420,False,The Kills
421,Móveis Coloniais de Acaju,421,False,Móveis Coloniais de Acaju
422,Mombojó,422,False,Mombojó
423,Bat for Lashes,423,False,Bat for Lashes
424,The Strokes,424,False,The Strokes
425,Yeah Yeah Yeahs,425,False,Yeah Yeah Yeahs
426,Rilo Kiley,426,False,Rilo Kiley
427,The Cribs,427,False,The Cribs
428,The Libertines,428,False,The Libertines
429,The Smiths,429,False,The Smiths
430,Kate Nash,430,False,Kate Nash
431,Wolf Parade,431,False,Wolf Parade
432,Klaxons,432,False,Klaxons
433,Broken Social Scene,433,False,Broken Social Scene
434,Spoon,434,False,Spoon
435,Black Lips,435,False,Black Lips
436,The Smashing Pumpkins,436,False,The Smashing Pumpkins
437,She & Him,437,False,She & Him
438,O Teatro Mágico,438,False,O Teatro Mágico
439,Los Hermanos,439,False,Los Hermanos
440,Animal Collective,440,False,Animal Collective
441,Joy Division,441,False,Joy Division
442,The Tallest Man on Earth,442,False,The Tallest Man on Earth
443,The Rakes,443,False,The Rakes
444,múm,444,False,múm
445,Bon Iver,445,False,Bon Iver
446,Ra Ra Riot,446,False,Ra Ra Riot
447,Manu Chao,447,False,Manu Chao
448,Art Brut,448,False,Art Brut
449,Poney Express,449,False,Poney Express
450,She Wants Revenge,450,False,She Wants Revenge
451,Local Natives,451,False,Local Natives
452,Mundo Livre S/A,452,False,Mundo Livre S/A
453,Silverchair,453,False,Silverchair
454,Jónsi,454,False,Jónsi
455,Backstreet Boys,455,False,Backstreet Boys
456,Jesse McCartney,456,False,Jesse McCartney
457,Aaron Carter,457,False,Aaron Carter
458,Justin Bieber,458,False,Justin Bieber
459,*NSYNC,459,False,*NSYNC
460,Noize MC,460,False,Noize MC
461,Miley Cyrus,461,False,Miley Cyrus
462,Blue,462,False,Blue
463,Savage Garden,463,False,Savage Garden
464,3OH!3,464,False,3OH!3
465,Jessica Simpson,465,False,Jessica Simpson
466,Ke$ha,466,False,Ke$ha
467,Darren Hayes,467,False,Darren Hayes
468,Usher,468,False,Usher
469,Nick Carter,469,False,Nick Carter
470,nevershoutnever!,470,False,nevershoutnever!
471,Metro Station,471,False,Metro Station
472,3 Doors Down,472,False,3 Doors Down
473,Dream Street,473,False,Dream Street
474,Craig David,474,False,Craig David
475,Eminem,475,False,Eminem
476,M. Pokora,476,False,M. Pokora
477,Daniel Merriweather,477,False,Daniel Merriweather
478,ВИА Гра,478,False,ВИА Гра
479,Westlife,479,False,Westlife
480,Guf,480,False,Guf
481,Simple Plan,481,False,Simple Plan
482,Jeremih,482,False,Jeremih
483,Centr,483,False,Centr
484,Ne-Yo,484,False,Ne-Yo
485,Kelis,485,False,Kelis
486,30 Seconds to Mars,486,False,30 Seconds to Mars
487,The Birthday Massacre,487,False,The Birthday Massacre
488,Three Days Grace,488,False,Three Days Grace
489,Limp Bizkit,489,False,Limp Bizkit
490,Seether,490,False,Seether
491,Fort Minor,491,False,Fort Minor
492,Funeral for a Friend,492,False,Funeral for a Friend
493,Lostprophets,493,False,Lostprophets
494,Finch,494,False,Finch
495,This Beautiful Republic,495,False,This Beautiful Republic
496,Cold,496,False,Cold
497,Papa Roach,497,False,Papa Roach
498,Paramore,498,False,Paramore
499,Flyleaf,499,False,Flyleaf
500,Bullet for My Valentine,500,False,Bullet for My Valentine
501,Angels & Airwaves,501,False,Angels & Airwaves
502,LaFee,502,False,LaFee
503,In Flames,503,False,In Flames
504,HIM,504,False,HIM
505,Digital Summer,505,False,Digital Summer
506,Anathema,506,False,Anathema
507,Saosin,507,False,Saosin
508,Tracktor Bowling,508,False,Tracktor Bowling
509,Pitchshifter,509,False,Pitchshifter
510,P.O.D.,510,False,P.O.D.
511,U2,511,False,U2
512,Deftones,512,False,Deftones
513,Traff!c,513,False,Traff!c
514,Ill Niño,514,False,Ill Niño
515,Clan of Xymox,515,False,Clan of Xymox
516,Celldweller,516,False,Celldweller
517,Korn,517,False,Korn
518,Within Temptation,518,False,Within Temptation
519,Static-X,519,False,Static-X
520,Fluke,520,False,Fluke
521,happysad,521,False,happysad
522,Lacrimosa,522,False,Lacrimosa
523,Lindsay Lohan,523,False,Lindsay Lohan
524,Jeffree Star,524,False,Jeffree Star
525,Gwen Stefani,525,False,Gwen Stefani
526,La Roux,526,False,La Roux
527,Lil' Wayne,527,False,Lil' Wayne
528,Pixie Lott,528,False,Pixie Lott
529,Paul van Dyk,529,False,Paul van Dyk
530,Alphabeat,530,False,Alphabeat
531,Taio Cruz,531,False,Taio Cruz
532,Little Boots,532,False,Little Boots
533,Oasis,533,False,Oasis
534,No Doubt,534,False,No Doubt
535,Sophie Ellis-Bextor,535,False,Sophie Ellis-Bextor
536,Good Charlotte,536,False,Good Charlotte
537,The Used,537,False,The Used
538,Maroon 5,538,False,Maroon 5
539,Gossip,539,False,Gossip
540,Fall Out Boy,540,False,Fall Out Boy
541,Space Cowboy,541,False,Space Cowboy
542,Pitty,542,False,Pitty
543,Nicole Scherzinger,543,False,Nicole Scherzinger
544,Adam Lambert,544,False,Adam Lambert
545,Flo Rida,545,False,Flo Rida
546,The Ting Tings,546,False,The Ting Tings
547,Kid Cudi,547,False,Kid Cudi
548,Ellie Goulding,548,False,Ellie Goulding
549,The Sonics,549,False,The Sonics
550,The Fleshtones,550,False,The Fleshtones
551,The Satelliters,551,False,The Satelliters
552,The Barracudas,552,False,The Barracudas
553,The Staggers,553,False,The Staggers
554,The Kinks,554,False,The Kinks
555,The Swingin' Neckbreakers,555,False,The Swingin' Neckbreakers
556,The Strollers,556,False,The Strollers
557,The Fuzztones,557,False,The Fuzztones
558,The Maharajas,558,False,The Maharajas
559,Southern Culture on the Skids,559,False,Southern Culture on the Skids
560,The Woggles,560,False,The Woggles
561,The Untamed Youth,561,False,The Untamed Youth
562,The Who,562,False,The Who
563,Small Faces,563,False,Small Faces
564,Mahalia Jackson,564,False,Mahalia Jackson
565,Howlin' Wolf,565,False,Howlin' Wolf
566,Jackie Wilson,566,False,Jackie Wilson
567,Sam Cooke,567,False,Sam Cooke
568,The Vice Barons,568,False,The Vice Barons
569,Otis Redding,569,False,Otis Redding
570,Little Richard,570,False,Little Richard
571,LaVern Baker,571,False,LaVern Baker
572,Ray Charles,572,False,Ray Charles
573,The Detroit Cobras,573,False,The Detroit Cobras
574,Big Mama Thornton,574,False,Big Mama Thornton
575,Aretha Franklin,575,False,Aretha Franklin
576,Marvin Gaye,576,False,Marvin Gaye
577,Ruth Brown,577,False,Ruth Brown
578,James Brown,578,False,James Brown
579,Big Maybelle,579,False,Big Maybelle
580,Muddy Waters,580,False,Muddy Waters
581,Elmore James,581,False,Elmore James
582,Sonny Boy Williamson,582,False,Sonny Boy Williamson
583,John Lee Hooker,583,False,John Lee Hooker
584,The Isley Brothers,584,False,The Isley Brothers
585,Chuck Berry,585,False,Chuck Berry
586,Professor Longhair,586,False,Professor Longhair
587,Sister Rosetta Tharpe,587,False,Sister Rosetta Tharpe
588,Big Joe Turner,588,False,Big Joe Turner
589,Andre Williams,589,False,Andre Williams
590,Louis Prima,590,False,Louis Prima
591,Charles Aznavour,591,False,Charles Aznavour
592,Ennio Morricone,592,False,Ennio Morricone
593,Renato Carosone,593,False,Renato Carosone
594,The Pretty Things,594,False,The Pretty Things
595,The Titty Twisters Orchestra,595,False,The Titty Twisters Orchestra
596,The Montesas,596,False,The Montesas
597,The Easybeats,597,False,The Easybeats
598,The Gruesomes,598,False,The Gruesomes
599,David Bowie,599,False,David Bowie
600,le bowl,600,False,le bowl
601,Prince,601,False,Prince
602,Iron & Wine,602,False,Iron & Wine
603,Aphex Twin,603,False,Aphex Twin
604,Kings of Convenience,604,False,Kings of Convenience
605,Beastie Boys,605,False,Beastie Boys
606,José González,606,False,José González
607,Jethro Tull,607,False,Jethro Tull
608,Tortoise,608,False,Tortoise
609,Nick Drake,609,False,Nick Drake
610,Miles Davis,610,False,Miles Davis
611,The Sea and Cake,611,False,The Sea and Cake
612,Talking Heads,612,False,Talking Heads
613,John Coltrane,613,False,John Coltrane
614,Pearl Jam,614,False,Pearl Jam
615,Elliott Smith,615,False,Elliott Smith
616,Squarepusher,616,False,Squarepusher
617,The Roots,617,False,The Roots
618,Belle and Sebastian,618,False,Belle and Sebastian
619,A Tribe Called Quest,619,False,A Tribe Called Quest
620,Pulp,620,False,Pulp
621,The Album Leaf,621,False,The Album Leaf
622,Sufjan Stevens,622,False,Sufjan Stevens
623,Clogs,623,False,Clogs
624,Great Lake Swimmers,624,False,Great Lake Swimmers
625,Thelonious Monk,625,False,Thelonious Monk
626,A.A. Bondy,626,False,A.A. Bondy
627,Saint Etienne,627,False,Saint Etienne
628,Andrew York,628,False,Andrew York
629,of Montreal,629,False,of Montreal
630,Neil Young,630,False,Neil Young
631,Einstürzende Neubauten,631,False,Einstürzende Neubauten
632,Explosions in the Sky,632,False,Explosions in the Sky
633,Ornette Coleman,633,False,Ornette Coleman
634,Μιχάλης Χατζηγιάννης,634,False,Μιχάλης Χατζηγιάννης
635,Teen Angels,635,False,Teen Angels
636,Ivi Adamou,636,False,Ivi Adamou
637,Helena Paparizou,637,False,Helena Paparizou
638,Kalomoira,638,False,Kalomoira
639,Milan Stanković,639,False,Milan Stanković
640,Άννα Βισση,640,False,Άννα Βισση
641,Laura Pausini,641,False,Laura Pausini
642,Banghra,642,False,Banghra
643,Nikolas Metaxas,643,False,Nikolas Metaxas
644,Inna,644,False,Inna
645,Stavento,645,False,Stavento
646,RBD,646,False,RBD
647,Eleftheria Eleftheriou,647,False,Eleftheria Eleftheriou
648,Antonis Remos,648,False,Antonis Remos
649,D'Nash,649,False,D'Nash
650,Giorgos Papadopoulos,650,False,Giorgos Papadopoulos
651,Funky G,651,False,Funky G
652,Hadise,652,False,Hadise
653,Watch Tower Bible and Tract Society of PA,653,False,Watch Tower Bible and Tract Society of PA
654,Onirama,654,False,Onirama
655,Jessy Matador,655,False,Jessy Matador
656,Master Tempo,656,False,Master Tempo
657,Paolo Meneguzzi,657,False,Paolo Meneguzzi
658,Floricienta,658,False,Floricienta
659,Erreway,659,False,Erreway
660,Dima Bilan,660,False,Dima Bilan
661,Stromae,661,False,Stromae
662,Tamta,662,False,Tamta
663,Sakis Rouvas,663,False,Sakis Rouvas
664,Karolina,664,False,Karolina
665,Giannis Ploutarxos,665,False,Giannis Ploutarxos
666,Chanée & N'evergreen,666,False,Chanée & N'evergreen
667,Evridiki,667,False,Evridiki
668,Mando,668,False,Mando
669,Eric Saade,669,False,Eric Saade
670,Safura,670,False,Safura
671,Alkistis Protopsalti,671,False,Alkistis Protopsalti
672,Denise Rosenthal,672,False,Denise Rosenthal
673,Christos Dantis,673,False,Christos Dantis
674,Darin,674,False,Darin
675,Despoina Olympiou,675,False,Despoina Olympiou
676,Yohanna,676,False,Yohanna
677,Kostas Martakis,677,False,Kostas Martakis
678,Soulthrow,678,False,Soulthrow
679,Glee Cast,679,False,Glee Cast
680,The Veronicas,680,False,The Veronicas
681,Demi Lovato,681,False,Demi Lovato
682,Lights,682,False,Lights
683,John Mayer,683,False,John Mayer
684,American Idiot Cast,684,False,American Idiot Cast
685,Nick Jonas & The Administration,685,False,Nick Jonas & The Administration
686,Selena Gomez & the Scene,686,False,Selena Gomez & the Scene
687,All Time Low,687,False,All Time Low
688,Honor Society,688,False,Honor Society
689,Florence + the Machine,689,False,Florence + the Machine
690,Marina & the Diamonds,690,False,Marina & the Diamonds
691,Owl City,691,False,Owl City
692,Mitchel Musso,692,False,Mitchel Musso
693,Hey Monday,693,False,Hey Monday
694,Darren Criss,694,False,Darren Criss
695,Push Play,695,False,Push Play
696,The Pierces,696,False,The Pierces
697,Sia,697,False,Sia
698,Duncan Sheik & Steven Sater,698,False,Duncan Sheik & Steven Sater
699,Esmée Denters,699,False,Esmée Denters
700,Boyce Avenue,700,False,Boyce Avenue
701,Shakira,701,False,Shakira
702,Ester Dean,702,False,Ester Dean
703,The xx,703,False,The xx
704,The Pretty Reckless,704,False,The Pretty Reckless
705,Engenheiros do Hawaii,705,False,Engenheiros do Hawaii
706,AC/DC,706,False,AC/DC
707,Metallica,707,False,Metallica
708,Capital Inicial,708,False,Capital Inicial
709,The White Stripes,709,False,The White Stripes
710,Black Label Society,710,False,Black Label Society
711,Mark Knopfler,711,False,Mark Knopfler
712,Dire Straits,712,False,Dire Straits
713,Gotthard,713,False,Gotthard
714,Legião Urbana,714,False,Legião Urbana
715,R.E.M.,715,False,R.E.M.
716,Kaiser Chiefs,716,False,Kaiser Chiefs
717,Electric Light Orchestra,717,False,Electric Light Orchestra
718,Johnny Cash,718,False,Johnny Cash
719,Orishas,719,False,Orishas
720,Social Distortion,720,False,Social Distortion
721,Wim Mertens,721,False,Wim Mertens
722,ATB,722,False,ATB
723,Buena Vista Social Club,723,False,Buena Vista Social Club
724,Ozzy Osbourne,724,False,Ozzy Osbourne
725,Titãs,725,False,Titãs
726,Apocalyptica,726,False,Apocalyptica
727,Era,727,False,Era
728,Eric Clapton,728,False,Eric Clapton
729,Sacred Spirit,729,False,Sacred Spirit
730,Eagles,730,False,Eagles
731,1200 Micrograms,731,False,1200 Micrograms
732,Alice Cooper,732,False,Alice Cooper
733,John Lennon,733,False,John Lennon
734,Bruce Springsteen,734,False,Bruce Springsteen
735,The Rolling Stones,735,False,The Rolling Stones
736,Eliades Ochoa,736,False,Eliades Ochoa
737,Trans-Siberian Orchestra,737,False,Trans-Siberian Orchestra
738,DJ Tiësto,738,False,DJ Tiësto
739,Lulu Santos,739,False,Lulu Santos
743,Nadja,743,False,Nadja
744,Autechre,744,False,Autechre
745,Aidan Baker & thisquietarmy,745,False,Aidan Baker & thisquietarmy
746,Salem,746,False,Salem
747,Carbon Based Lifeforms,747,False,Carbon Based Lifeforms
748,Boards of Canada,748,False,Boards of Canada
749,Casino Versus Japan,749,False,Casino Versus Japan
750,Bill Withers,750,False,Bill Withers
751,Jesu,751,False,Jesu
752,Boris,752,False,Boris
753,Secede,753,False,Secede
754,Maximum the Hormone,754,False,Maximum the Hormone
755,65daysofstatic,755,False,65daysofstatic
756,Arovane,756,False,Arovane
757,Crystal Castles,757,False,Crystal Castles
758,Психея,758,False,Психея
759,#####,759,False,#####
760,LAKE R▲DIO,760,False,LAKE R▲DIO
761,Asian Dub Foundation,761,False,Asian Dub Foundation
762,the Chemodan,762,False,the Chemodan
763,Mono,763,False,Mono
764,16 Horsepower,764,False,16 Horsepower
765,Multiplex,765,False,Multiplex
766,Ben Frost,766,False,Ben Frost
767,Gridlock,767,False,Gridlock
768,Enter Shikari,768,False,Enter Shikari
769,Isis,769,False,Isis
770,HORSE the band,770,False,HORSE the band
771,Lazzich,771,False,Lazzich
772,Proem,772,False,Proem
773,electronicmicroanimal,773,False,electronicmicroanimal
774,Mooncake,774,False,Mooncake
775,Gastón Arévalo,775,False,Gastón Arévalo
776,sokpb avabodha,776,False,sokpb avabodha
777,The Crystal Method,777,False,The Crystal Method
778,Ochre,778,False,Ochre
779,Bring Me The Horizon,779,False,Bring Me The Horizon
780,Gimmik,780,False,Gimmik
781,Fail Emotions,781,False,Fail Emotions
782,Solar Fields,782,False,Solar Fields
783,Digitonal,783,False,Digitonal
784,Jackson and His Computer Band,784,False,Jackson and His Computer Band
785,Fear Factory,785,False,Fear Factory
786,Mandy Moore,786,False,Mandy Moore
787,Paulina Rubio,787,False,Paulina Rubio
788,Fey,788,False,Fey
789,Dannii Minogue,789,False,Dannii Minogue
790,Belinda,790,False,Belinda
791,Marie Serneholt,791,False,Marie Serneholt
792,Thalía,792,False,Thalía
793,Hannah Montana,793,False,Hannah Montana
794,A*Teens,794,False,A*Teens
795,Gloria Trevi,795,False,Gloria Trevi
796,Anna Carina,796,False,Anna Carina
797,Emily Osment,797,False,Emily Osment
798,Geri Halliwell,798,False,Geri Halliwell
799,Junior Caldera feat Sophie Ellis Bextor,799,False,Junior Caldera feat Sophie Ellis Bextor
800,Atomic Kitten,800,False,Atomic Kitten
801,5ive,801,False,5ive
802,Anahí,802,False,Anahí
803,Five,803,False,Five
804,Darkest Hour,804,False,Darkest Hour
805,Parkway Drive,805,False,Parkway Drive
806,Soilwork,806,False,Soilwork
807,Crematory,807,False,Crematory
808,Rise Against,808,False,Rise Against
809,The Black Dahlia Murder,809,False,The Black Dahlia Murder
810,All That Remains,810,False,All That Remains
811,Sonic Syndicate,811,False,Sonic Syndicate
812,Dark Tranquillity,812,False,Dark Tranquillity
813,As I Lay Dying,813,False,As I Lay Dying
814,Caliban,814,False,Caliban
815,Killswitch Engage,815,False,Killswitch Engage
816,A Day to Remember,816,False,A Day to Remember
817,Corpus Christi,817,False,Corpus Christi
818,36 Crazyfists,818,False,36 Crazyfists
819,Avatar,819,False,Avatar
820,At the Gates,820,False,At the Gates
821,Amon Amarth,821,False,Amon Amarth
822,Evading Downfall,822,False,Evading Downfall
823,August Burns Red,823,False,August Burns Red
824,Ensiferum,824,False,Ensiferum
825,Whitechapel,825,False,Whitechapel
826,Divine Heresy,826,False,Divine Heresy
827,Ignite,827,False,Ignite
828,From a Second Story Window,828,False,From a Second Story Window
829,It Prevails,829,False,It Prevails
830,Atreyu,830,False,Atreyu
831,Emmure,831,False,Emmure
832,I Killed the Prom Queen,832,False,I Killed the Prom Queen
833,Suffokate,833,False,Suffokate
834,Five Finger Death Punch,834,False,Five Finger Death Punch
835,Scar Symmetry,835,False,Scar Symmetry
836,Butterfly Coma,836,False,Butterfly Coma
837,Eluveitie,837,False,Eluveitie
838,Debeli Precjednik,838,False,Debeli Precjednik
839,All Shall Perish,839,False,All Shall Perish
840,Millencolin,840,False,Millencolin
841,Slayer,841,False,Slayer
842,Despised Icon,842,False,Despised Icon
843,Pantera,843,False,Pantera
844,Pain Confessor,844,False,Pain Confessor
845,The Dillinger Escape Plan,845,False,The Dillinger Escape Plan
846,Lamb of God,846,False,Lamb of God
847,The Mercury Arc,847,False,The Mercury Arc
848,Ego Fall,848,False,Ego Fall
849,Feed Her To The Sharks,849,False,Feed Her To The Sharks
850,Haste the Day,850,False,Haste the Day
851,Manic Street Preachers,851,False,Manic Street Preachers
852,The Stranglers,852,False,The Stranglers
853,Therapy?,853,False,Therapy?
854,Alice in Chains,854,False,Alice in Chains
855,Jane's Addiction,855,False,Jane's Addiction
856,Soundgarden,856,False,Soundgarden
857,The Clash,857,False,The Clash
858,PJ Harvey,858,False,PJ Harvey
859,Pixies,859,False,Pixies
860,Stone Temple Pilots,860,False,Stone Temple Pilots
861,Killing Joke,861,False,Killing Joke
862,Primal Scream,862,False,Primal Scream
863,The Velvet Underground,863,False,The Velvet Underground
864,Ministry,864,False,Ministry
865,Republika,865,False,Republika
866,Virgin Prunes,866,False,Virgin Prunes
867,Nick Cave and the Bad Seeds,867,False,Nick Cave and the Bad Seeds
868,The Doors,868,False,The Doors
869,Afghan Whigs,869,False,Afghan Whigs
870,Skeletal Family,870,False,Skeletal Family
871,New Model Army,871,False,New Model Army
872,Closterkeller,872,False,Closterkeller
873,Porno for Pyros,873,False,Porno for Pyros
874,Roxy Music,874,False,Roxy Music
875,Bauhaus,875,False,Bauhaus
876,Revolting Cocks,876,False,Revolting Cocks
877,Alphaville,877,False,Alphaville
878,Wolfsheim,878,False,Wolfsheim
879,Can,879,False,Can
880,Nitzer Ebb,880,False,Nitzer Ebb
881,Kyuss,881,False,Kyuss
882,The Jesus Lizard,882,False,The Jesus Lizard
883,Tiamat,883,False,Tiamat
884,Brygada Kryzys,884,False,Brygada Kryzys
885,Tracy Chapman,885,False,Tracy Chapman
886,Dragonette,886,False,Dragonette
887,New Young Pony Club,887,False,New Young Pony Club
888,Siobhan Donaghy,888,False,Siobhan Donaghy
889,Cyndi Lauper,889,False,Cyndi Lauper
890,Kelly Osbourne,890,False,Kelly Osbourne
891,Jewel,891,False,Jewel
892,Dixie Chicks,892,False,Dixie Chicks
893,Kate Miller-Heidke,893,False,Kate Miller-Heidke
894,Sneaky Sound System,894,False,Sneaky Sound System
895,Chew Lips,895,False,Chew Lips
896,Noisettes,896,False,Noisettes
897,Shakespear's Sister,897,False,Shakespear's Sister
898,Tegan and Sara,898,False,Tegan and Sara
899,Missy Higgins,899,False,Missy Higgins
900,Annie Lennox,900,False,Annie Lennox
901,VV Brown,901,False,VV Brown
902,The Cast Of Buffy The Vampire Slayer,902,False,The Cast Of Buffy The Vampire Slayer
903,Amy Winehouse,903,False,Amy Winehouse
904,Rogue Traders,904,False,Rogue Traders
905,Crowded House,905,False,Crowded House
906,Girls Aloud,906,False,Girls Aloud
907,Timbaland,907,False,Timbaland
908,Vanessa Hudgens,908,False,Vanessa Hudgens
909,Delta Goodrem,909,False,Delta Goodrem
910,John Williams,910,False,John Williams
911,Rachel Stevens,911,False,Rachel Stevens
912,Carter Burwell,912,False,Carter Burwell
913,Destiny's Child,913,False,Destiny's Child
914,Medina,914,False,Medina
915,Alexandra Burke,915,False,Alexandra Burke
916,Vanessa S.,916,False,Vanessa S.
917,Iron Maiden,917,False,Iron Maiden
918,Megadeth,918,False,Megadeth
919,Savatage,919,False,Savatage
920,Dream Theater,920,False,Dream Theater
921,Circle II Circle,921,False,Circle II Circle
922,Bruce Dickinson,922,False,Bruce Dickinson
923,Children of Bodom,923,False,Children of Bodom
924,Angra,924,False,Angra
925,Andre Matos,925,False,Andre Matos
926,Shaaman,926,False,Shaaman
927,Hangar,927,False,Hangar
928,Helloween,928,False,Helloween
929,Viper,929,False,Viper
930,Nightwish,930,False,Nightwish
931,Dr. Sin,931,False,Dr. Sin
932,Matanza,932,False,Matanza
933,Wizards,933,False,Wizards
934,Angel Dust,934,False,Angel Dust
935,Bittencourt Project,935,False,Bittencourt Project
936,Kamelot,936,False,Kamelot
937,Stratovarius,937,False,Stratovarius
938,Hibria,938,False,Hibria
939,Mindflow,939,False,Mindflow
940,Rage,940,False,Rage
941,Tribuzy,941,False,Tribuzy
942,Iced Earth,942,False,Iced Earth
943,Nevermore,943,False,Nevermore
944,Symphony X,944,False,Symphony X
945,Journey,945,False,Journey
946,Avantasia,946,False,Avantasia
947,Testament,947,False,Testament
948,Burning in Hell,948,False,Burning in Hell
949,Death,949,False,Death
950,Kiko Loureiro,950,False,Kiko Loureiro
951,Bon Jovi,951,False,Bon Jovi
952,Skid Row,952,False,Skid Row
953,Arch Enemy,953,False,Arch Enemy
954,Kreator,954,False,Kreator
955,Epica,955,False,Epica
956,Yngwie Malmsteen,956,False,Yngwie Malmsteen
957,Blind Guardian,957,False,Blind Guardian
958,Kotipelto,958,False,Kotipelto
959,Queen,959,False,Queen
960,Outworld,960,False,Outworld
961,Tori Amos,961,False,Tori Amos
962,The Cardigans,962,False,The Cardigans
963,Yanni,963,False,Yanni
964,The Mars Volta,964,False,The Mars Volta
965,Bush,965,False,Bush
966,Nickelback,966,False,Nickelback
967,Sixpence None the Richer,967,False,Sixpence None the Richer
968,Armin van Buuren,968,False,Armin van Buuren
969,Kasabian,969,False,Kasabian
970,Infernal,970,False,Infernal
971,Zoé,971,False,Zoé
972,t.A.T.u.,972,False,t.A.T.u.
973,Hevia,973,False,Hevia
974,Amy Studt,974,False,Amy Studt
975,Santana,975,False,Santana
976,Agressiva 69,976,False,Agressiva 69
977,At the Drive-In,977,False,At the Drive-In
978,Disturbed,978,False,Disturbed
979,Smash Mouth,979,False,Smash Mouth
980,Yelle,980,False,Yelle
981,Emilíana Torrini,981,False,Emilíana Torrini
982,Foo Fighters,982,False,Foo Fighters
983,Rodrigo y Gabriela,983,False,Rodrigo y Gabriela
984,Tilly and the Wall,984,False,Tilly and the Wall
985,Blondie,985,False,Blondie
986,Frank Sinatra,986,False,Frank Sinatra
987,"Earth, Wind & Fire",987,False,"Earth, Wind & Fire"
988,Fallulah,988,False,Fallulah
989,The Donnas,989,False,The Donnas
990,Iron Butterfly,990,False,Iron Butterfly
991,Jem,991,False,Jem
992,Chris Rea,992,False,Chris Rea
993,Simple Minds,993,False,Simple Minds
994,Howard Jones,994,False,Howard Jones
995,China Crisis,995,False,China Crisis
996,Mike & The Mechanics,996,False,Mike & The Mechanics
997,The Human League,997,False,The Human League
998,Orchestral Manoeuvres in the Dark,998,False,Orchestral Manoeuvres in the Dark
999,Thompson Twins,999,False,Thompson Twins
1000,Information Society,1000,False,Information Society
1001,Pet Shop Boys,1001,False,Pet Shop Boys
1002,Rick Astley,1002,False,Rick Astley
1003,Johnny Hates Jazz,1003,False,Johnny Hates Jazz
1004,Kim Wilde,1004,False,Kim Wilde
1005,Robert Palmer,1005,False,Robert Palmer
1006,The Fixx,1006,False,The Fixx
1007,Solar Stone,1007,False,Solar Stone
1008,Level 42,1008,False,Level 42
1009,Tiësto,1009,False,Tiësto
1010,19,1010,False,19
1011,Artista desconhecido,1011,False,Artista desconhecido
1012,Kyau vs. Albert,1012,False,Kyau vs. Albert
1013,Ultravox,1013,False,Ultravox
1014,Erasure,1014,False,Erasure
1015,Berlin,1015,False,Berlin
1016,Novaspace,1016,False,Novaspace
1017,The Psychedelic Furs,1017,False,The Psychedelic Furs
1018,Midge Ure,1018,False,Midge Ure
1019,Yazoo,1019,False,Yazoo
1020,OceanLab,1020,False,OceanLab
1021,Groove Coverage,1021,False,Groove Coverage
1022,Dance Nation,1022,False,Dance Nation
1023,Fragma,1023,False,Fragma
1024,Ian Van Dahl,1024,False,Ian Van Dahl
1025,DJ Sammy,1025,False,DJ Sammy
1026,Sylver,1026,False,Sylver
1027,Heaven 17,1027,False,Heaven 17
1028,Anything Box,1028,False,Anything Box
1029,Markus Schulz,1029,False,Markus Schulz
1030,Topmodelz,1030,False,Topmodelz
1031,Exposé,1031,False,Exposé
1032,Jessie J,1032,False,Jessie J
1033,Runner Runner,1033,False,Runner Runner
1034,Kerli,1034,False,Kerli
1035,Breathe Carolina,1035,False,Breathe Carolina
1036,Anarbor,1036,False,Anarbor
1037,Nicki Minaj,1037,False,Nicki Minaj
1038,The Maine,1038,False,The Maine
1039,Teen Hearts,1039,False,Teen Hearts
1040,Forever the Sickest Kids,1040,False,Forever the Sickest Kids
1041,Gloria,1041,False,Gloria
1042,Bruno Mars,1042,False,Bruno Mars
1043,Boys Like Girls,1043,False,Boys Like Girls
1044,Slipknot,1044,False,Slipknot
1045,Fresno,1045,False,Fresno
1046,New Found Glory,1046,False,New Found Glory
1047,McFly,1047,False,McFly
1048,The Kooks,1048,False,The Kooks
1049,Nevada Tan,1049,False,Nevada Tan
1050,Mamma Mia!,1050,False,Mamma Mia!
1051,Alesha Dixon,1051,False,Alesha Dixon
1052,Pink,1052,False,Pink
1053,Edyta Bartosiewicz,1053,False,Edyta Bartosiewicz
1054,Camp Rock,1054,False,Camp Rock
1055,Myslovitz,1055,False,Myslovitz
1056,Jamal,1056,False,Jamal
1057,Ewa Farna,1057,False,Ewa Farna
1058,Łzy,1058,False,Łzy
1059,Alexz Johnson,1059,False,Alexz Johnson
1060,Bonanza Banzai,1060,False,Bonanza Banzai
1061,Recoil,1061,False,Recoil
1062,Ladytron,1062,False,Ladytron
1063,Fake,1063,False,Fake
1064,Hubert Kah,1064,False,Hubert Kah
1065,Sally Shapiro,1065,False,Sally Shapiro
1066,Ayria,1066,False,Ayria
1067,Red Flag,1067,False,Red Flag
1068,Cook Da Books,1068,False,Cook Da Books
1069,The Frozen Autumn,1069,False,The Frozen Autumn
1070,Johan Agebjörn,1070,False,Johan Agebjörn
1071,Alan Silvestri,1071,False,Alan Silvestri
1072,Martin L. Gore,1072,False,Martin L. Gore
1073,Kraftwerk,1073,False,Kraftwerk
1074,Cause & Effect,1074,False,Cause & Effect
1075,IAMX,1075,False,IAMX
1076,Wham!,1076,False,Wham!
1077,Klein & Mbo,1077,False,Klein & Mbo
1078,Alan Wilder,1078,False,Alan Wilder
1079,Billy Idol,1079,False,Billy Idol
1080,Dark Phenomenon,1080,False,Dark Phenomenon
1081,Ace of Base,1081,False,Ace of Base
1082,TIA,1082,False,TIA
1083,Siouxsie and the Banshees,1083,False,Siouxsie and the Banshees
1084,Provision,1084,False,Provision
1085,Curve,1085,False,Curve
1086,Static Movement,1086,False,Static Movement
1087,Alisha,1087,False,Alisha
1088,B.W.H.,1088,False,B.W.H.
1089,Suede,1089,False,Suede
1090,Franz Ferdinand,1090,False,Franz Ferdinand
1091,AFI,1091,False,AFI
1092,Joaquín Sabina,1092,False,Joaquín Sabina
1093,Kaizers Orchestra,1093,False,Kaizers Orchestra
1094,Kent,1094,False,Kent
1095,Damon Albarn,1095,False,Damon Albarn
1096,Bayside,1096,False,Bayside
1097,Patrick Wolf,1097,False,Patrick Wolf
1098,Björk,1098,False,Björk
1099,The Prodigy,1099,False,The Prodigy
1100,Chiodos,1100,False,Chiodos
1101,These New Puritans,1101,False,These New Puritans
1102,William Control,1102,False,William Control
1103,Iggy Pop,1103,False,Iggy Pop
1104,Rammstein,1104,False,Rammstein
1105,Jack's Mannequin,1105,False,Jack's Mannequin
1106,Phoenix,1106,False,Phoenix
1107,"The Good, the Bad & the Queen",1107,False,"The Good, the Bad & the Queen"
1108,Nicky Wire,1108,False,Nicky Wire
1109,Yann Tiersen,1109,False,Yann Tiersen
1110,Rush,1110,False,Rush
1111,Tenhi,1111,False,Tenhi
1112,Frédéric Chopin,1112,False,Frédéric Chopin
1113,Ayreon,1113,False,Ayreon
1114,Tarja,1114,False,Tarja
1115,Balayeurs du désert,1115,False,Balayeurs du désert
1116,Incubus,1116,False,Incubus
1117,Claude Debussy,1117,False,Claude Debussy
1118,A Perfect Circle,1118,False,A Perfect Circle
1119,Faith No More,1119,False,Faith No More
1120,György Ligeti,1120,False,György Ligeti
1121,Wolfgang Amadeus Mozart,1121,False,Wolfgang Amadeus Mozart
1122,The Police,1122,False,The Police
1123,Johann Sebastian Bach,1123,False,Johann Sebastian Bach
1124,Carl Orff,1124,False,Carl Orff
1125,Los Jaivas,1125,False,Los Jaivas
1126,Noir Désir,1126,False,Noir Désir
1127,The Asteroids Galaxy Tour,1127,False,The Asteroids Galaxy Tour
1128,John Petrucci & Jordan Rudess,1128,False,John Petrucci & Jordan Rudess
1129,Villa cariño,1129,False,Villa cariño
1130,Ludwig van Beethoven,1130,False,Ludwig van Beethoven
1131,Tool,1131,False,Tool
1132,Joe Satriani,1132,False,Joe Satriani
1133,The String Quartet,1133,False,The String Quartet
1134,Agalloch,1134,False,Agalloch
1135,Camille,1135,False,Camille
1136,Amadou & Mariam,1136,False,Amadou & Mariam
1137,Kuervos del Sur,1137,False,Kuervos del Sur
1138,Igor Stravinsky,1138,False,Igor Stravinsky
1139,Maurice Ravel,1139,False,Maurice Ravel
1140,Neal Morse,1140,False,Neal Morse
1141,Aina Sandoval,1141,False,Aina Sandoval
1142,Die Antwoord,1142,False,Die Antwoord
1143,Empyrium,1143,False,Empyrium
1144,Josquin des Prez,1144,False,Josquin des Prez
1145,Stone Sour,1145,False,Stone Sour
1146,菅野よう子,1146,False,菅野よう子
1147,Murray Gold,1147,False,Murray Gold
1148,平沢進,1148,False,平沢進
1149,Pete and The Pirates,1149,False,Pete and The Pirates
1150,Leonard Cohen,1150,False,Leonard Cohen
1151,Editors,1151,False,Editors
1152,Fire Bomber,1152,False,Fire Bomber
1153,Đorđe Balašević,1153,False,Đorđe Balašević
1154,The Pillows,1154,False,The Pillows
1155,Hot Chip,1155,False,Hot Chip
1156,Orbital,1156,False,Orbital
1157,坂本真綾,1157,False,坂本真綾
1158,Lewis Black,1158,False,Lewis Black
1159,Architecture in Helsinki,1159,False,Architecture in Helsinki
1160,Roy Orbison,1160,False,Roy Orbison
1161,Pizzicato Five,1161,False,Pizzicato Five
1162,Flight of the Conchords,1162,False,Flight of the Conchords
1163,Los Campesinos!,1163,False,Los Campesinos!
1164,The Magnetic Fields,1164,False,The Magnetic Fields
1165,Luky,1165,False,Luky
1166,Shimon Masato,1166,False,Shimon Masato
1167,Antony and the Johnsons,1167,False,Antony and the Johnsons
1168,Mychael Danna/DeVotchKa,1168,False,Mychael Danna/DeVotchKa
1169,Kayo Dot,1169,False,Kayo Dot
1170,Rishloo,1170,False,Rishloo
1171,The Blood Brothers,1171,False,The Blood Brothers
1172,Jordan Rudess,1172,False,Jordan Rudess
1173,Quidam,1173,False,Quidam
1174,Juniper,1174,False,Juniper
1175,Georg Friedrich Händel,1175,False,Georg Friedrich Händel
1176,The Sound of Animals Fighting,1176,False,The Sound of Animals Fighting
1177,Diablo Swing Orchestra,1177,False,Diablo Swing Orchestra
1178,Lunatic Soul,1178,False,Lunatic Soul
1179,Billy Talent,1179,False,Billy Talent
1180,Escape The Fate,1180,False,Escape The Fate
1181,Silverstein,1181,False,Silverstein
1182,The Red Jumpsuit Apparatus,1182,False,The Red Jumpsuit Apparatus
1183,You Me At Six,1183,False,You Me At Six
1184,The Blackout,1184,False,The Blackout
1185,Alesana,1185,False,Alesana
1186,Sum 41,1186,False,Sum 41
1187,Dance Gavin Dance,1187,False,Dance Gavin Dance
1188,Asking Alexandria,1188,False,Asking Alexandria
1189,Secondhand Serenade,1189,False,Secondhand Serenade
1190,We Are The Ocean,1190,False,We Are The Ocean
1191,Hadouken!,1191,False,Hadouken!
1192,Four Year Strong,1192,False,Four Year Strong
1193,Mayday Parade,1193,False,Mayday Parade
1194,Hawthorne Heights,1194,False,Hawthorne Heights
1195,Alexisonfire,1195,False,Alexisonfire
1196,Suicide Silence,1196,False,Suicide Silence
1197,Senses Fail,1197,False,Senses Fail
1198,We The Kings,1198,False,We The Kings
1199,Destine,1199,False,Destine
1200,Story of the Year,1200,False,Story of the Year
1201,Cute Is What We Aim For,1201,False,Cute Is What We Aim For
1202,Melvins,1202,False,Melvins
1203,Skinny Puppy,1203,False,Skinny Puppy
1204,Agoraphobic Nosebleed,1204,False,Agoraphobic Nosebleed
1205,Death in June,1205,False,Death in June
1206,Misfits,1206,False,Misfits
1207,The Skatalites,1207,False,The Skatalites
1208,Reverend Horton Heat,1208,False,Reverend Horton Heat
1209,The Conet Project,1209,False,The Conet Project
1210,Saul Williams,1210,False,Saul Williams
1211,Lärm,1211,False,Lärm
1212,Manorexia,1212,False,Manorexia
1213,Lush,1213,False,Lush
1214,Nile,1214,False,Nile
1215,Mirrorthrone,1215,False,Mirrorthrone
1216,Mastodon,1216,False,Mastodon
1217,Shadow Project,1217,False,Shadow Project
1218,Chris Vrenna,1218,False,Chris Vrenna
1219,Ravi Shankar,1219,False,Ravi Shankar
1220,Patsy Cline,1220,False,Patsy Cline
1221,Naked City,1221,False,Naked City
1222,Venetian Snares,1222,False,Venetian Snares
1223,Eyehategod,1223,False,Eyehategod
1224,Bob Wills and his Texas Playboys,1224,False,Bob Wills and his Texas Playboys
1225,Dean Martin,1225,False,Dean Martin
1226,Shpongle,1226,False,Shpongle
1227,Dick Dale,1227,False,Dick Dale
1228,La Quiete,1228,False,La Quiete
1229,Sunn O))),1229,False,Sunn O)))
1230,Parliament,1230,False,Parliament
1231,The Dresden Dolls,1231,False,The Dresden Dolls
1232,Jelly Roll Morton,1232,False,Jelly Roll Morton
1233,The Tear Garden,1233,False,The Tear Garden
1234,Sutcliffe Jügend,1234,False,Sutcliffe Jügend
1235,Birth Control,1235,False,Birth Control
1236,Zomby,1236,False,Zomby
1237,CunninLynguists,1237,False,CunninLynguists
1238,Tinariwen,1238,False,Tinariwen
1239,Weezer,1239,False,Weezer
1240,Them Crooked Vultures,1240,False,Them Crooked Vultures
1241,Skank,1241,False,Skank
1242,The Beach Boys,1242,False,The Beach Boys
1243,Mika,1243,False,Mika
1244,Elvis Presley,1244,False,Elvis Presley
1245,Hayley Williams,1245,False,Hayley Williams
1246,Panic! At the Disco,1246,False,Panic! At the Disco
1247,The Calling,1247,False,The Calling
1248,The Darkness,1248,False,The Darkness
1249,Guns N' Roses,1249,False,Guns N' Roses
1250,Alpha Quadrant,1250,False,Alpha Quadrant
1251,Dark Fortress,1251,False,Dark Fortress
1252,Cryo,1252,False,Cryo
1253,Front Line Assembly,1253,False,Front Line Assembly
1254,Mayhem,1254,False,Mayhem
1255,X-Dream,1255,False,X-Dream
1256,Haujobb,1256,False,Haujobb
1257,Overkill,1257,False,Overkill
1258,Bolt Thrower,1258,False,Bolt Thrower
1259,Satyricon,1259,False,Satyricon
1260,Marduk,1260,False,Marduk
1261,Sodom,1261,False,Sodom
1262,Secrets of the Moon,1262,False,Secrets of the Moon
1263,Tristania,1263,False,Tristania
1264,Carcass,1264,False,Carcass
1265,Headscan,1265,False,Headscan
1266,Unanimated,1266,False,Unanimated
1267,Nocte Obducta,1267,False,Nocte Obducta
1268,Love Like Blood,1268,False,Love Like Blood
1269,FREq,1269,False,FREq
1270,Tactical Sekt,1270,False,Tactical Sekt
1271,Novembers Doom,1271,False,Novembers Doom
1272,Electric Universe,1272,False,Electric Universe
1273,Vinterland,1273,False,Vinterland
1274,Sepultura,1274,False,Sepultura
1275,Samael,1275,False,Samael
1276,Immortal,1276,False,Immortal
1277,Velvet Acid Christ,1277,False,Velvet Acid Christ
1278,yelworC,1278,False,yelworC
1279,X-Marks the Pedwalk,1279,False,X-Marks the Pedwalk
1280,Orange Sector,1280,False,Orange Sector
1281,Cannibal Corpse,1281,False,Cannibal Corpse
1282,Forma Tadre,1282,False,Forma Tadre
1283,Blue Planet Corporation,1283,False,Blue Planet Corporation
1284,Necrophobic,1284,False,Necrophobic
1285,Talamasca,1285,False,Talamasca
1286,Devourment,1286,False,Devourment
1287,Unlord,1287,False,Unlord
1288,Atmos,1288,False,Atmos
1289,Helrunar,1289,False,Helrunar
1290,Messiah,1290,False,Messiah
1291,Withershin,1291,False,Withershin
1292,mind.in.a.box,1292,False,mind.in.a.box
1293,Absurd Minds,1293,False,Absurd Minds
1294,Rotersand,1294,False,Rotersand
1295,VNV Nation,1295,False,VNV Nation
1296,Seabound,1296,False,Seabound
1297,Colony 5,1297,False,Colony 5
1298,Apoptygma Berzerk,1298,False,Apoptygma Berzerk
1299,Suicide Commando,1299,False,Suicide Commando
1300,Blutengel,1300,False,Blutengel
1301,Neuroticfish,1301,False,Neuroticfish
1302,Culture Kultür,1302,False,Culture Kultür
1303,Assemblage 23,1303,False,Assemblage 23
1304,Edge of Dawn,1304,False,Edge of Dawn
1305,Cosmic Gate,1305,False,Cosmic Gate
1306,Above & Beyond,1306,False,Above & Beyond
1307,Cesium:137,1307,False,Cesium:137
1308,Ronski Speed,1308,False,Ronski Speed
1309,Stoneface & Terminal,1309,False,Stoneface & Terminal
1310,Noisecontrollers,1310,False,Noisecontrollers
1311,Donkey Rollers,1311,False,Donkey Rollers
1312,Pride and Fall,1312,False,Pride and Fall
1313,E-Craft,1313,False,E-Craft
1314,Solitary Experiments,1314,False,Solitary Experiments
1315,Wynardtage,1315,False,Wynardtage
1316,Blutonium Boy,1316,False,Blutonium Boy
1317,P24,1317,False,P24
1318,Sander van Doorn,1318,False,Sander van Doorn
1319,Brooklyn Bounce,1319,False,Brooklyn Bounce
1320,Code 64,1320,False,Code 64
1321,Lights of Euphoria,1321,False,Lights of Euphoria
1322,Echo Image,1322,False,Echo Image
1323,Sero.Overdose,1323,False,Sero.Overdose
1324,A7ie,1324,False,A7ie
1325,Spektralized,1325,False,Spektralized
1326,Negative Format,1326,False,Negative Format
1327,Noycetm,1327,False,Noycetm
1328,Angels & Agony,1328,False,Angels & Agony
1329,Lost Signal,1329,False,Lost Signal
1330,4 Strings,1330,False,4 Strings
1331,Accessory,1331,False,Accessory
1332,XP8,1332,False,XP8
1333,Les Anges De La Nuit,1333,False,Les Anges De La Nuit
1334,Glis,1334,False,Glis
1335,Bruderschaft,1335,False,Bruderschaft
1336,Syrian,1336,False,Syrian
1337,Nuclear Assault,1337,False,Nuclear Assault
1338,HammerFall,1338,False,HammerFall
1339,Sonata Arctica,1339,False,Sonata Arctica
1340,Iron Fire,1340,False,Iron Fire
1341,Flotsam and Jetsam,1341,False,Flotsam and Jetsam
1342,Gamma Ray,1342,False,Gamma Ray
1343,Queensrÿche,1343,False,Queensrÿche
1344,Annihilator,1344,False,Annihilator
1345,Armored Saint,1345,False,Armored Saint
1346,Grave Digger,1346,False,Grave Digger
1347,Sabaton,1347,False,Sabaton
1348,Alestorm,1348,False,Alestorm
1349,Rhapsody of Fire,1349,False,Rhapsody of Fire
1350,Edguy,1350,False,Edguy
1351,Tenacious D,1351,False,Tenacious D
1352,Death Angel,1352,False,Death Angel
1353,Running Wild,1353,False,Running Wild
1354,Mantic Ritual,1354,False,Mantic Ritual
1355,Jag Panzer,1355,False,Jag Panzer
1356,Heathen,1356,False,Heathen
1357,Sacred Reich,1357,False,Sacred Reich
1358,Judas Priest,1358,False,Judas Priest
1359,Tarot,1359,False,Tarot
1360,Motörhead,1360,False,Motörhead
1361,Bloodbound,1361,False,Bloodbound
1362,Mekong Delta,1362,False,Mekong Delta
1363,Power Quest,1363,False,Power Quest
1364,Exodus,1364,False,Exodus
1365,Vicious Rumors,1365,False,Vicious Rumors
1366,W.A.S.P.,1366,False,W.A.S.P.
1367,Steel Attack,1367,False,Steel Attack
1368,Primal Fear,1368,False,Primal Fear
1369,Black Sabbath,1369,False,Black Sabbath
1370,Early Man,1370,False,Early Man
1371,Wolf,1371,False,Wolf
1372,Deep Purple,1372,False,Deep Purple
1373,Agent Steel,1373,False,Agent Steel
1374,Demons & Wizards,1374,False,Demons & Wizards
1375,Snow Patrol,1375,False,Snow Patrol
1376,White Lies,1376,False,White Lies
1377,The Fray,1377,False,The Fray
1378,Jimmy Eat World,1378,False,Jimmy Eat World
1379,Hurts,1379,False,Hurts
1380,Blue October,1380,False,Blue October
1381,Starsailor,1381,False,Starsailor
1382,David Gray,1382,False,David Gray
1383,Imogen Heap,1383,False,Imogen Heap
1384,The Verve,1384,False,The Verve
1385,Thirteen Senses,1385,False,Thirteen Senses
1386,Matthew Ryan,1386,False,Matthew Ryan
1387,The Little Heroes,1387,False,The Little Heroes
1388,Gary Jules,1388,False,Gary Jules
1389,Eisley,1389,False,Eisley
1390,Vampire Weekend,1390,False,Vampire Weekend
1391,Negativ,1391,False,Negativ
1392,Lady Sovereign,1392,False,Lady Sovereign
1393,Alenka Gotar,1393,False,Alenka Gotar
1394,The Chemical Brothers,1394,False,The Chemical Brothers
1395,Freemasons,1395,False,Freemasons
1396,Digitalism,1396,False,Digitalism
1397,Fatboy Slim,1397,False,Fatboy Slim
1398,Justice,1398,False,Justice
1399,Armand van Helden,1399,False,Armand van Helden
1400,MGMT,1400,False,MGMT
1401,deadmau5,1401,False,deadmau5
1402,Ludacris,1402,False,Ludacris
1403,Martin Solveig,1403,False,Martin Solveig
1404,Lone,1404,False,Lone
1405,Simian Mobile Disco,1405,False,Simian Mobile Disco
1406,The Offspring,1406,False,The Offspring
1407,Michael Gray,1407,False,Michael Gray
1408,MSTRKRFT,1408,False,MSTRKRFT
1409,Calvin Harris,1409,False,Calvin Harris
1410,Pendulum,1410,False,Pendulum
1411,King Crimson,1411,False,King Crimson
1412,Led Zeppelin,1412,False,Led Zeppelin
1413,Genesis,1413,False,Genesis
1414,Paul McCartney,1414,False,Paul McCartney
1415,Creedence Clearwater Revival,1415,False,Creedence Clearwater Revival
1416,George Harrison,1416,False,George Harrison
1417,Týr,1417,False,Týr
1418,Mogwai,1418,False,Mogwai
1419,Spirit,1419,False,Spirit
1420,Terry Reid,1420,False,Terry Reid
1421,Roberto Carlos,1421,False,Roberto Carlos
1422,Grateful Dead,1422,False,Grateful Dead
1423,A Silver Mt. Zion,1423,False,A Silver Mt. Zion
1424,Cat Power,1424,False,Cat Power
1425,David Gilmour,1425,False,David Gilmour
1426,The Jimi Hendrix Experience,1426,False,The Jimi Hendrix Experience
1427,Stevie Wonder,1427,False,Stevie Wonder
1428,Dulce María,1428,False,Dulce María
1429,Christian Chávez,1429,False,Christian Chávez
1430,Christopher Von Uckermann,1430,False,Christopher Von Uckermann
1431,Paty Cantú,1431,False,Paty Cantú
1432,Tiziano Ferro,1432,False,Tiziano Ferro
1433,Daddy Yankee,1433,False,Daddy Yankee
1434,Kazaky,1434,False,Kazaky
1435,La Nueva Banda Timbiriche,1435,False,La Nueva Banda Timbiriche
1436,Luis Fonsi,1436,False,Luis Fonsi
1437,Chino & Nacho,1437,False,Chino & Nacho
1438,Camila,1438,False,Camila
1439,Alexis & Fido,1439,False,Alexis & Fido
1440,David Bisbal,1440,False,David Bisbal
1441,Eva Simons,1441,False,Eva Simons
1442,Gaby sanchez,1442,False,Gaby sanchez
1443,Wisin & Yandel,1443,False,Wisin & Yandel
1444,Akon,1444,False,Akon
1445,Artists For Haiti,1445,False,Artists For Haiti
1446,Fanny Lú,1446,False,Fanny Lú
1447,Lady Antebellum,1447,False,Lady Antebellum
1448,Ivy Queen,1448,False,Ivy Queen
1449,Pitbull,1449,False,Pitbull
1450,Kristinia DeBarge,1450,False,Kristinia DeBarge
1451,Girlicious,1451,False,Girlicious
1452,Willow Smith,1452,False,Willow Smith
1453,Selena Gomez,1453,False,Selena Gomez
1454,Jullie,1454,False,Jullie
1455,B.o.B,1455,False,B.o.B
1456,Far East Movement,1456,False,Far East Movement
1457,Cherish,1457,False,Cherish
1458,Miranda Cosgrove,1458,False,Miranda Cosgrove
1459,Carrie Underwood,1459,False,Carrie Underwood
1460,Rednex,1460,False,Rednex
1461,Big Time Rush,1461,False,Big Time Rush
1462,Gloriana,1462,False,Gloriana
1463,Amy Macdonald,1463,False,Amy Macdonald
1464,ABBA,1464,False,ABBA
1465,Agnetha Fältskog,1465,False,Agnetha Fältskog
1466,Jared Padalecki,1466,False,Jared Padalecki
1467,Jensen Ackles,1467,False,Jensen Ackles
1468,Kansas,1468,False,Kansas
1469,The Mamas & The Papas,1469,False,The Mamas & The Papas
1470,Lifehouse,1470,False,Lifehouse
1471,Mamma Mia! Brasil,1471,False,Mamma Mia! Brasil
1472,Madonna feat. Gogol Bordello,1472,False,Madonna feat. Gogol Bordello
1473,swedem,1473,False,swedem
1474,Mamma Mia! Film Cast,1474,False,Mamma Mia! Film Cast
1475,Ricky Martin,1475,False,Ricky Martin
1476,Based On Abba,1476,False,Based On Abba
1477,Per Gessle; Roxette,1477,False,Per Gessle; Roxette
1478,B.J. Thomas,1478,False,B.J. Thomas
1479,Kim Carnes,1479,False,Kim Carnes
1480,Anni-Frid Lyngstad,1480,False,Anni-Frid Lyngstad
1481,Matt & Kim,1481,False,Matt & Kim
1482,Pataclaun,1482,False,Pataclaun
1483,Riko,1483,False,Riko
1484,cnet.com,1484,False,cnet.com
1485,Miike Snow,1485,False,Miike Snow
1486,Santigold,1486,False,Santigold
1487,Eileen,1487,False,Eileen
1488,Time Machine,1488,False,Time Machine
1489,Reba McEntire,1489,False,Reba McEntire
1490,Rockstar Games ©,1490,False,Rockstar Games ©
1491,Antonio Vivaldi,1491,False,Antonio Vivaldi
1492,The Virgins,1492,False,The Virgins
1493,Chespirito,1493,False,Chespirito
1494,Rocío Dúrcal,1494,False,Rocío Dúrcal
1495,2009 Names in Vain,1495,False,2009 Names in Vain
1496,Amsterdam Guitar Trio,1496,False,Amsterdam Guitar Trio
1497,Just Jack,1497,False,Just Jack
1498,Los Fantasmas del Caribe,1498,False,Los Fantasmas del Caribe
1499,Frankie Ruiz,1499,False,Frankie Ruiz
1500,Tito El Bambino,1500,False,Tito El Bambino
1501,Caifanes,1501,False,Caifanes
1502,Rooney,1502,False,Rooney
1503,Nadia Oh,1503,False,Nadia Oh
1504,Sonic Youth,1504,False,Sonic Youth
1505,Natalie Imbruglia,1505,False,Natalie Imbruglia
1506,Valeria,1506,False,Valeria
1507,Omarion,1507,False,Omarion
1508,Starlight Mints,1508,False,Starlight Mints
1509,Noel Gallagher,1509,False,Noel Gallagher
1510,Black Rebel Motorcycle Club,1510,False,Black Rebel Motorcycle Club
1511,Paolo Nutini,1511,False,Paolo Nutini
1512,The Last Shadow Puppets,1512,False,The Last Shadow Puppets
1513,Ramones,1513,False,Ramones
1514,The Courteeners,1514,False,The Courteeners
1515,The Fratellis,1515,False,The Fratellis
1516,The Enemy,1516,False,The Enemy
1517,The Wombats,1517,False,The Wombats
1518,Mumford & Sons,1518,False,Mumford & Sons
1519,Ryan Adams,1519,False,Ryan Adams
1520,The Hives,1520,False,The Hives
1521,Morbid Angel,1521,False,Morbid Angel
1522,Destruction,1522,False,Destruction
1523,Tankard,1523,False,Tankard
1524,Hirax,1524,False,Hirax
1525,Artillery,1525,False,Artillery
1526,Toxic Holocaust,1526,False,Toxic Holocaust
1527,Anthrax,1527,False,Anthrax
1528,Municipal Waste,1528,False,Municipal Waste
1529,Forbidden,1529,False,Forbidden
1530,Vio-Lence,1530,False,Vio-Lence
1531,Venom,1531,False,Venom
1532,Lich King,1532,False,Lich King
1533,Napalm Death,1533,False,Napalm Death
1534,The Sisters of Mercy,1534,False,The Sisters of Mercy
1535,Mercyful Fate,1535,False,Mercyful Fate
1536,Exumer,1536,False,Exumer
1537,EMICIDA,1537,False,EMICIDA
1538,Mortal Treason,1538,False,Mortal Treason
1539,Chainsaw Disaster,1539,False,Chainsaw Disaster
1540,Bleeding Through,1540,False,Bleeding Through
1541,The Devil Wears Prada,1541,False,The Devil Wears Prada
1542,Knights Of The Abyss,1542,False,Knights Of The Abyss
1543,Immortal Technique,1543,False,Immortal Technique
1544,J. Holiday,1544,False,J. Holiday
1545,Raimundos,1545,False,Raimundos
1546,boysetsfire,1546,False,boysetsfire
1547,Hatebreed,1547,False,Hatebreed
1548,wecamewithbrokenteeth,1548,False,wecamewithbrokenteeth
1549,Waking The Cadaver,1549,False,Waking The Cadaver
1550,Impending Doom,1550,False,Impending Doom
1551,As Blood Runs Black,1551,False,As Blood Runs Black
1552,For Today,1552,False,For Today
1553,CéU,1553,False,CéU
1554,ABACABB,1554,False,ABACABB
1555,Job for a Cowboy,1555,False,Job for a Cowboy
1556,Joss Stone,1556,False,Joss Stone
1557,Carnifex,1557,False,Carnifex
1558,Provérbio X,1558,False,Provérbio X
1559,The Irish Front,1559,False,The Irish Front
1560,Facção Central,1560,False,Facção Central
1561,Beneath the Massacre,1561,False,Beneath the Massacre
1562,akissforjersey,1562,False,akissforjersey
1563,Annotations of an Autopsy,1563,False,Annotations of an Autopsy
1564,E.Town Concrete,1564,False,E.Town Concrete
1565,Brain Drill,1565,False,Brain Drill
1566,Misericordiam,1566,False,Misericordiam
1567,Rose Funeral,1567,False,Rose Funeral
1568,See You Next Tuesday,1568,False,See You Next Tuesday
1569,Straight Line Stitch,1569,False,Straight Line Stitch
1570,Belay My Last,1570,False,Belay My Last
1571,Винтаж,1571,False,Винтаж
1572,Serebro,1572,False,Serebro
1573,Вера Брежнева,1573,False,Вера Брежнева
1574,Жанна Фриске,1574,False,Жанна Фриске
1575,Дантес&Олейник,1575,False,Дантес&Олейник
1576,Dan Balan,1576,False,Dan Balan
1577,Нюша,1577,False,Нюша
1578,Анна Седокова,1578,False,Анна Седокова
1579,Банд'Эрос,1579,False,Банд'Эрос
1580,Paris Hilton,1580,False,Paris Hilton
1581,Татьяна Котова,1581,False,Татьяна Котова
1582,Таня,1582,False,Таня
1583,Баста,1583,False,Баста
1584,Love Spit Love,1584,False,Love Spit Love
1585,Panik,1585,False,Panik
1586,Инь-Ян,1586,False,Инь-Ян
1587,Roma Kenga и Агния Дитковските,1587,False,Roma Kenga и Агния Дитковските
1588,Tom Dice,1588,False,Tom Dice
1589,S Club 7,1589,False,S Club 7
1590,Skye Sweetnam,1590,False,Skye Sweetnam
1591,Holly Valance,1591,False,Holly Valance
1592,Mis-Teeq,1592,False,Mis-Teeq
1593,Samantha Mumba,1593,False,Samantha Mumba
1594,"Gina Rene, Gabriel Rene, Lindsay Lohan, Rachel McAdams, Lacey Chabert, & Amanda Seyfried",1594,False,"Gina Rene, Gabriel Rene, Lindsay Lohan, Rachel McAdams, Lacey Chabert, & Amanda Seyfried"
1595,Eve,1595,False,Eve
1596,Christina Milian,1596,False,Christina Milian
1597,The Cheetah Girls,1597,False,The Cheetah Girls
1598,Allstars,1598,False,Allstars
1599,Gareth Gates,1599,False,Gareth Gates
1600,Madison Avenue,1600,False,Madison Avenue
1601,Anastacia,1601,False,Anastacia
1602,Shayne Ward,1602,False,Shayne Ward
1603,Billie Piper,1603,False,Billie Piper
1604,Jamelia,1604,False,Jamelia
1605,Black Milk,1605,False,Black Milk
1606,People Under the Stairs,1606,False,People Under the Stairs
1607,Constrobuz,1607,False,Constrobuz
1608,UGK,1608,False,UGK
1609,Lykke Li,1609,False,Lykke Li
1610,Jurassic 5,1610,False,Jurassic 5
1611,Zion I,1611,False,Zion I
1612,G-Side,1612,False,G-Side
1613,Jay-Z,1613,False,Jay-Z
1614,Atmosphere,1614,False,Atmosphere
1615,Killer Mike,1615,False,Killer Mike
1616,Elzhi,1616,False,Elzhi
1617,Nappy Roots,1617,False,Nappy Roots
1618,Hieroglyphics,1618,False,Hieroglyphics
1619,Blackalicious,1619,False,Blackalicious
1620,OutKast,1620,False,OutKast
1621,Masta Ace,1621,False,Masta Ace
1622,De La Soul,1622,False,De La Soul
1623,Jeru the Damaja,1623,False,Jeru the Damaja
1624,The Jacka,1624,False,The Jacka
1625,Monsta Island Czars,1625,False,Monsta Island Czars
1626,Living Legends,1626,False,Living Legends
1627,J Dilla,1627,False,J Dilla
1628,Das EFX,1628,False,Das EFX
1629,Organized Konfusion,1629,False,Organized Konfusion
1630,Jake One,1630,False,Jake One
1631,Deltron 3030,1631,False,Deltron 3030
1632,Metric,1632,False,Metric
1633,Fleet Foxes,1633,False,Fleet Foxes
1634,Souls of Mischief,1634,False,Souls of Mischief
1635,The D.O.C.,1635,False,The D.O.C.
1636,Jedi Mind Tricks,1636,False,Jedi Mind Tricks
1637,The Grouch & Eligh,1637,False,The Grouch & Eligh
1638,Pac Div,1638,False,Pac Div
1639,Jimi Hendrix,1639,False,Jimi Hendrix
1640,GZA/Genius,1640,False,GZA/Genius
1641,The Game,1641,False,The Game
1642,Aliados 13,1642,False,Aliados 13
1643,Dave Matthews Band,1643,False,Dave Matthews Band
1644,Brothers of Brazil,1644,False,Brothers of Brazil
1645,Rancid,1645,False,Rancid
1646,Outono em Marte,1646,False,Outono em Marte
1647,Drapz,1647,False,Drapz
1648,The Baseballs,1648,False,The Baseballs
1649,Os Dissonantes,1649,False,Os Dissonantes
1650,Anti-Flag,1650,False,Anti-Flag
1651,Cascadura,1651,False,Cascadura
1652,The Wallflowers,1652,False,The Wallflowers
1653,Supla,1653,False,Supla
1654,Tequila Baby,1654,False,Tequila Baby
1655,Candlebox,1655,False,Candlebox
1656,Motel,1656,False,Motel
1657,Mecanika!,1657,False,Mecanika!
1658,Supercombo,1658,False,Supercombo
1659,Cine,1659,False,Cine
1660,Blind Melon,1660,False,Blind Melon
1661,Borderlinerz,1661,False,Borderlinerz
1662,Nenhum de Nós,1662,False,Nenhum de Nós
1663,Those Dancing Days,1663,False,Those Dancing Days
1664,Poléxia,1664,False,Poléxia
1665,Sanalejo,1665,False,Sanalejo
1666,Udora,1666,False,Udora
1667,Mike Ness,1667,False,Mike Ness
1668,Matt White,1668,False,Matt White
1669,Faichecleres,1669,False,Faichecleres
1670,Black Veil Brides,1670,False,Black Veil Brides
1671,Falling In Reverse,1671,False,Falling In Reverse
1672,Avenged Sevenfold,1672,False,Avenged Sevenfold
1673,Tokio Hotel,1673,False,Tokio Hotel
1674,The Medic Droid,1674,False,The Medic Droid
1675,Get Scared,1675,False,Get Scared
1676,from aphony,1676,False,from aphony
1677,Criss Angel,1677,False,Criss Angel
1678,BrokeNCYDE,1678,False,BrokeNCYDE
1679,Stephen Jerzak,1679,False,Stephen Jerzak
1680,The Ready Set,1680,False,The Ready Set
1681,Charlie Brown Jr.,1681,False,Charlie Brown Jr.
1682,Bratz,1682,False,Bratz
1683,Jennette McCurdy,1683,False,Jennette McCurdy
1684,Aly & AJ,1684,False,Aly & AJ
1685,Everlife,1685,False,Everlife
1686,Weird Al Yankovic,1686,False,Weird Al Yankovic
1687,Liz Phair,1687,False,Liz Phair
1688,iamamiwhoami,1688,False,iamamiwhoami
1689,Bowling for Soup,1689,False,Bowling for Soup
1690,Victoria Justice,1690,False,Victoria Justice
1691,Orianthi,1691,False,Orianthi
1692,Keke Palmer,1692,False,Keke Palmer
1693,Christy Carlson Romano,1693,False,Christy Carlson Romano
1694,Dolly Parton,1694,False,Dolly Parton
1695,Susan Egan/Vaneese Thomas/Cheryl Freeman/LaChanze/Lillias White,1695,False,Susan Egan/Vaneese Thomas/Cheryl Freeman/LaChanze/Lillias White
1696,Billy Ray Cyrus,1696,False,Billy Ray Cyrus
1697,Lady GaGa vs. Madonna,1697,False,Lady GaGa vs. Madonna
1698,Sterling Knight,1698,False,Sterling Knight
1699,Future Pop Stars United,1699,False,Future Pop Stars United
1700,Clint Mansell,1700,False,Clint Mansell
1701,Puscifer,1701,False,Puscifer
1702,Eicca Toppinen,1702,False,Eicca Toppinen
1703,The Cult,1703,False,The Cult
1704,Unheilig,1704,False,Unheilig
1705,Hans Zimmer,1705,False,Hans Zimmer
1706,Black Light Burns,1706,False,Black Light Burns
1707,Dead Can Dance,1707,False,Dead Can Dance
1708,Philip Glass,1708,False,Philip Glass
1709,Brian Eno,1709,False,Brian Eno
1710,Therion,1710,False,Therion
1711,Eisbrecher,1711,False,Eisbrecher
1712,Megaherz,1712,False,Megaherz
1713,Dave Gahan,1713,False,Dave Gahan
1714,Oomph!,1714,False,Oomph!
1715,Lisa Gerrard,1715,False,Lisa Gerrard
1716,Cliff Martinez,1716,False,Cliff Martinez
1717,Peter Broderick,1717,False,Peter Broderick
1718,Ani DiFranco,1718,False,Ani DiFranco
1719,Uzi & Ari,1719,False,Uzi & Ari
1720,Hauschka,1720,False,Hauschka
1721,Jens Lekman,1721,False,Jens Lekman
1722,Olafur Arnalds,1722,False,Olafur Arnalds
1723,Anathallo,1723,False,Anathallo
1724,Flica,1724,False,Flica
1725,Jon Foreman,1725,False,Jon Foreman
1726,Elio e le Storie Tese,1726,False,Elio e le Storie Tese
1727,Jóhann Jóhannsson,1727,False,Jóhann Jóhannsson
1728,Piano Magic,1728,False,Piano Magic
1729,Craig Armstrong,1729,False,Craig Armstrong
1730,Teitur,1730,False,Teitur
1731,Hammock,1731,False,Hammock
1732,Joanna Newsom,1732,False,Joanna Newsom
1733,A Weather,1733,False,A Weather
1734,Damien Jurado,1734,False,Damien Jurado
1735,Seabear,1735,False,Seabear
1736,Balmorhea,1736,False,Balmorhea
1737,Do Make Say Think,1737,False,Do Make Say Think
1738,Soulwax,1738,False,Soulwax
1739,Frozen Silence,1739,False,Frozen Silence
1740,Soundtrack,1740,False,Soundtrack
1741,Bobo Rondelli,1741,False,Bobo Rondelli
1742,Ryuichi Sakamoto,1742,False,Ryuichi Sakamoto
1743,Ludovico Einaudi,1743,False,Ludovico Einaudi
1744,Goldmund,1744,False,Goldmund
1745,Apparat,1745,False,Apparat
1746,Psapp,1746,False,Psapp
1747,Ólafur Arnalds,1747,False,Ólafur Arnalds
1748,Nancy Elizabeth,1748,False,Nancy Elizabeth
1749,Does It Offend You Yeah?,1749,False,Does It Offend You Yeah?
1750,Tom Barman,1750,False,Tom Barman
1751,Mi and L'au,1751,False,Mi and L'au
1752,Ellen Allien,1752,False,Ellen Allien
1753,Whitetree,1753,False,Whitetree
1754,Clare & the Reasons,1754,False,Clare & the Reasons
1755,Chico Buarque,1755,False,Chico Buarque
1756,Ney Matogrosso,1756,False,Ney Matogrosso
1757,Secos & Molhados,1757,False,Secos & Molhados
1758,Chicas,1758,False,Chicas
1759,Oswaldo Montenegro,1759,False,Oswaldo Montenegro
1760,Renato Russo,1760,False,Renato Russo
1761,Marcelo Camelo,1761,False,Marcelo Camelo
1762,Zbigniew Preisner,1762,False,Zbigniew Preisner
1763,Maria Rita,1763,False,Maria Rita
1764,Caetano Veloso,1764,False,Caetano Veloso
1765,Kevin Johansen,1765,False,Kevin Johansen
1766,Little Joy,1766,False,Little Joy
1767,Carla Bruni,1767,False,Carla Bruni
1768,Pato Fu,1768,False,Pato Fu
1769,Felpeyu,1769,False,Felpeyu
1770,Erik Satie,1770,False,Erik Satie
1771,Rita Lee,1771,False,Rita Lee
1772,Norah Jones,1772,False,Norah Jones
1773,Yoñlu,1773,False,Yoñlu
1774,David Nevue,1774,False,David Nevue
1775,Cássia Eller,1775,False,Cássia Eller
1776,Tiê,1776,False,Tiê
1777,Adam Green,1777,False,Adam Green
1778,Eddie Vedder,1778,False,Eddie Vedder
1779,Cartola,1779,False,Cartola
1780,Libera,1780,False,Libera
1781,Emilie Simon,1781,False,Emilie Simon
1782,Jonathan Larson,1782,False,Jonathan Larson
1783,Esbjörn Svensson Trio,1783,False,Esbjörn Svensson Trio
1784,Бумбокс,1784,False,Бумбокс
1785,А-Студио,1785,False,А-Студио
1786,Сплин,1786,False,Сплин
1787,UNKLE,1787,False,UNKLE
1788,Агата Кристи,1788,False,Агата Кристи
1789,5'nizza,1789,False,5'nizza
1790,Archive,1790,False,Archive
1791,Океан Ельзи,1791,False,Океан Ельзи
1792,SunSay,1792,False,SunSay
1793,Schiller,1793,False,Schiller
1794,Inspiral Carpets,1794,False,Inspiral Carpets
1795,Sting,1795,False,Sting
1796,Nautilus Pompilius,1796,False,Nautilus Pompilius
1797,Guano Apes,1797,False,Guano Apes
1798,Umaturman,1798,False,Umaturman
1799,Indochine,1799,False,Indochine
1800,Amethystium,1800,False,Amethystium
1801,Nightmares on Wax,1801,False,Nightmares on Wax
1802,The Shadows,1802,False,The Shadows
1803,Mötley Crüe,1803,False,Mötley Crüe
1804,T. Rex,1804,False,T. Rex
1805,Suzi Quatro,1805,False,Suzi Quatro
1806,Syd Barrett,1806,False,Syd Barrett
1807,The Runaways,1807,False,The Runaways
1808,Ratt,1808,False,Ratt
1809,Stryper,1809,False,Stryper
1810,Def Leppard,1810,False,Def Leppard
1811,Patti Smith,1811,False,Patti Smith
1812,Jerry Cantrell,1812,False,Jerry Cantrell
1813,The Black Crowes,1813,False,The Black Crowes
1814,Sex Pistols,1814,False,Sex Pistols
1815,Extremoduro,1815,False,Extremoduro
1816,Héroes del Silencio,1816,False,Héroes del Silencio
1817,L7,1817,False,L7
1818,Jazzanova,1818,False,Jazzanova
1819,Love Unlimited Orchestra,1819,False,Love Unlimited Orchestra
1820,Donna Summer,1820,False,Donna Summer
1821,Luther Vandross,1821,False,Luther Vandross
1822,4hero,1822,False,4hero
1823,MFSB,1823,False,MFSB
1824,Zero 7,1824,False,Zero 7
1825,The Jacksons,1825,False,The Jacksons
1826,Isaac Hayes,1826,False,Isaac Hayes
1827,808 State,1827,False,808 State
1828,Chaka Khan,1828,False,Chaka Khan
1829,Quincy Jones,1829,False,Quincy Jones
1830,Loose Ends,1830,False,Loose Ends
1831,David Sanborn,1831,False,David Sanborn
1832,Chic,1832,False,Chic
1833,Nina Simone,1833,False,Nina Simone
1834,Diana Ross,1834,False,Diana Ross
1835,The Cinematic Orchestra,1835,False,The Cinematic Orchestra
1836,Art of Noise,1836,False,Art of Noise
1837,Scott Walker,1837,False,Scott Walker
1838,Stanton Warriors,1838,False,Stanton Warriors
1839,Little Brother,1839,False,Little Brother
1840,Trüby Trio,1840,False,Trüby Trio
1841,Musiq,1841,False,Musiq
1842,Blue Six,1842,False,Blue Six
1843,Teddy Pendergrass,1843,False,Teddy Pendergrass
1844,Grace Jones,1844,False,Grace Jones
1845,Roy Ayers,1845,False,Roy Ayers
1846,Rick James,1846,False,Rick James
1847,Minnie Riperton,1847,False,Minnie Riperton
1848,Sarah Vaughan,1848,False,Sarah Vaughan
1849,Shawn Lee's Ping Pong Orchestra,1849,False,Shawn Lee's Ping Pong Orchestra
1850,Teena Marie,1850,False,Teena Marie
1851,Richard Wagner,1851,False,Richard Wagner
1852,Red,1852,False,Red
1853,blessthefall,1853,False,blessthefall
1854,Breaking Benjamin,1854,False,Breaking Benjamin
1855,Pillar,1855,False,Pillar
1856,Makeshift Romeo,1856,False,Makeshift Romeo
1857,YUI,1857,False,YUI
1858,Thrice,1858,False,Thrice
1859,Thousand Foot Krutch,1859,False,Thousand Foot Krutch
1860,Jay-Z and Linkin Park,1860,False,Jay-Z and Linkin Park
1861,Heaven Shall Burn,1861,False,Heaven Shall Burn
1862,SMS,1862,False,SMS
1863,Hollywood Undead,1863,False,Hollywood Undead
1864,Black Lab,1864,False,Black Lab
1865,abingdon boys school,1865,False,abingdon boys school
1866,Yellowcard,1866,False,Yellowcard
1867,Disciple,1867,False,Disciple
1868,A Skylit Drive,1868,False,A Skylit Drive
1869,D2,1869,False,D2
1870,Dope,1870,False,Dope
1871,Shane Dawson,1871,False,Shane Dawson
1872,Flow,1872,False,Flow
1873,Audioslave,1873,False,Audioslave
1874,Hoobastank,1874,False,Hoobastank
1875,The Frames,1875,False,The Frames
1876,Оригами,1876,False,Оригами
1877,access,1877,False,access
1878,Devo,1878,False,Devo
1879,Split Enz,1879,False,Split Enz
1880,Fashion,1880,False,Fashion
1881,XTC,1881,False,XTC
1882,Pseudo Echo,1882,False,Pseudo Echo
1883,The Cars,1883,False,The Cars
1884,Midnight Oil,1884,False,Midnight Oil
1885,Dead or Alive,1885,False,Dead or Alive
1886,Gary Numan,1886,False,Gary Numan
1887,Shriekback,1887,False,Shriekback
1888,Wire,1888,False,Wire
1889,Oingo Boingo,1889,False,Oingo Boingo
1890,Sparks,1890,False,Sparks
1891,Thomas Dolby,1891,False,Thomas Dolby
1892,Eurythmics,1892,False,Eurythmics
1893,Yellow Magic Orchestra,1893,False,Yellow Magic Orchestra
1894,Models,1894,False,Models
1895,Visage,1895,False,Visage
1896,Magazine,1896,False,Magazine
1897,John Foxx,1897,False,John Foxx
1898,Landscape,1898,False,Landscape
1899,Scritti Politti,1899,False,Scritti Politti
1900,Yello,1900,False,Yello
1901,They Might Be Giants,1901,False,They Might Be Giants
1902,New Musik,1902,False,New Musik
1904,SHINee,1904,False,SHINee
1905,Shinedown,1905,False,Shinedown
1906,東方神起,1906,False,東方神起
1907,Mehdi,1907,False,Mehdi
1908,増田俊郎,1908,False,増田俊郎
1909,和田薫,1909,False,和田薫
1910,the GazettE,1910,False,the GazettE
1912,See-Saw,1912,False,See-Saw
1913,Ария,1913,False,Ария
1914,The 69 Eyes,1914,False,The 69 Eyes
1915,AYABIE,1915,False,AYABIE
1917,Charon,1917,False,Charon
1918,동방신기,1918,False,동방신기
1919,HIGH and MIGHTY COLOR,1919,False,HIGH and MIGHTY COLOR
1920,平野義久,1920,False,平野義久
1921,audiomachine,1921,False,audiomachine
1922,Rie fu,1922,False,Rie fu
1923,ギルガメッシュ,1923,False,ギルガメッシュ
1925,Fool's Garden,1925,False,Fool's Garden
1927,Lovex,1927,False,Lovex
1929,ASIAN KUNG-FU GENERATION,1929,False,ASIAN KUNG-FU GENERATION
1930,SUGIZO,1930,False,SUGIZO
1931,Poisonblack,1931,False,Poisonblack
1932,Acid Black Cherry,1932,False,Acid Black Cherry
1933,ムック,1933,False,ムック
1934,Adele,1934,False,Adele
1935,Solange,1935,False,Solange
1936,Jennifer Hudson,1936,False,Jennifer Hudson
1937,Michelle Williams,1937,False,Michelle Williams
1938,Stand Up to Cancer,1938,False,Stand Up to Cancer
1939,Ana Carolina; Seu Jorge,1939,False,Ana Carolina; Seu Jorge
1940,Teyana Taylor,1940,False,Teyana Taylor
1941,Gnarls Barkley,1941,False,Gnarls Barkley
1942,Guru Josh Project,1942,False,Guru Josh Project
1943,Flying Lotus,1943,False,Flying Lotus
1944,The Mountain Goats,1944,False,The Mountain Goats
1945,Daedelus,1945,False,Daedelus
1946,Madlib,1946,False,Madlib
1947,Neutral Milk Hotel,1947,False,Neutral Milk Hotel
1948,Quasimoto,1948,False,Quasimoto
1949,Okkervil River,1949,False,Okkervil River
1950,Madvillain,1950,False,Madvillain
1951,Pomegranates,1951,False,Pomegranates
1952,Raekwon,1952,False,Raekwon
1953,Onra,1953,False,Onra
1954,Yeasayer,1954,False,Yeasayer
1955,BLK JKS,1955,False,BLK JKS
1956,Mount Kimbie,1956,False,Mount Kimbie
1957,Pavement,1957,False,Pavement
1958,The Flaming Lips,1958,False,The Flaming Lips
1959,Blu & Exile,1959,False,Blu & Exile
1960,Lightspeed Champion,1960,False,Lightspeed Champion
1961,Actress,1961,False,Actress
1962,King Geedorah,1962,False,King Geedorah
1963,MF DOOM,1963,False,MF DOOM
1964,Deerhunter,1964,False,Deerhunter
1965,Four Tet,1965,False,Four Tet
1966,Someone Still Loves You Boris Yeltsin,1966,False,Someone Still Loves You Boris Yeltsin
1967,Guilty Simpson,1967,False,Guilty Simpson
1968,Baaba Maal & Mansour Seck,1968,False,Baaba Maal & Mansour Seck
1969,Prefuse 73,1969,False,Prefuse 73
1970,The Avalanches,1970,False,The Avalanches
1971,Laura Marling,1971,False,Laura Marling
1972,K'naan,1972,False,K'naan
1973,Aloe Blacc,1973,False,Aloe Blacc
1974,Rage Against the Machine,1974,False,Rage Against the Machine
1975,O.S.T.R.,1975,False,O.S.T.R.
1976,The Black Keys,1976,False,The Black Keys
1977,The Raconteurs,1977,False,The Raconteurs
1978,Cool Kids of Death,1978,False,Cool Kids of Death
1979,Cypress Hill,1979,False,Cypress Hill
1980,Czesław Śpiewa,1980,False,Czesław Śpiewa
1981,Kult,1981,False,Kult
1982,Muchy,1982,False,Muchy
1983,The Knife,1983,False,The Knife
1984,Pidżama Porno,1984,False,Pidżama Porno
1985,Chris Cornell,1985,False,Chris Cornell
1986,Metronomy,1986,False,Metronomy
1987,Dick4Dick,1987,False,Dick4Dick
1988,The Subways,1988,False,The Subways
1989,Paktofonika,1989,False,Paktofonika
1990,Fever Ray,1990,False,Fever Ray
1991,The Von Bondies,1991,False,The Von Bondies
1992,King Diamond,1992,False,King Diamond
1993,Falconer,1993,False,Falconer
1994,Devin Townsend,1994,False,Devin Townsend
1995,Vanden Plas,1995,False,Vanden Plas
1996,Allen/Lande,1996,False,Allen/Lande
1997,Dragonland,1997,False,Dragonland
1998,Liquid Tension Experiment,1998,False,Liquid Tension Experiment
1999,Stemage,1999,False,Stemage
2000,いきものがかり,2000,False,いきものがかり
2001,Al Di Meola,2001,False,Al Di Meola
2002,John Petrucci,2002,False,John Petrucci
2003,Spock's Beard,2003,False,Spock's Beard
2004,Jorn,2004,False,Jorn
2005,Shadow Gallery,2005,False,Shadow Gallery
2006,Pain of Salvation,2006,False,Pain of Salvation
2007,Random,2007,False,Random
2008,Don Ross,2008,False,Don Ross
2009,DragonForce,2009,False,DragonForce
2010,Russell Allen,2010,False,Russell Allen
2011,Rampkorv,2011,False,Rampkorv
2012,key,2012,False,key
2013,Blue Öyster Cult,2013,False,Blue Öyster Cult
2014,Lacuna Coil,2014,False,Lacuna Coil
2015,Axenstar,2015,False,Axenstar
2016,Transatlantic,2016,False,Transatlantic
2017,Eureka Seven,2017,False,Eureka Seven
2018,September,2018,False,September
2019,Stacie Orrico,2019,False,Stacie Orrico
2020,Leighton Meester,2020,False,Leighton Meester
2021,Victoria Beckham,2021,False,Victoria Beckham
2022,Melanie C,2022,False,Melanie C
2023,Gloria Estefan,2023,False,Gloria Estefan
2024,Emma Bunton,2024,False,Emma Bunton
2025,Simon Curtis,2025,False,Simon Curtis
2026,The Residents,2026,False,The Residents
2027,Frankie Goes to Hollywood,2027,False,Frankie Goes to Hollywood
2028,Пикник,2028,False,Пикник
2029,Madness,2029,False,Madness
2030,Coil,2030,False,Coil
2031,Bee Gees,2031,False,Bee Gees
2032,Die Apokalyptischen Reiter,2032,False,Die Apokalyptischen Reiter
2033,Ska-P,2033,False,Ska-P
2034,Los Fastidios,2034,False,Los Fastidios
2035,Steve Jablonsky,2035,False,Steve Jablonsky
2036,The Business,2036,False,The Business
2037,Tuxedomoon,2037,False,Tuxedomoon
2038,In Extremo,2038,False,In Extremo
2039,Deutsch Amerikanische Freundschaft,2039,False,Deutsch Amerikanische Freundschaft
2040,Luciano Pavarotti,2040,False,Luciano Pavarotti
2041,[:SITD:],2041,False,[:SITD:]
2042,SPK,2042,False,SPK
2043,Cabaret Voltaire,2043,False,Cabaret Voltaire
2044,Sarah Brightman,2044,False,Sarah Brightman
2045,Immediate Music,2045,False,Immediate Music
2046,Alessandro Safina,2046,False,Alessandro Safina
2047,Andrea Bocelli,2047,False,Andrea Bocelli
2048,Riccardo Cocciante,2048,False,Riccardo Cocciante
2049,Sarah Brightman & Andrea Bocelli,2049,False,Sarah Brightman & Andrea Bocelli
2050,Il Divo,2050,False,Il Divo
2051,Josh Groban,2051,False,Josh Groban
2052,Susan Boyle,2052,False,Susan Boyle
2053,Cristian Castro,2053,False,Cristian Castro
2054,Emma Shapplin,2054,False,Emma Shapplin
2055,Andrew Lloyd Webber,2055,False,Andrew Lloyd Webber
2056,Adela Popescu,2056,False,Adela Popescu
2057,Midnight Hour,2057,False,Midnight Hour
2058,marger,2058,False,marger
2059,Vanessa-Mae,2059,False,Vanessa-Mae
2060,Cirque du Soleil,2060,False,Cirque du Soleil
2061,Petra Berger,2061,False,Petra Berger
2062,In This Moment,2062,False,In This Moment
2063,Anastasia Lazariuc,2063,False,Anastasia Lazariuc
2064,Ana Gabriel,2064,False,Ana Gabriel
2065,Marco Antonio Solís,2065,False,Marco Antonio Solís
2066,Rhydian,2066,False,Rhydian
2067,Lara Fabian,2067,False,Lara Fabian
2068,Yiruma,2068,False,Yiruma
2069,Stream of Passion,2069,False,Stream of Passion
2070,Vasco Rossi,2070,False,Vasco Rossi
2071,Michael Giacchino,2071,False,Michael Giacchino
2072,Keedie,2072,False,Keedie
2073,Giorgia Fumanti,2073,False,Giorgia Fumanti
2074,David Bustamante,2074,False,David Bustamante
2075,Gregorian,2075,False,Gregorian
2076,Katherine Jenkins,2076,False,Katherine Jenkins
2077,Vega 4,2077,False,Vega 4
2078,Daniela Castro,2078,False,Daniela Castro
2079,Sissel,2079,False,Sissel
2080,NX Zero,2080,False,NX Zero
2081,Dev,2081,False,Dev
2082,Marjorie Estiano,2082,False,Marjorie Estiano
2083,M.I.A.,2083,False,M.I.A.
2084,DJ Earworm,2084,False,DJ Earworm
2085,The Cataracs,2085,False,The Cataracs
2086,Perfume,2086,False,Perfume
2087,Aural Vampire,2087,False,Aural Vampire
2088,Alan,2088,False,Alan
2089,티아라,2089,False,티아라
2090,UNLIMITS,2090,False,UNLIMITS
2091,4minute,2091,False,4minute
2092,소녀시대,2092,False,소녀시대
2093,Versailles,2093,False,Versailles
2094,BoA,2094,False,BoA
2095,Aira Mitsuki,2095,False,Aira Mitsuki
2096,exist†trace,2096,False,exist†trace
2097,Brown Eyed Girls,2097,False,Brown Eyed Girls
2098,Kara,2098,False,Kara
2099,윤하,2099,False,윤하
2100,D'espairsRay,2100,False,D'espairsRay
2101,Capsule,2101,False,Capsule
2102,倖田來未,2102,False,倖田來未
2103,-OZ-,2103,False,-OZ-
2104,ルルティア,2104,False,ルルティア
2105,Aqua Timez,2105,False,Aqua Timez
2106,U-KISS,2106,False,U-KISS
2107,태양,2107,False,태양
2108,OreSkaBand,2108,False,OreSkaBand
2109,Asriel,2109,False,Asriel
2110,Kaya,2110,False,Kaya
2111,鬼束ちひろ,2111,False,鬼束ちひろ
2112,妖精帝國,2112,False,妖精帝國
2113,heidi.,2113,False,heidi.
2114,아웃사이더,2114,False,아웃사이더
2115,Saori@destiny,2115,False,Saori@destiny
2116,Kalafina,2116,False,Kalafina
2117,시크릿,2117,False,시크릿
2118,immi,2118,False,immi
2119,ＭＡＮＮＥＱＵＩＮ,2119,False,ＭＡＮＮＥＱＵＩＮ
2120,IU,2120,False,IU
2121,OK Go,2121,False,OK Go
2122,Miles Kane,2122,False,Miles Kane
2123,Alex Turner,2123,False,Alex Turner
2124,Benjamin Biolay,2124,False,Benjamin Biolay
2125,Darwin Deez,2125,False,Darwin Deez
2126,Annoying Orange,2126,False,Annoying Orange
2127,The Turtles,2127,False,The Turtles
2128,The Rascals,2128,False,The Rascals
2129,Royal Republic,2129,False,Royal Republic
2130,Brandon Flowers,2130,False,Brandon Flowers
2131,Dirty Pretty Things,2131,False,Dirty Pretty Things
2132,Dizzee Rascal,2132,False,Dizzee Rascal
2133,Milburn,2133,False,Milburn
2134,Julian Casablancas,2134,False,Julian Casablancas
2135,Chiddy Bang,2135,False,Chiddy Bang
2136,Serge Gainsbourg,2136,False,Serge Gainsbourg
2137,Two Door Cinema Club,2137,False,Two Door Cinema Club
2138,Memorial Beach,2138,False,Memorial Beach
2139,Beach House,2139,False,Beach House
2140,The Bottletop Band,2140,False,The Bottletop Band
2141,Bill Elm and Woody Jackson,2141,False,Bill Elm and Woody Jackson
2142,Sahara Hotnights,2142,False,Sahara Hotnights
2143,DevilDriver,2143,False,DevilDriver
2144,Георг Корг,2144,False,Георг Корг
2145,B. Fleischmann,2145,False,B. Fleischmann
2146,AFX,2146,False,AFX
2147,Total,2147,False,Total
2148,2H Company,2148,False,2H Company
2149,Booka Shade,2149,False,Booka Shade
2150,Fightstar,2150,False,Fightstar
2151,Meshuggah,2151,False,Meshuggah
2152,Electric Birds,2152,False,Electric Birds
2153,Current Value,2153,False,Current Value
2154,Jane Air,2154,False,Jane Air
2155,Psychostick,2155,False,Psychostick
2156,Самое Большое Простое Число,2156,False,Самое Большое Простое Число
2157,Christian Kleine,2157,False,Christian Kleine
2158,Mujuice,2158,False,Mujuice
2159,Дальний Свет,2159,False,Дальний Свет
2160,Maroon,2160,False,Maroon
2161,Wisp,2161,False,Wisp
2162,Alarm Will Sound,2162,False,Alarm Will Sound
2163,E-SEX-T,2163,False,E-SEX-T
2164,Ovuca,2164,False,Ovuca
2165,Enduser,2165,False,Enduser
2166,Architect,2166,False,Architect
2167,Fink,2167,False,Fink
2168,American Head Charge,2168,False,American Head Charge
2169,Dagoba,2169,False,Dagoba
2170,Neurocoders,2170,False,Neurocoders
2171,Integral,2171,False,Integral
2172,Gojira,2172,False,Gojira
2173,Limewax,2173,False,Limewax
2174,edIT,2174,False,edIT
2175,Etta James,2175,False,Etta James
2176,Michael Bublé,2176,False,Michael Bublé
2177,Katie Stevens,2177,False,Katie Stevens
2178,Michael Jackson & Britney Spears,2178,False,Michael Jackson & Britney Spears
2179,50 Cent,2179,False,50 Cent
2180,"Marc Seales, composer. New Stories. Ernie Watts, saxophone.",2180,False,"Marc Seales, composer. New Stories. Ernie Watts, saxophone."
2181,Aaryn Doyle,2181,False,Aaryn Doyle
2182,Lisa Marie Presley,2182,False,Lisa Marie Presley
2183,Heart,2183,False,Heart
2184,Maysa,2184,False,Maysa
2185,ВFI,2185,False,ВFI
2186,Blind Witness,2186,False,Blind Witness
2187,Stick to Your Guns,2187,False,Stick to Your Guns
2188,Bury Tomorrow,2188,False,Bury Tomorrow
2189,Buried in Verona,2189,False,Buried in Verona
2190,War of Ages,2190,False,War of Ages
2191,More Than A Thousand,2191,False,More Than A Thousand
2192,Miss May I,2192,False,Miss May I
2193,Каста,2193,False,Каста
2194,The Hysteria,2194,False,The Hysteria
2195,Sarah Where Is My Tea,2195,False,Sarah Where Is My Tea
2196,Gallows,2196,False,Gallows
2197,Stan Marsh,2197,False,Stan Marsh
2198,The Eyes Of A Traitor,2198,False,The Eyes Of A Traitor
2199,50 kreon 50,2199,False,50 kreon 50
2200,We Butter The Bread With Butter,2200,False,We Butter The Bread With Butter
2201,Soulcount,2201,False,Soulcount
2202,Dead Silence Hides My Cries,2202,False,Dead Silence Hides My Cries
2203,Abandon All Ships,2203,False,Abandon All Ships
2204,Of Mice & Men,2204,False,Of Mice & Men
2205,Main-de-Gloire,2205,False,Main-de-Gloire
2206,Chevelle,2206,False,Chevelle
2207,The Mess,2207,False,The Mess
2208,Compelled to Comply,2208,False,Compelled to Comply
2209,It Dies Today,2209,False,It Dies Today
2210,Attack Attack!,2210,False,Attack Attack!
2211,Austrian Death Machine,2211,False,Austrian Death Machine
2212,Disdained Grace,2212,False,Disdained Grace
2213,Woe Is Me,2213,False,Woe Is Me
2214,The Word Alive,2214,False,The Word Alive
2215,Deception Of A Ghost,2215,False,Deception Of A Ghost
2216,Fall to the Queen,2216,False,Fall to the Queen
2217,Aelpéacha,2217,False,Aelpéacha
2218,Mr. Criminal,2218,False,Mr. Criminal
2219,B.G. Knocc Out & Dresta,2219,False,B.G. Knocc Out & Dresta
2220,Aaliyah,2220,False,Aaliyah
2221,Lil 1/2 Dead,2221,False,Lil 1/2 Dead
2222,Bone Thugs-N-Harmony,2222,False,Bone Thugs-N-Harmony
2223,Too $hort,2223,False,Too $hort
2224,Alkpote,2224,False,Alkpote
2225,Seth Gueko,2225,False,Seth Gueko
2226,Snoop Dogg,2226,False,Snoop Dogg
2227,Eazy-E,2227,False,Eazy-E
2228,Csrd,2228,False,Csrd
2229,DJ Quik,2229,False,DJ Quik
2230,Roi Heenok,2230,False,Roi Heenok
2231,Spice 1,2231,False,Spice 1
2232,Mr. Capone-E,2232,False,Mr. Capone-E
2233,Booba,2233,False,Booba
2234,Southcide 13,2234,False,Southcide 13
2235,Kokane,2235,False,Kokane
2236,Ice Cube,2236,False,Ice Cube
2237,Busta Flex,2237,False,Busta Flex
2238,Above the Law,2238,False,Above the Law
2239,Ant Banks,2239,False,Ant Banks
2240,Unité 2 Feu,2240,False,Unité 2 Feu
2241,Nate Dogg,2241,False,Nate Dogg
2242,Wiz Khalifa,2242,False,Wiz Khalifa
2243,Swift Guad,2243,False,Swift Guad
2244,Alborosie,2244,False,Alborosie
2245,Yella,2245,False,Yella
2246,Orelsan,2246,False,Orelsan
2247,Dr. Dre,2247,False,Dr. Dre
2248,Domino,2248,False,Domino
2249,Compton's Most Wanted,2249,False,Compton's Most Wanted
2250,Lunatic,2250,False,Lunatic
2251,N.W.A,2251,False,N.W.A
2252,Mobb Deep,2252,False,Mobb Deep
2253,Warren G,2253,False,Warren G
2254,Brotha Lynch Hung,2254,False,Brotha Lynch Hung
2255,MC Eiht,2255,False,MC Eiht
2256,Mr. X,2256,False,Mr. X
2257,Lil Cuete,2257,False,Lil Cuete
2258,2nd II None,2258,False,2nd II None
2259,MSJ,2259,False,MSJ
2260,K-Dee,2260,False,K-Dee
2261,Les Sales Blancs,2261,False,Les Sales Blancs
2262,Foesum,2262,False,Foesum
2263,Big Moves,2263,False,Big Moves
2264,Land of Talk,2264,False,Land of Talk
2265,Simon & Garfunkel,2265,False,Simon & Garfunkel
2266,Kind of Like Spitting,2266,False,Kind of Like Spitting
2267,Maps & Atlases,2267,False,Maps & Atlases
2268,Dirty Projectors,2268,False,Dirty Projectors
2269,Page France,2269,False,Page France
2270,The Octopus Project,2270,False,The Octopus Project
2271,Death from Above 1979,2271,False,Death from Above 1979
2272,Alban Berg Quartet,2272,False,Alban Berg Quartet
2273,Tera Melos,2273,False,Tera Melos
2274,Werner Haas/Orchestre National de L'Opéra de Monte-Carlo/Alceo Galliera,2274,False,Werner Haas/Orchestre National de L'Opéra de Monte-Carlo/Alceo Galliera
2275,Werner Haas,2275,False,Werner Haas
2276,Pedro the Lion,2276,False,Pedro the Lion
2277,Feist,2277,False,Feist
2278,Lake,2278,False,Lake
2279,The Microphones,2279,False,The Microphones
2280,The Apples in Stereo,2280,False,The Apples in Stereo
2281,Deerhoof,2281,False,Deerhoof
2282,Born Ruffians,2282,False,Born Ruffians
2283,Things People Say,2283,False,Things People Say
2284,Broken Social Scene Presents: Brendan Canning,2284,False,Broken Social Scene Presents: Brendan Canning
2285,The American Analog Set,2285,False,The American Analog Set
2286,Big Weird Dutch People,2286,False,Big Weird Dutch People
2287,Dirty Projectors + Björk,2287,False,Dirty Projectors + Björk
2288,Django Reinhardt,2288,False,Django Reinhardt
2289,Stereolab,2289,False,Stereolab
2290,Sky Larkin,2290,False,Sky Larkin
2291,No Kids,2291,False,No Kids
2292,Bill Evans,2292,False,Bill Evans
2293,Jean-Yves Thibaudet,2293,False,Jean-Yves Thibaudet
2294,Braid,2294,False,Braid
2295,Reverie Sound Revue,2295,False,Reverie Sound Revue
2296,Joe Pass,2296,False,Joe Pass
2297,Apostle of Hustle,2297,False,Apostle of Hustle
2298,Sezen Aksu,2298,False,Sezen Aksu
2299,Zeki Müren,2299,False,Zeki Müren
2300,Ezginin Günlüğü,2300,False,Ezginin Günlüğü
2301,Ajda Pekkan,2301,False,Ajda Pekkan
2302,Nazan Öncel,2302,False,Nazan Öncel
2303,Haris Alexiou,2303,False,Haris Alexiou
2304,Yeni Türkü,2304,False,Yeni Türkü
2305,İlhan İrem,2305,False,İlhan İrem
2306,Mikis Theodorakis,2306,False,Mikis Theodorakis
2307,Zülfü Livaneli,2307,False,Zülfü Livaneli
2308,Barış Manço,2308,False,Barış Manço
2309,Hande Yener,2309,False,Hande Yener
2310,Yıldız Tilbe,2310,False,Yıldız Tilbe
2311,Kostas Pavlidis,2311,False,Kostas Pavlidis
2312,Ahmet Kaya,2312,False,Ahmet Kaya
2313,Amália Rodrigues,2313,False,Amália Rodrigues
2314,Cem Karaca,2314,False,Cem Karaca
2315,Mazhar Fuat Özkan,2315,False,Mazhar Fuat Özkan
2316,Mor ve Ötesi,2316,False,Mor ve Ötesi
2317,Sertab Erener,2317,False,Sertab Erener
2318,Nükhet Duru,2318,False,Nükhet Duru
2319,Nilüfer,2319,False,Nilüfer
2320,Candan Erçetin,2320,False,Candan Erçetin
2321,Müzeyyen Senar,2321,False,Müzeyyen Senar
2322,Zerrin Özer,2322,False,Zerrin Özer
2323,Baba Zula,2323,False,Baba Zula
2324,Umay Umay,2324,False,Umay Umay
2325,Mehmet Güreli,2325,False,Mehmet Güreli
2326,Loyko,2326,False,Loyko
2327,Funda Arar,2327,False,Funda Arar
2328,Hümeyra,2328,False,Hümeyra
2329,Selda Bağcan,2329,False,Selda Bağcan
2330,Goran Bregović,2330,False,Goran Bregović
2331,Yasmin Levy,2331,False,Yasmin Levy
2332,Zuhal Olcay,2332,False,Zuhal Olcay
2333,Emel Sayın,2333,False,Emel Sayın
2334,Levent Yüksel,2334,False,Levent Yüksel
2335,Françoise Atlan,2335,False,Françoise Atlan
2336,Erkin Koray,2336,False,Erkin Koray
2337,Düş Sokağı Sakinleri,2337,False,Düş Sokağı Sakinleri
2338,Şebnem Ferah,2338,False,Şebnem Ferah
2339,Teoman,2339,False,Teoman
2340,Marissa Nadler,2340,False,Marissa Nadler
2341,Twisted Sister,2341,False,Twisted Sister
2342,Dio,2342,False,Dio
2343,KISS,2343,False,KISS
2344,Massacration,2344,False,Massacration
2345,Dee Snider,2345,False,Dee Snider
2346,Aerosmith,2346,False,Aerosmith
2347,Van Halen,2347,False,Van Halen
2348,Desperado,2348,False,Desperado
2349,Hollywood Rose,2349,False,Hollywood Rose
2350,Buckcherry,2350,False,Buckcherry
2351,Joan Jett,2351,False,Joan Jett
2352,Creed,2352,False,Creed
2353,Highway,2353,False,Highway
2354,Pariisin Kevät,2354,False,Pariisin Kevät
2355,Von Hertzen Brothers,2355,False,Von Hertzen Brothers
2356,Michael Monroe,2356,False,Michael Monroe
2357,The Wildhearts,2357,False,The Wildhearts
2358,Uniklubi,2358,False,Uniklubi
2359,CMX,2359,False,CMX
2360,Airbourne,2360,False,Airbourne
2361,D-A-D,2361,False,D-A-D
2362,Monster Magnet,2362,False,Monster Magnet
2363,Hardcore Superstar,2363,False,Hardcore Superstar
2364,The Hellacopters,2364,False,The Hellacopters
2365,Audrey Horne,2365,False,Audrey Horne
2366,Karnivool,2366,False,Karnivool
2367,Tuvalu,2367,False,Tuvalu
2368,Animal Alpha,2368,False,Animal Alpha
2369,Type O Negative,2369,False,Type O Negative
2370,Amorphis,2370,False,Amorphis
2371,Day Eleven,2371,False,Day Eleven
2372,Backyard Babies,2372,False,Backyard Babies
2373,Danko Jones,2373,False,Danko Jones
2374,Ghost Brigade,2374,False,Ghost Brigade
2375,Primus,2375,False,Primus
2376,Jenni Vartiainen,2376,False,Jenni Vartiainen
2377,Sara,2377,False,Sara
2378,Neaera,2378,False,Neaera
2379,Trivium,2379,False,Trivium
2380,Godsmack,2380,False,Godsmack
2381,Dethklok,2381,False,Dethklok
2382,The Crimson Armada,2382,False,The Crimson Armada
2383,Amatory,2383,False,Amatory
2384,Unearth,2384,False,Unearth
2385,Flaw,2385,False,Flaw
2386,Bleed From Within,2386,False,Bleed From Within
2387,Winds of Plague,2387,False,Winds of Plague
2388,Before The Torn,2388,False,Before The Torn
2389,Sea of Treachery,2389,False,Sea of Treachery
2390,Mónica Naranjo,2390,False,Mónica Naranjo
2391,Alejandra Guzmán,2391,False,Alejandra Guzmán
2392,Jessie James,2392,False,Jessie James
2393,LeToya,2393,False,LeToya
2394,Celia Cruz,2394,False,Celia Cruz
2395,Chayanne,2395,False,Chayanne
2396,Yuri,2396,False,Yuri
2397,Patricia Rivera,2397,False,Patricia Rivera
2398,Final Fantasy,2398,False,Final Fantasy
2399,The Lovely Feathers,2399,False,The Lovely Feathers
2400,dd/mm/yyyy,2400,False,dd/mm/yyyy
2401,The Olivia Tremor Control,2401,False,The Olivia Tremor Control
2402,Xiu Xiu,2402,False,Xiu Xiu
2403,Chore,2403,False,Chore
2404,k-os,2404,False,k-os
2405,TV on the Radio,2405,False,TV on the Radio
2406,They Shoot Horses Don't They,2406,False,They Shoot Horses Don't They
2407,Stars,2407,False,Stars
2408,Destroyer,2408,False,Destroyer
2409,Jeff Mangum,2409,False,Jeff Mangum
2410,The Waking Eyes,2410,False,The Waking Eyes
2411,The Ghost is Dancing,2411,False,The Ghost is Dancing
2412,The Music Tapes,2412,False,The Music Tapes
2413,Patrick & Eugene,2413,False,Patrick & Eugene
2414,Hugh Fraser,2414,False,Hugh Fraser
2415,Built to Spill,2415,False,Built to Spill
2416,The Fiery Furnaces,2416,False,The Fiery Furnaces
2417,Dan Deacon,2417,False,Dan Deacon
2418,Mitch Hedberg,2418,False,Mitch Hedberg
2419,Billie Holiday,2419,False,Billie Holiday
2420,Elf Power,2420,False,Elf Power
2421,Billie Holiday & Teddy Wilson & His Orchestra,2421,False,Billie Holiday & Teddy Wilson & His Orchestra
2422,Islands,2422,False,Islands
2423,Owls & Crows,2423,False,Owls & Crows
2424,The New Pornographers,2424,False,The New Pornographers
2425,Copeland,2425,False,Copeland
2426,I See Stars,2426,False,I See Stars
2427,Teddy Geiger,2427,False,Teddy Geiger
2428,Kyo,2428,False,Kyo
2429,Architects,2429,False,Architects
2430,From First to Last,2430,False,From First to Last
2431,Luxuria,2431,False,Luxuria
2432,Porcelain and the Tramps,2432,False,Porcelain and the Tramps
2433,Coeur de Pirate,2433,False,Coeur de Pirate
2434,A Cursive Memory,2434,False,A Cursive Memory
2435,Aloha From Hell,2435,False,Aloha From Hell
2436,Keith Urban,2436,False,Keith Urban
2437,Martina McBride,2437,False,Martina McBride
2438,Montana Skies,2438,False,Montana Skies
2439,Rascal Flatts,2439,False,Rascal Flatts
2440,Juanes,2440,False,Juanes
2441,Celtic Woman,2441,False,Celtic Woman
2442,Garth Brooks,2442,False,Garth Brooks
2443,Little Big Town,2443,False,Little Big Town
2444,Billy Joel,2444,False,Billy Joel
2445,Trace Adkins,2445,False,Trace Adkins
2446,Howard Shore,2446,False,Howard Shore
2447,Phil Vassar,2447,False,Phil Vassar
2448,Jo Dee Messina,2448,False,Jo Dee Messina
2449,Brooks & Dunn,2449,False,Brooks & Dunn
2450,Trisha Yearwood,2450,False,Trisha Yearwood
2451,Josh Turner,2451,False,Josh Turner
2452,Laura Sullivan,2452,False,Laura Sullivan
2453,Tim McGraw,2453,False,Tim McGraw
2454,Faith Hill,2454,False,Faith Hill
2455,Toby Keith,2455,False,Toby Keith
2456,Dierks Bentley,2456,False,Dierks Bentley
2457,Lonestar,2457,False,Lonestar
2458,Nat King Cole,2458,False,Nat King Cole
2459,Glenn Miller,2459,False,Glenn Miller
2460,João Gilberto,2460,False,João Gilberto
2461,Benedetti & Svoboda,2461,False,Benedetti & Svoboda
2462,Reik,2462,False,Reik
2463,Boston,2463,False,Boston
2464,Selena Cross,2464,False,Selena Cross
2465,Alison Krauss,2465,False,Alison Krauss
2466,Vince Gill,2466,False,Vince Gill
2467,George Strait,2467,False,George Strait
2468,Alan Jackson,2468,False,Alan Jackson
2469,Peter Gabriel,2469,False,Peter Gabriel
2470,Throbbing Gristle,2470,False,Throbbing Gristle
2471,Current 93,2471,False,Current 93
2472,Foetus,2472,False,Foetus
2473,Fantômas,2473,False,Fantômas
2474,Insane Clown Posse,2474,False,Insane Clown Posse
2475,Captain Beefheart & His Magic Band,2475,False,Captain Beefheart & His Magic Band
2476,Renaldo and The Loaf,2476,False,Renaldo and The Loaf
2477,The Legendary Pink Dots,2477,False,The Legendary Pink Dots
2478,Danny Elfman,2478,False,Danny Elfman
2479,Twiztid,2479,False,Twiztid
2480,Suicide,2480,False,Suicide
2481,The Birthday Party,2481,False,The Birthday Party
2482,Whitehouse,2482,False,Whitehouse
2483,King Missile,2483,False,King Missile
2484,Peeping Tom,2484,False,Peeping Tom
2485,Anybody Killa,2485,False,Anybody Killa
2486,Psychic TV,2486,False,Psychic TV
2487,Happy Mondays,2487,False,Happy Mondays
2488,Public Image Ltd.,2488,False,Public Image Ltd.
2489,Kaada,2489,False,Kaada
2490,The Specials,2490,False,The Specials
2491,Mike Patton,2491,False,Mike Patton
2492,FM Einheit,2492,False,FM Einheit
2493,Mr. Bungle,2493,False,Mr. Bungle
2494,Monte Cazazza,2494,False,Monte Cazazza
2495,Half Japanese,2495,False,Half Japanese
2496,Kid606,2496,False,Kid606
2497,IOSYS,2497,False,IOSYS
2498,Basshunter,2498,False,Basshunter
2499,Wiklund,2499,False,Wiklund
2500,Scooter,2500,False,Scooter
2501,REDALiCE,2501,False,REDALiCE
2502,Nightcore,2502,False,Nightcore
2503,dj TAKA,2503,False,dj TAKA
2504,YMCK,2504,False,YMCK
2505,Bloody Vomit Bukkake,2505,False,Bloody Vomit Bukkake
2506,Morandi,2506,False,Morandi
2507,初音ミク,2507,False,初音ミク
2508,Rocco,2508,False,Rocco
2509,Eric Prydz,2509,False,Eric Prydz
2510,반야,2510,False,반야
2511,Lucky Twice,2511,False,Lucky Twice
2512,KOTOKO,2512,False,KOTOKO
2513,Millenium,2513,False,Millenium
2514,Shaun Baker,2514,False,Shaun Baker
2515,Agnieszka Chylińska,2515,False,Agnieszka Chylińska
2516,I Cavalieri del re,2516,False,I Cavalieri del re
2517,Sonic Alive feat. Kate Lesing,2517,False,Sonic Alive feat. Kate Lesing
2518,Natalia Lesz,2518,False,Natalia Lesz
2521,Robyn,2521,False,Robyn
2522,Shaggy,2522,False,Shaggy
2523,Spice Girls,2523,False,Spice Girls
2524,Mando Diao,2524,False,Mando Diao
2525,Kid Rock,2525,False,Kid Rock
2526,Sunrise Avenue,2526,False,Sunrise Avenue
2530,Delorean,2530,False,Delorean
2531,Morrissey,2531,False,Morrissey
2532,Super Furry Animals,2532,False,Super Furry Animals
2533,The Drums,2533,False,The Drums
2534,Wild Nothing,2534,False,Wild Nothing
2535,LCD Soundsystem,2535,False,LCD Soundsystem
2536,Los Planetas,2536,False,Los Planetas
2537,Graham Coxon,2537,False,Graham Coxon
2538,The Pains of Being Pure at Heart,2538,False,The Pains of Being Pure at Heart
2539,Beady Eye,2539,False,Beady Eye
2540,Los Punsetes,2540,False,Los Punsetes
2541,Best Coast,2541,False,Best Coast
2542,My Bloody Valentine,2542,False,My Bloody Valentine
2543,Lolene,2543,False,Lolene
2544,KT Tunstall,2544,False,KT Tunstall
2545,Paula Fernandes,2545,False,Paula Fernandes
2546,Vanessa Carlton,2546,False,Vanessa Carlton
2547,Hairspray (Soundtrack to the Motion Picture),2547,False,Hairspray (Soundtrack to the Motion Picture)
2548,Wanessa,2548,False,Wanessa
2549,Lu Alone,2549,False,Lu Alone
2550,vanessa carllton,2550,False,vanessa carllton
2551,Boom Crash Opera,2551,False,Boom Crash Opera
2552,Culture Club,2552,False,Culture Club
2553,Bay City Rollers,2553,False,Bay City Rollers
2554,Hall & Oates,2554,False,Hall & Oates
2555,Naturally 7,2555,False,Naturally 7
2556,The Power Station,2556,False,The Power Station
2557,The Unknownn,2557,False,The Unknownn
2558,Toto,2558,False,Toto
2559,Kajagoogoo,2559,False,Kajagoogoo
2560,Boz Scaggs,2560,False,Boz Scaggs
2561,Julian Lennon,2561,False,Julian Lennon
2562,Arcadia,2562,False,Arcadia
2563,Graham Bonnet,2563,False,Graham Bonnet
2564,Ricki-Lee,2564,False,Ricki-Lee
2565,Extreme,2565,False,Extreme
2566,Peter Cox,2566,False,Peter Cox
2567,Paul Young,2567,False,Paul Young
2568,Billy Connolly,2568,False,Billy Connolly
2569,Styx,2569,False,Styx
2570,The Doobie Brothers,2570,False,The Doobie Brothers
2571,Bananarama,2571,False,Bananarama
2572,Minus the Bear,2572,False,Minus the Bear
2573,The Appleseed Cast,2573,False,The Appleseed Cast
2574,The Fall of Troy,2574,False,The Fall of Troy
2575,This Town Needs Guns,2575,False,This Town Needs Guns
2576,Protest The Hero,2576,False,Protest The Hero
2577,Johnny Foreigner,2577,False,Johnny Foreigner
2578,Idiot Pilot,2578,False,Idiot Pilot
2579,Between the Buried and Me,2579,False,Between the Buried and Me
2580,Biffy Clyro,2580,False,Biffy Clyro
2581,Fields,2581,False,Fields
2582,Foals,2582,False,Foals
2583,The Most Serene Republic,2583,False,The Most Serene Republic
2584,Rogue Wave,2584,False,Rogue Wave
2585,toe,2585,False,toe
2586,Born of Osiris,2586,False,Born of Osiris
2587,Late of the Pier,2587,False,Late of the Pier
2588,The Arusha Accord,2588,False,The Arusha Accord
2589,WinterKids,2589,False,WinterKids
2590,Auto!Automatic!!,2590,False,Auto!Automatic!!
2591,The Maccabees,2591,False,The Maccabees
2592,Hope of the States,2592,False,Hope of the States
2593,Battles,2593,False,Battles
2594,SikTh,2594,False,SikTh
2595,Slash,2595,False,Slash
2596,Maria Daniela Y Su Sonido Lasser,2596,False,Maria Daniela Y Su Sonido Lasser
2597,Los Concorde,2597,False,Los Concorde
2598,will.i.am,2598,False,will.i.am
2599,carla morrison,2599,False,carla morrison
2600,We Are Scientists,2600,False,We Are Scientists
2601,Mystery Jets,2601,False,Mystery Jets
2602,Delphic,2602,False,Delphic
2603,Sel,2603,False,Sel
2604,Gravel,2604,False,Gravel
2605,Bonobo,2605,False,Bonobo
2606,The Stone Roses,2606,False,The Stone Roses
2607,The Script,2607,False,The Script
2608,City and Colour,2608,False,City and Colour
2609,UB40,2609,False,UB40
2610,The Temper Trap,2610,False,The Temper Trap
2611,The Vaccines,2611,False,The Vaccines
2612,Newton Faulkner,2612,False,Newton Faulkner
2613,Mr Hudson & The Library,2613,False,Mr Hudson & The Library
2614,Razorlight,2614,False,Razorlight
2615,Cast,2615,False,Cast
2616,Nouvelle Vague,2616,False,Nouvelle Vague
2617,Pierce the Veil,2617,False,Pierce the Veil
2618,Before Their Eyes,2618,False,Before Their Eyes
2619,VersaEmerge,2619,False,VersaEmerge
2620,Beatallica,2620,False,Beatallica
2621,We Came As Romans,2621,False,We Came As Romans
2622,Pokémon,2622,False,Pokémon
2623,Nightmare,2623,False,Nightmare
2624,Frank Zappa,2624,False,Frank Zappa
2625,Barenaked Ladies,2625,False,Barenaked Ladies
2626,Randy Newman,2626,False,Randy Newman
2627,Ben Folds,2627,False,Ben Folds
2628,The Weakerthans,2628,False,The Weakerthans
2629,Elvis Costello,2629,False,Elvis Costello
2630,Paul Simon,2630,False,Paul Simon
2631,Gilbert & Sullivan,2631,False,Gilbert & Sullivan
2632,Rufus Wainwright,2632,False,Rufus Wainwright
2633,Elvis Costello & The Attractions,2633,False,Elvis Costello & The Attractions
2634,Stephen Sondheim,2634,False,Stephen Sondheim
2635,Jason Robert Brown,2635,False,Jason Robert Brown
2636,Paddy Milner,2636,False,Paddy Milner
2637,Sublime,2637,False,Sublime
2638,Ella Fitzgerald,2638,False,Ella Fitzgerald
2639,Ben Folds Five,2639,False,Ben Folds Five
2640,Neko Case,2640,False,Neko Case
2641,Calexico,2641,False,Calexico
2642,The Mothers of Invention,2642,False,The Mothers of Invention
2643,Thursday,2643,False,Thursday
2644,Hayko Cepkin,2644,False,Hayko Cepkin
2645,Alexander Rybak,2645,False,Alexander Rybak
2646,Manga,2646,False,Manga
2647,Bill,2647,False,Bill
2648,The Beat,2648,False,The Beat
2649,Alfonso Moreno-Guitar,2649,False,Alfonso Moreno-Guitar
2650,Bozkurt,2650,False,Bozkurt
2651,Bilal Serbest,2651,False,Bilal Serbest
2652,The Classic Crime,2652,False,The Classic Crime
2653,A Rocket to the Moon,2653,False,A Rocket to the Moon
2654,Bloodbath,2654,False,Bloodbath
2655,Reação em Cadeia,2655,False,Reação em Cadeia
2656,Finley,2656,False,Finley
2657,Sonohra,2657,False,Sonohra
2658,Studio 3,2658,False,Studio 3
2659,Modà,2659,False,Modà
2660,Bidê ou Balde,2660,False,Bidê ou Balde
2661,Anberlin,2661,False,Anberlin
2662,Lost,2662,False,Lost
2663,Acústicos & Valvulados,2663,False,Acústicos & Valvulados
2664,Lordi,2664,False,Lordi
2665,The Cab,2665,False,The Cab
2666,This Providence,2666,False,This Providence
2667,The Flashbulb,2667,False,The Flashbulb
2668,Amon Tobin,2668,False,Amon Tobin
2669,µ-Ziq,2669,False,µ-Ziq
2670,Chris Clark,2670,False,Chris Clark
2671,Kettel,2671,False,Kettel
2672,Clark,2672,False,Clark
2673,Plaid,2673,False,Plaid
2674,Boxcutter,2674,False,Boxcutter
2675,Ellen Allien & Apparat,2675,False,Ellen Allien & Apparat
2676,Tycho,2676,False,Tycho
2677,Bola,2677,False,Bola
2678,Bong-Ra,2678,False,Bong-Ra
2679,Shitmat,2679,False,Shitmat
2680,Acrnym,2680,False,Acrnym
2681,The Future Sound of London,2681,False,The Future Sound of London
2682,Stendeck,2682,False,Stendeck
2683,Doormouse,2683,False,Doormouse
2684,Duran Duran Duran,2684,False,Duran Duran Duran
2685,Cardopusher,2685,False,Cardopusher
2686,Knifehandchop,2686,False,Knifehandchop
2687,Hrvatski,2687,False,Hrvatski
2688,Wagon Christ,2688,False,Wagon Christ
2689,Sickboy,2689,False,Sickboy
2690,Abfahrt Hinwil,2690,False,Abfahrt Hinwil
2691,Telefon Tel Aviv,2691,False,Telefon Tel Aviv
2692,Xanopticon,2692,False,Xanopticon
2693,Sabrepulse,2693,False,Sabrepulse
2694,Last Step,2694,False,Last Step
2695,Frog Pocket,2695,False,Frog Pocket
2696,Bit Shifter,2696,False,Bit Shifter
2697,belladonnakillz,2697,False,belladonnakillz
2698,Public Enemy,2698,False,Public Enemy
2699,Кровосток,2699,False,Кровосток
2700,The Speed Freak,2700,False,The Speed Freak
2701,Swampyboy,2701,False,Swampyboy
2702,Bondage Fairies,2702,False,Bondage Fairies
2703,Ed Cox,2703,False,Ed Cox
2704,Рубль,2704,False,Рубль
2705,minusbaby,2705,False,minusbaby
2706,Angerfist,2706,False,Angerfist
2707,Linde,2707,False,Linde
2708,The Rapture,2708,False,The Rapture
2709,AleX Tune,2709,False,AleX Tune
2710,Kodek,2710,False,Kodek
2711,Parov Stelar,2711,False,Parov Stelar
2712,Firebrand Boy,2712,False,Firebrand Boy
2713,Ноггано,2713,False,Ноггано
2714,DJ Spinbad,2714,False,DJ Spinbad
2715,Bonaparte,2715,False,Bonaparte
2716,DJ Shadow,2716,False,DJ Shadow
2717,64revolt,2717,False,64revolt
2718,Rotator,2718,False,Rotator
2719,KOSMOPOP2,2719,False,KOSMOPOP2
2720,Electric Dragon,2720,False,Electric Dragon
2721,MICROCOBRA,2721,False,MICROCOBRA
2722,Snork25,2722,False,Snork25
2723,Set Your Goals,2723,False,Set Your Goals
2724,Otto von Schirach,2724,False,Otto von Schirach
2725,8[bit]chyfruit,2725,False,8[bit]chyfruit
2726,14 Year Old Girls,2726,False,14 Year Old Girls
2727,Maladroit,2727,False,Maladroit
2728,Gidropony,2728,False,Gidropony
2729,Bullfrog,2729,False,Bullfrog
2730,Leviathan,2730,False,Leviathan
2731,Кажэ Обойма,2731,False,Кажэ Обойма
2732,Кожаный Олень,2732,False,Кожаный Олень
2733,Uoki-Toki,2733,False,Uoki-Toki
2734,Neuro Dubel,2734,False,Neuro Dubel
2735,Ляпис Трубецкой,2735,False,Ляпис Трубецкой
2736,Бригадный Подряд,2736,False,Бригадный Подряд
2737,Boney neM,2737,False,Boney neM
2738,Bloodhound Gang,2738,False,Bloodhound Gang
2739,Sacred Steel,2739,False,Sacred Steel
2740,Dezperadoz,2740,False,Dezperadoz
2741,N.R.M.,2741,False,N.R.M.
2742,Steppenwolf,2742,False,Steppenwolf
2743,Ногу Свело!,2743,False,Ногу Свело!
2744,Machine Head,2744,False,Machine Head
2745,Robert Miles,2745,False,Robert Miles
2746,Korpiklaani,2746,False,Korpiklaani
2747,Дельфин,2747,False,Дельфин
2748,Катетер,2748,False,Катетер
2749,Deathspell Omega,2749,False,Deathspell Omega
2750,Hate,2750,False,Hate
2751,Watain,2751,False,Watain
2752,Dead Congregation,2752,False,Dead Congregation
2753,Antaeus,2753,False,Antaeus
2754,Funeral Mist,2754,False,Funeral Mist
2755,1349,2755,False,1349
2756,Xasthur,2756,False,Xasthur
2757,Ihsahn,2757,False,Ihsahn
2758,Aosoth,2758,False,Aosoth
2759,Hour of Penance,2759,False,Hour of Penance
2760,Glorior Belli,2760,False,Glorior Belli
2761,Akercocke,2761,False,Akercocke
2762,Aeon,2762,False,Aeon
2763,Decapitated,2763,False,Decapitated
2764,Morbosidad,2764,False,Morbosidad
2765,Vader,2765,False,Vader
2766,Nightbringer,2766,False,Nightbringer
2767,Merrimack,2767,False,Merrimack
2768,Ulcerate,2768,False,Ulcerate
2769,Anata,2769,False,Anata
2770,Teratism,2770,False,Teratism
2771,Russian Circles,2771,False,Russian Circles
2772,Blut aus Nord,2772,False,Blut aus Nord
2773,Le Scrawl,2773,False,Le Scrawl
2774,Dark Funeral,2774,False,Dark Funeral
2775,dredg,2775,False,dredg
2776,Unholy Matrimony,2776,False,Unholy Matrimony
2777,Malfeitor,2777,False,Malfeitor
2778,Cryptopsy,2778,False,Cryptopsy
2779,Arkhon Infaustus,2779,False,Arkhon Infaustus
2780,Lita Ford,2780,False,Lita Ford
2781,Vains of Jenna,2781,False,Vains of Jenna
2782,Vixen,2782,False,Vixen
2783,Lenny Kravitz,2783,False,Lenny Kravitz
2784,Hanoi Rocks,2784,False,Hanoi Rocks
2785,Sixx:A.M.,2785,False,Sixx:A.M.
2786,Janis Joplin,2786,False,Janis Joplin
2787,Whitesnake,2787,False,Whitesnake
2788,Joan Jett and the Blackhearts,2788,False,Joan Jett and the Blackhearts
2789,Velvet Revolver,2789,False,Velvet Revolver
2790,CRASHDÏET,2790,False,CRASHDÏET
2791,Slash's Snakepit,2791,False,Slash's Snakepit
2792,Cheap Trick,2792,False,Cheap Trick
2793,THE PARANOID,2793,False,THE PARANOID
2794,Alter Bridge,2794,False,Alter Bridge
2795,Izzy Stradlin,2795,False,Izzy Stradlin
2796,Sweet,2796,False,Sweet
2797,Mr. Big,2797,False,Mr. Big
2798,F.T Island,2798,False,F.T Island
2799,f(x),2799,False,f(x)
2800,이효리,2800,False,이효리
2801,High School Musical,2801,False,High School Musical
2802,현아,2802,False,현아
2803,MBLAQ,2803,False,MBLAQ
2804,손담비,2804,False,손담비
2805,Shy'm,2805,False,Shy'm
2806,ZE:A,2806,False,ZE:A
2807,이정현,2807,False,이정현
2808,黒木メイサ,2808,False,黒木メイサ
2809,Claude Kelly,2809,False,Claude Kelly
2810,Distance,2810,False,Distance
2811,Xploding Plastix,2811,False,Xploding Plastix
2812,Callisto,2812,False,Callisto
2813,Dub FX,2813,False,Dub FX
2814,Little Barrie,2814,False,Little Barrie
2815,Maxïmo Park,2815,False,Maxïmo Park
2816,Superturbo,2816,False,Superturbo
2817,Cult of Luna,2817,False,Cult of Luna
2818,The Bloody Beetroots,2818,False,The Bloody Beetroots
2819,Plastician,2819,False,Plastician
2820,Sakura,2820,False,Sakura
2821,The Dead Weather,2821,False,The Dead Weather
2822,Fuzzy Pets,2822,False,Fuzzy Pets
2823,Eagles of Death Metal,2823,False,Eagles of Death Metal
2824,Paul Kalkbrenner,2824,False,Paul Kalkbrenner
2825,Portland Cello Project,2825,False,Portland Cello Project
2826,The White Trainers Community,2826,False,The White Trainers Community
2827,8th,2827,False,8th
2828,Red Sparowes,2828,False,Red Sparowes
2829,Flobots,2829,False,Flobots
2830,Kap Bambino,2830,False,Kap Bambino
2831,The Dust Brothers,2831,False,The Dust Brothers
2832,Черная Экономика,2832,False,Черная Экономика
2833,Blind Sinners,2833,False,Blind Sinners
2834,Lynyrd Skynyrd,2834,False,Lynyrd Skynyrd
2835,Serj Tankian,2835,False,Serj Tankian
2836,Scars on Broadway,2836,False,Scars on Broadway
2837,The Reign Of Kindo,2837,False,The Reign Of Kindo
2838,Manowar,2838,False,Manowar
2839,Automatic Loveletter,2839,False,Automatic Loveletter
2840,Dashboard Confessional,2840,False,Dashboard Confessional
2841,Gym Class Heroes,2841,False,Gym Class Heroes
2842,Stevie Ray Vaughan,2842,False,Stevie Ray Vaughan
2843,Trapt,2843,False,Trapt
2844,Tuatha De Danann,2844,False,Tuatha De Danann
2845,Closure In Moscow,2845,False,Closure In Moscow
2846,Nonpoint,2846,False,Nonpoint
2847,Emarosa,2847,False,Emarosa
2848,Ultraje a Rigor,2848,False,Ultraje a Rigor
2849,The Scorpions,2849,False,The Scorpions
2850,Underoath,2850,False,Underoath
2851,Powerman 5000,2851,False,Powerman 5000
2852,Jim Sturgess,2852,False,Jim Sturgess
2853,Thin Lizzy,2853,False,Thin Lizzy
2854,Free,2854,False,Free
2855,Cream,2855,False,Cream
2856,Night Ranger,2856,False,Night Ranger
2857,Donovan,2857,False,Donovan
2858,Jace Everett,2858,False,Jace Everett
2859,Warrant,2859,False,Warrant
2860,Jim Sturgess & Joe Anderson,2860,False,Jim Sturgess & Joe Anderson
2861,Rod Stewart,2861,False,Rod Stewart
2862,Dudley Taft,2862,False,Dudley Taft
2863,Kirk Fletcher,2863,False,Kirk Fletcher
2864,Stevie Ray Vaughan and Double Trouble,2864,False,Stevie Ray Vaughan and Double Trouble
2865,Anders Osborne,2865,False,Anders Osborne
2866,Curtis Salgado,2866,False,Curtis Salgado
2867,Lance Lopez,2867,False,Lance Lopez
2868,Andy Egert Blues Band,2868,False,Andy Egert Blues Band
2869,Canned Heat,2869,False,Canned Heat
2870,Jeff Beck with Terry Bozzio and Tony Hymas,2870,False,Jeff Beck with Terry Bozzio and Tony Hymas
2871,Rory Gallagher,2871,False,Rory Gallagher
2872,Tab Benoit,2872,False,Tab Benoit
2873,Joe Bonamassa,2873,False,Joe Bonamassa
2874,Eric Jerardi,2874,False,Eric Jerardi
2875,Rusty Zinn,2875,False,Rusty Zinn
2876,Ann Rabson,2876,False,Ann Rabson
2877,Wes Jeans,2877,False,Wes Jeans
2878,Finis Tasby,2878,False,Finis Tasby
2879,Ace Moreland,2879,False,Ace Moreland
2880,The Beat Daddys,2880,False,The Beat Daddys
2881,Texas Red,2881,False,Texas Red
2882,Devon Allman's Honeytribe,2882,False,Devon Allman's Honeytribe
2883,John Mayall & The Bluesbreakers Featuring Buddy Guy,2883,False,John Mayall & The Bluesbreakers Featuring Buddy Guy
2884,MORBLUS - Funky Blues Band,2884,False,MORBLUS - Funky Blues Band
2885,John Lyons Band,2885,False,John Lyons Band
2886,The Vaughan Brothers;Stevie Ray Vaughan;Jimmy Vaughan,2886,False,The Vaughan Brothers;Stevie Ray Vaughan;Jimmy Vaughan
2887,Dennis Gruenling,2887,False,Dennis Gruenling
2888,"Elvin Bishop, George Thorogood",2888,False,"Elvin Bishop, George Thorogood"
2889,Chris Dair,2889,False,Chris Dair
2890,Rod Piazza & The Blues Instigators,2890,False,Rod Piazza & The Blues Instigators
2891,Bobby Greenshoes Parker,2891,False,Bobby Greenshoes Parker
2892,GT & The Bandits,2892,False,GT & The Bandits
2893,Van Morrison,2893,False,Van Morrison
2894,Buddy Guy,2894,False,Buddy Guy
2895,Peter Green,2895,False,Peter Green
2896,Albert Collins,2896,False,Albert Collins
2897,Tutu Jones,2897,False,Tutu Jones
2898,Humble Pie,2898,False,Humble Pie
2899,The Animals,2899,False,The Animals
2900,Shakin' Stevens,2900,False,Shakin' Stevens
2901,ZZ Top,2901,False,ZZ Top
2902,Buddy Holly,2902,False,Buddy Holly
2903,Chino XL,2903,False,Chino XL
2904,Stack Bundles,2904,False,Stack Bundles
2905,P. Diddy,2905,False,P. Diddy
2906,"Royce da 5'9""",2906,False,"Royce da 5'9"""
2907,Redman,2907,False,Redman
2908,Large Professor,2908,False,Large Professor
2909,Canibus,2909,False,Canibus
2910,Cam'ron,2910,False,Cam'ron
2911,EPMD,2911,False,EPMD
2912,Aries Spears,2912,False,Aries Spears
2913,Joe Budden,2913,False,Joe Budden
2914,Ras Kass,2914,False,Ras Kass
2915,Kool G Rap,2915,False,Kool G Rap
2916,Lloyd Banks,2916,False,Lloyd Banks
2917,The Diplomats,2917,False,The Diplomats
2918,KMD,2918,False,KMD
2919,Busta Rhymes,2919,False,Busta Rhymes
2920,Juelz Santana & Lil Wayne,2920,False,Juelz Santana & Lil Wayne
2921,Ghostface Killah,2921,False,Ghostface Killah
2922,LL Cool J,2922,False,LL Cool J
2923,Lupe Fiasco,2923,False,Lupe Fiasco
2924,G-Unit,2924,False,G-Unit
2925,O.C.,2925,False,O.C.
2926,Main Source,2926,False,Main Source
2927,Jadakiss,2927,False,Jadakiss
2928,Uncle Murda,2928,False,Uncle Murda
2929,Eric B. & Rakim,2929,False,Eric B. & Rakim
2930,Big Punisher,2930,False,Big Punisher
2931,Talib Kweli,2931,False,Talib Kweli
2932,Skee-Lo,2932,False,Skee-Lo
2933,Five Star,2933,False,Five Star
2934,Milk Inc.,2934,False,Milk Inc.
2935,Iris,2935,False,Iris
2936,A Flock of Seagulls,2936,False,A Flock of Seagulls
2937,Naked Eyes,2937,False,Naked Eyes
2938,Echo & The Bunnymen,2938,False,Echo & The Bunnymen
2939,JLS,2939,False,JLS
2940,Dead by April,2940,False,Dead by April
2941,Hinder,2941,False,Hinder
2942,Kiana,2942,False,Kiana
2943,Twisted Method,2943,False,Twisted Method
2944,Machinae Supremacy,2944,False,Machinae Supremacy
2945,Dommin,2945,False,Dommin
2946,Tread,2946,False,Tread
2947,Destrophy,2947,False,Destrophy
2948,Engel,2948,False,Engel
2949,Saidian,2949,False,Saidian
2950,Blowsight,2950,False,Blowsight
2951,All Ends,2951,False,All Ends
2952,Azam Ali,2952,False,Azam Ali
2953,myGRAIN,2953,False,myGRAIN
2954,Ambeon,2954,False,Ambeon
2955,Bury Your Dead,2955,False,Bury Your Dead
2956,Adema,2956,False,Adema
2957,Queen of the damned ost,2957,False,Queen of the damned ost
2958,The Cyan Velvet Project,2958,False,The Cyan Velvet Project
2959,Eyes Set to Kill,2959,False,Eyes Set to Kill
2960,Renegade Five,2960,False,Renegade Five
2961,Pain,2961,False,Pain
2962,Devin Townsend Project,2962,False,Devin Townsend Project
2963,Norther,2963,False,Norther
2964,Strapping Young Lad,2964,False,Strapping Young Lad
2965,The Devin Townsend Band,2965,False,The Devin Townsend Band
2966,Insomnium,2966,False,Insomnium
2967,Murderdolls,2967,False,Murderdolls
2968,Elias Viljanen,2968,False,Elias Viljanen
2969,Wintersun,2969,False,Wintersun
2970,Hypocrisy,2970,False,Hypocrisy
2971,Animals as Leaders,2971,False,Animals as Leaders
2972,Star One,2972,False,Star One
2973,Dokken,2973,False,Dokken
2974,Skyfire,2974,False,Skyfire
2975,Firewind,2975,False,Firewind
2976,Chamillionaire,2976,False,Chamillionaire
2977,Kris Allen,2977,False,Kris Allen
2978,Dead by Sunrise,2978,False,Dead by Sunrise
2979,Jessica Andrews,2979,False,Jessica Andrews
2980,Cassie Steele,2980,False,Cassie Steele
2981,Christina Perri,2981,False,Christina Perri
2982,The Band Perry,2982,False,The Band Perry
2983,Detonautas Roque Clube,2983,False,Detonautas Roque Clube
2984,Claudia Leitte,2984,False,Claudia Leitte
2985,Hannah Montana ft. Jonas Brothers,2985,False,Hannah Montana ft. Jonas Brothers
2986,Rosa De Saron,2986,False,Rosa De Saron
2987,HEVO84,2987,False,HEVO84
2988,Maria Gadú,2988,False,Maria Gadú
2989,Rihanna (feat. Drake),2989,False,Rihanna (feat. Drake)
2990,Shontelle,2990,False,Shontelle
2991,Fats Waller,2991,False,Fats Waller
2992,Bix Beiderbecke,2992,False,Bix Beiderbecke
2993,Lionel Hampton,2993,False,Lionel Hampton
2994,Sidney Bechet,2994,False,Sidney Bechet
2995,Chick Webb,2995,False,Chick Webb
2996,Uncle Dave Macon,2996,False,Uncle Dave Macon
2997,Charlie Christian,2997,False,Charlie Christian
2998,Slim Gaillard,2998,False,Slim Gaillard
2999,Wynonie Harris,2999,False,Wynonie Harris
3000,Doc Watson,3000,False,Doc Watson
3001,The Carter Family,3001,False,The Carter Family
3002,Fletcher Henderson,3002,False,Fletcher Henderson
3003,Duke Ellington,3003,False,Duke Ellington
3004,Sonny Rollins,3004,False,Sonny Rollins
3005,Louis Jordan,3005,False,Louis Jordan
3006,Slim & Slam,3006,False,Slim & Slam
3007,Iftin,3007,False,Iftin
3008,Cab Calloway,3008,False,Cab Calloway
3009,Jack Teagarden,3009,False,Jack Teagarden
3010,Drum Rudiments,3010,False,Drum Rudiments
3011,The Stooges,3011,False,The Stooges
3012,Count Basie,3012,False,Count Basie
3013,Jimmie Lunceford,3013,False,Jimmie Lunceford
3014,Milton,3014,False,Milton
3015,Benny Goodman,3015,False,Benny Goodman
3016,Jimmie Rodgers,3016,False,Jimmie Rodgers
3017,Eddie Bo,3017,False,Eddie Bo
3018,Botswana Music Guitar,3018,False,Botswana Music Guitar
3019,Louis Armstrong,3019,False,Louis Armstrong
3020,Earl Hines,3020,False,Earl Hines
3021,Charlie Barnet,3021,False,Charlie Barnet
3022,Clarence Ashley,3022,False,Clarence Ashley
3023,Buell Kazee,3023,False,Buell Kazee
3024,T-Bone Walker,3024,False,T-Bone Walker
3025,Ritual,3025,False,Ritual
3026,The Whitest Boy Alive,3026,False,The Whitest Boy Alive
3027,Evergreen Terrace,3027,False,Evergreen Terrace
3028,Converge,3028,False,Converge
3029,The Ghost Inside,3029,False,The Ghost Inside
3030,Bombay Bicycle Club,3030,False,Bombay Bicycle Club
3031,The Ghost of a Thousand,3031,False,The Ghost of a Thousand
3032,Comeback Kid,3032,False,Comeback Kid
3033,The Scene Aesthetic,3033,False,The Scene Aesthetic
3034,K.I.Z.,3034,False,K.I.Z.
3035,Huss und Hodn,3035,False,Huss und Hodn
3036,Frittenbude,3036,False,Frittenbude
3037,Raised Fist,3037,False,Raised Fist
3038,Northcape,3038,False,Northcape
3039,Die Orsons,3039,False,Die Orsons
3040,La Dispute,3040,False,La Dispute
3041,Polar Bear Club,3041,False,Polar Bear Club
3042,This Is Hell,3042,False,This Is Hell
3043,Have Heart,3043,False,Have Heart
3044,The Answering Machine,3044,False,The Answering Machine
3045,Бачинский и Стиллавин,3045,False,Бачинский и Стиллавин
3046,Zемфира,3046,False,Zемфира
3047,Би-2,3047,False,Би-2
3048,"Misao Senbongi, Shusaku Uchiyama",3048,False,"Misao Senbongi, Shusaku Uchiyama"
3049,Смысловые Галлюцинации,3049,False,Смысловые Галлюцинации
3050,Biohazard,3050,False,Biohazard
3051,Submersed,3051,False,Submersed
3052,Сектор Газа,3052,False,Сектор Газа
3053,Кино,3053,False,Кино
3054,Виктор Цой,3054,False,Виктор Цой
3055,Сергей Шнуров,3055,False,Сергей Шнуров
3056,Ночные Снайперы,3056,False,Ночные Снайперы
3057,Regina Spektor,3057,False,Regina Spektor
3058,The Puppini Sisters,3058,False,The Puppini Sisters
3059,Los Shakers,3059,False,Los Shakers
3060,Sin Bandera,3060,False,Sin Bandera
3061,Leonel García,3061,False,Leonel García
3062,Emmanuel,3062,False,Emmanuel
3063,Luis Miguel,3063,False,Luis Miguel
3064,Leon Polar,3064,False,Leon Polar
3065,Ringo Starr,3065,False,Ringo Starr
3066,Santo & Johnny,3066,False,Santo & Johnny
3067,Bonnie Tyler,3067,False,Bonnie Tyler
3068,St. Vincent,3068,False,St. Vincent
3069,El Cuarteto de Nos,3069,False,El Cuarteto de Nos
3070,Carpenters,3070,False,Carpenters
3071,Paul McCartney & Wings,3071,False,Paul McCartney & Wings
3072,Nicho Hinojosa,3072,False,Nicho Hinojosa
3073,Jesse & Joy,3073,False,Jesse & Joy
3074,Jay Vaquer,3074,False,Jay Vaquer
3075,Amy Pearson,3075,False,Amy Pearson
3076,Matt Wertz,3076,False,Matt Wertz
3077,Luigi Masi,3077,False,Luigi Masi
3078,Relient K,3078,False,Relient K
3079,The Click Five,3079,False,The Click Five
3080,Colby O'Donis,3080,False,Colby O'Donis
3081,Sara Bareilles,3081,False,Sara Bareilles
3082,Framing Hanley,3082,False,Framing Hanley
3083,Crazy Lixx,3083,False,Crazy Lixx
3084,Sick Puppies,3084,False,Sick Puppies
3085,Faktion,3085,False,Faktion
3086,Eighteen Visions,3086,False,Eighteen Visions
3087,Dope Stars Inc.,3087,False,Dope Stars Inc.
3088,Black Tide,3088,False,Black Tide
3089,The Confession,3089,False,The Confession
3090,Babylon Bombs,3090,False,Babylon Bombs
3091,Crash Anthem,3091,False,Crash Anthem
3092,Decyfer Down,3092,False,Decyfer Down
3093,Crucified Barbara,3093,False,Crucified Barbara
3094,The Exies,3094,False,The Exies
3095,Slaughter,3095,False,Slaughter
3096,Gemini Five,3096,False,Gemini Five
3097,Matchbox Twenty,3097,False,Matchbox Twenty
3098,"Jump, Little Children",3098,False,"Jump, Little Children"
3099,Jay Clifford,3099,False,Jay Clifford
3100,Natalie Walker,3100,False,Natalie Walker
3101,Duncan Sheik,3101,False,Duncan Sheik
3102,Meiko,3102,False,Meiko
3103,Arcanum,3103,False,Arcanum
3104,Seal,3104,False,Seal
3105,Guster,3105,False,Guster
3106,Remy Zero,3106,False,Remy Zero
3107,David Poe,3107,False,David Poe
3108,Greg Laswell,3108,False,Greg Laswell
3109,Sneaker Pimps,3109,False,Sneaker Pimps
3110,Fiona Apple,3110,False,Fiona Apple
3111,Slow Runner,3111,False,Slow Runner
3112,Sean Lennon,3112,False,Sean Lennon
3113,Lindsey Buckingham,3113,False,Lindsey Buckingham
3114,Jonatha Brooke,3114,False,Jonatha Brooke
3115,South,3115,False,South
3116,The Dissociatives,3116,False,The Dissociatives
3117,Pete Yorn,3117,False,Pete Yorn
3118,Jude Cole,3118,False,Jude Cole
3119,Suzanne Vega,3119,False,Suzanne Vega
3120,Sun-60,3120,False,Sun-60
3121,Skye,3121,False,Skye
3122,Emily Wells,3122,False,Emily Wells
3123,Myah Marie,3123,False,Myah Marie
3124,We Are the Fallen,3124,False,We Are the Fallen
3125,Megh Stock,3125,False,Megh Stock
3126,Dionne Bromfield,3126,False,Dionne Bromfield
3127,BarlowGirl,3127,False,BarlowGirl
3128,Lenka,3128,False,Lenka
3129,Courtney Love,3129,False,Courtney Love
3130,Jackie Mittoo,3130,False,Jackie Mittoo
3131,Augustus Pablo,3131,False,Augustus Pablo
3132,DJ Krush,3132,False,DJ Krush
3133,Scientist,3133,False,Scientist
3134,Horace Andy,3134,False,Horace Andy
3135,The Gladiators,3135,False,The Gladiators
3136,Tsunami Wazahari,3136,False,Tsunami Wazahari
3137,Aston 'Familyman' Barrett,3137,False,Aston 'Familyman' Barrett
3138,Dennis Brown,3138,False,Dennis Brown
3139,Johnny Clarke,3139,False,Johnny Clarke
3140,Ondubground,3140,False,Ondubground
3141,DJ Drez,3141,False,DJ Drez
3142,Linval Thompson,3142,False,Linval Thompson
3143,Barry Brown,3143,False,Barry Brown
3144,Himuki,3144,False,Himuki
3145,King Tubby,3145,False,King Tubby
3146,Prince Far I,3146,False,Prince Far I
3147,"Lee ""Scratch"" Perry",3147,False,"Lee ""Scratch"" Perry"
3148,Alpha & Omega,3148,False,Alpha & Omega
3149,John Holt,3149,False,John Holt
3150,Eek-A-Mouse,3150,False,Eek-A-Mouse
3151,The Orientalist,3151,False,The Orientalist
3152,Junior Delgado,3152,False,Junior Delgado
3153,Adrian Sanchez,3153,False,Adrian Sanchez
3154,YouDub,3154,False,YouDub
3155,Prince Jazzbo,3155,False,Prince Jazzbo
3156,Astrud Gilberto,3156,False,Astrud Gilberto
3157,Hugh Mundell,3157,False,Hugh Mundell
3158,Sébastien Tellier,3158,False,Sébastien Tellier
3159,Kanka,3159,False,Kanka
3160,Booker T. & The MG's,3160,False,Booker T. & The MG's
3161,Jah Shaka,3161,False,Jah Shaka
3162,Jorge Reyes,3162,False,Jorge Reyes
3163,Sugar Minott,3163,False,Sugar Minott
3164,Flunk,3164,False,Flunk
3165,Wayne Jarrett,3165,False,Wayne Jarrett
3166,Don Carlos,3166,False,Don Carlos
3167,Jacob Miller,3167,False,Jacob Miller
3168,King Earthquake,3168,False,King Earthquake
3169,DJ Vadim,3169,False,DJ Vadim
3170,Rockamovya,3170,False,Rockamovya
3171,James Morrison,3171,False,James Morrison
3172,Claudia Leitte - As Máscaras - 2O1O,3172,False,Claudia Leitte - As Máscaras - 2O1O
3173,Ivete Sangalo,3173,False,Ivete Sangalo
3174,Banda Da Loirinha,3174,False,Banda Da Loirinha
3175,Coletânea Elas Internacional,3175,False,Coletânea Elas Internacional
3176,Kelly Key,3176,False,Kelly Key
3177,Anniela,3177,False,Anniela
3178,Whitney Duncan,3178,False,Whitney Duncan
3179,Kimberly Wyatt,3179,False,Kimberly Wyatt
3180,Afrojack ft. Eva Simons,3180,False,Afrojack ft. Eva Simons
3181,Latino,3181,False,Latino
3182,Ministério Adoração e Vida,3182,False,Ministério Adoração e Vida
3183,Ashbury Heights,3183,False,Ashbury Heights
3184,L'Âme Immortelle,3184,False,L'Âme Immortelle
3185,Repo! The Genetic Opera,3185,False,Repo! The Genetic Opera
3186,Vive la Fête,3186,False,Vive la Fête
3187,Kudai,3187,False,Kudai
3188,Terminal Choice,3188,False,Terminal Choice
3189,All Gone Dead,3189,False,All Gone Dead
3190,Suicidal Romance,3190,False,Suicidal Romance
3191,Diorama,3191,False,Diorama
3192,Solar Fake,3192,False,Solar Fake
3193,Belanova,3193,False,Belanova
3194,Paradiso Girls,3194,False,Paradiso Girls
3195,Inkubus Sukkubus,3195,False,Inkubus Sukkubus
3196,Alice in Videoland,3196,False,Alice in Videoland
3197,Theatre of Tragedy,3197,False,Theatre of Tragedy
3198,Dangerous Muse,3198,False,Dangerous Muse
3199,Patrick Nuo,3199,False,Patrick Nuo
3200,Cansei de Ser Sexy,3200,False,Cansei de Ser Sexy
3201,Kate Bush,3201,False,Kate Bush
3202,Charlotte Gainsbourg,3202,False,Charlotte Gainsbourg
3203,Oh No Oh My,3203,False,Oh No Oh My
3204,Biquini Cavadão,3204,False,Biquini Cavadão
3205,Mallu Magalhães,3205,False,Mallu Magalhães
3206,The Bird and The Bee,3206,False,The Bird and The Bee
3208,Jon Brion,3208,False,Jon Brion
3209,Tomandandy,3209,False,Tomandandy
3213,Michael Andrews,3213,False,Michael Andrews
3216,John Cage,3216,False,John Cage
3217,近藤浩治,3217,False,近藤浩治
3221,Fleshgod Apocalypse,3221,False,Fleshgod Apocalypse
3222,Slagsmålsklubben,3222,False,Slagsmålsklubben
3225,Dr. Octagon,3225,False,Dr. Octagon
3227,Wu-Tang Clan,3227,False,Wu-Tang Clan
3230,The Moody Blues,3230,False,The Moody Blues
3231,The Polyphonic Spree,3231,False,The Polyphonic Spree
3234,Candiria,3234,False,Candiria
3236,Eths,3236,False,Eths
3237,Hey,3237,False,Hey
3238,Coma,3238,False,Coma
3239,Otep,3239,False,Otep
3240,Drowning Pool,3240,False,Drowning Pool
3241,Bloodsimple,3241,False,Bloodsimple
3242,Wednesday 13,3242,False,Wednesday 13
3243,Zornik,3243,False,Zornik
3244,Deathstars,3244,False,Deathstars
3245,40 Below Summer,3245,False,40 Below Summer
3246,Dry Kill Logic,3246,False,Dry Kill Logic
3247,Family Force 5,3247,False,Family Force 5
3248,Electric President,3248,False,Electric President
3249,Radical Face,3249,False,Radical Face
3250,Midlake,3250,False,Midlake
3251,Utah,3251,False,Utah
3252,Kashmir,3252,False,Kashmir
3253,Figurines,3253,False,Figurines
3254,Peter Adams,3254,False,Peter Adams
3255,Athlete,3255,False,Athlete
3256,Rickolus,3256,False,Rickolus
3257,The Rumour Said Fire,3257,False,The Rumour Said Fire
3258,The Shins,3258,False,The Shins
3259,Blonde Redhead,3259,False,Blonde Redhead
3260,Woods,3260,False,Woods
3261,January Jaunt,3261,False,January Jaunt
3262,Treefight For Sunlight,3262,False,Treefight For Sunlight
3263,Kunek,3263,False,Kunek
3264,Marillion,3264,False,Marillion
3265,Francesco De Gregori,3265,False,Francesco De Gregori
3266,The Ark,3266,False,The Ark
3267,Fabrizio De André,3267,False,Fabrizio De André
3268,CapaRezza,3268,False,CapaRezza
3269,Fish,3269,False,Fish
3270,Matia Bazar,3270,False,Matia Bazar
3271,Enrico Ruggeri,3271,False,Enrico Ruggeri
3272,Steven Wilson,3272,False,Steven Wilson
3273,The Feeling,3273,False,The Feeling
3274,Paul Heaton,3274,False,Paul Heaton
3275,Fastball,3275,False,Fastball
3276,Burnt Fur,3276,False,Burnt Fur
3277,ADULT.,3277,False,ADULT.
3278,HK119,3278,False,HK119
3279,The Jesus and Mary Chain,3279,False,The Jesus and Mary Chain
3280,Cocteau Twins,3280,False,Cocteau Twins
3281,The B-52's,3281,False,The B-52's
3282,The Sundays,3282,False,The Sundays
3283,Close Lobsters,3283,False,Close Lobsters
3284,Daniel Ouellette,3284,False,Daniel Ouellette
3285,My Life with the Thrill Kill Kult,3285,False,My Life with the Thrill Kill Kult
3286,His Name Is Alive,3286,False,His Name Is Alive
3287,Throwing Muses,3287,False,Throwing Muses
3288,Annie,3288,False,Annie
3289,Front 242,3289,False,Front 242
3290,Cranes,3290,False,Cranes
3291,The Creatures,3291,False,The Creatures
3292,The Glove,3292,False,The Glove
3293,Black Kids,3293,False,Black Kids
3294,Galaxie 500,3294,False,Galaxie 500
3295,The Wolfgang Press,3295,False,The Wolfgang Press
3296,The Primitives,3296,False,The Primitives
3297,Turkish Delight,3297,False,Turkish Delight
3298,The Sugarcubes,3298,False,The Sugarcubes
3299,The Fall,3299,False,The Fall
3300,Robots in Disguise,3300,False,Robots in Disguise
3301,Julio Iglesias,3301,False,Julio Iglesias
3302,Phil Collins,3302,False,Phil Collins
3303,Barry White,3303,False,Barry White
3304,Barbra Streisand,3304,False,Barbra Streisand
3305,Nana Mouskouri,3305,False,Nana Mouskouri
3306,Neil Diamond,3306,False,Neil Diamond
3307,Eros Ramazzotti,3307,False,Eros Ramazzotti
3308,Supertramp,3308,False,Supertramp
3309,Lena Horne,3309,False,Lena Horne
3310,Édith Piaf,3310,False,Édith Piaf
3311,Michael Bolton,3311,False,Michael Bolton
3312,Michel Sardou,3312,False,Michel Sardou
3313,The Jackson 5,3313,False,The Jackson 5
3314,Mýa,3314,False,Mýa
3315,Sisqó,3315,False,Sisqó
3316,Sean Paul,3316,False,Sean Paul
3317,Drake,3317,False,Drake
3318,Trey Songz,3318,False,Trey Songz
3319,Diana Vickers,3319,False,Diana Vickers
3320,Lee Ryan,3320,False,Lee Ryan
3321,Brooke White,3321,False,Brooke White
3322,Pete Yorn & Scarlett Johansson,3322,False,Pete Yorn & Scarlett Johansson
3323,和田光司,3323,False,和田光司
3324,安室奈美恵,3324,False,安室奈美恵
3325,放課後ティータイム,3325,False,放課後ティータイム
3326,Dal★shabet,3326,False,Dal★shabet
3327,Brie Larson,3327,False,Brie Larson
3328,HorrorPops,3328,False,HorrorPops
3329,Vanessa Oliveira,3329,False,Vanessa Oliveira
3330,Tata Young,3330,False,Tata Young
3331,Jordan Knight,3331,False,Jordan Knight
3332,Sandy e Junior,3332,False,Sandy e Junior
3333,The Distillers,3333,False,The Distillers
3334,Fat Jon,3334,False,Fat Jon
3335,Cap'n Jazz,3335,False,Cap'n Jazz
3336,xrin arms,3336,False,xrin arms
3337,ANONTRON,3337,False,ANONTRON
3338,Shwayze,3338,False,Shwayze
3339,Best Fwends,3339,False,Best Fwends
3340,The Planet Smashers,3340,False,The Planet Smashers
3341,Motion City Soundtrack,3341,False,Motion City Soundtrack
3342,Realicide,3342,False,Realicide
3343,Choking Victim,3343,False,Choking Victim
3344,Japanther,3344,False,Japanther
3345,I Killed Techno!,3345,False,I Killed Techno!
3346,Cyne,3346,False,Cyne
3347,Andrew Jackson Jihad,3347,False,Andrew Jackson Jihad
3348,KESSENCHU,3348,False,KESSENCHU
3349,The Dead Milkmen,3349,False,The Dead Milkmen
3350,yatagarasu,3350,False,yatagarasu
3351,Melt-Banana,3351,False,Melt-Banana
3352,Metaform,3352,False,Metaform
3353,XÄCKSECKS,3353,False,XÄCKSECKS
3354,Black Flag,3354,False,Black Flag
3355,Ol' Dirty Bastard,3355,False,Ol' Dirty Bastard
3356,goreshit,3356,False,goreshit
3357,Notorious B.I.G.,3357,False,Notorious B.I.G.
3358,The Mad Conductor,3358,False,The Mad Conductor
3359,Rapeman,3359,False,Rapeman
3360,Blitzkid,3360,False,Blitzkid
3361,Bearbot,3361,False,Bearbot
3362,:(,3362,False,:(
3363,Wind & Fire Earth,3363,False,Wind & Fire Earth
3364,Fugazi,3364,False,Fugazi
3365,Captain Chaos,3365,False,Captain Chaos
3366,A1 Bassline,3366,False,A1 Bassline
3367,Cinema Bizarre,3367,False,Cinema Bizarre
3368,Betty Curse,3368,False,Betty Curse
3369,New Years Day,3369,False,New Years Day
3370,Hockey,3370,False,Hockey
3371,Peter Doherty,3371,False,Peter Doherty
3372,Jinn,3372,False,Jinn
3373,Plain White T's,3373,False,Plain White T's
3374,Diana,3374,False,Diana
3375,Ryan Cabrera,3375,False,Ryan Cabrera
3376,Jota Quest,3376,False,Jota Quest
3377,Banda Eva,3377,False,Banda Eva
3378,Jorge & Mateus,3378,False,Jorge & Mateus
3379,Pimentas do Reino,3379,False,Pimentas do Reino
3380,Vander Lee,3380,False,Vander Lee
3381,Alarido,3381,False,Alarido
3382,Os Paralamas do Sucesso,3382,False,Os Paralamas do Sucesso
3383,Victor e Leo,3383,False,Victor e Leo
3384,Chimarruts,3384,False,Chimarruts
3385,D'black,3385,False,D'black
3386,Seu Jorge,3386,False,Seu Jorge
3387,Tomate,3387,False,Tomate
3388,Babado Novo,3388,False,Babado Novo
3389,Sorriso Maroto,3389,False,Sorriso Maroto
3390,João Bosco & Vinícius               - www.CdsCompletos.net,3390,False,João Bosco & Vinícius               - www.CdsCompletos.net
3391,Zeca Baleiro,3391,False,Zeca Baleiro
3392,Exaltasamba,3392,False,Exaltasamba
3393,Sandy Leah,3393,False,Sandy Leah
3394,Wilson Sideral,3394,False,Wilson Sideral
3395,Nosso Sentimento,3395,False,Nosso Sentimento
3396,Isabella Taviani,3396,False,Isabella Taviani
3397,Heidi Montag,3397,False,Heidi Montag
3398,+44,3398,False,+44
3399,Plastiscines,3399,False,Plastiscines
3400,Jet,3400,False,Jet
3401,Infierno 18,3401,False,Infierno 18
3402,City Sleeps,3402,False,City Sleeps
3403,Emmanuel Horvilleur,3403,False,Emmanuel Horvilleur
3404,Sky Ferreira,3404,False,Sky Ferreira
3405,Antimatter,3405,False,Antimatter
3406,Leafblade,3406,False,Leafblade
3407,Klimt 1918,3407,False,Klimt 1918
3408,The Foreshadowing,3408,False,The Foreshadowing
3409,Petter Carlsen,3409,False,Petter Carlsen
3410,Dornenreich,3410,False,Dornenreich
3411,M83,3411,False,M83
3412,Carpark North,3412,False,Carpark North
3413,Underworld,3413,False,Underworld
3414,Immanu El,3414,False,Immanu El
3415,Warrel Dane,3415,False,Warrel Dane
3416,Sentenced,3416,False,Sentenced
3417,Ulver,3417,False,Ulver
3418,Gazpacho,3418,False,Gazpacho
3419,Mely,3419,False,Mely
3420,Pure Reason Revolution,3420,False,Pure Reason Revolution
3421,No-Man,3421,False,No-Man
3422,Autumn,3422,False,Autumn
3423,Dark Suns,3423,False,Dark Suns
3424,Elane,3424,False,Elane
3425,After Forever,3425,False,After Forever
3426,KC and the Sunshine Band,3426,False,KC and the Sunshine Band
3427,Goo Goo Dolls,3427,False,Goo Goo Dolls
3428,A Static Lullaby,3428,False,A Static Lullaby
3429,Krypteria,3429,False,Krypteria
3430,The Cramps,3430,False,The Cramps
3431,Alien Sex Fiend,3431,False,Alien Sex Fiend
3432,Christian Death,3432,False,Christian Death
3433,Sex Gang Children,3433,False,Sex Gang Children
3434,Rudimentary Peni,3434,False,Rudimentary Peni
3435,45 Grave,3435,False,45 Grave
3436,The Damned,3436,False,The Damned
3437,Dayglo Abortions,3437,False,Dayglo Abortions
3438,Fields of the Nephilim,3438,False,Fields of the Nephilim
3439,Demented Are Go!,3439,False,Demented Are Go!
3440,Ween,3440,False,Ween
3441,Peter Murphy,3441,False,Peter Murphy
3442,Crass,3442,False,Crass
3443,Butthole Surfers,3443,False,Butthole Surfers
3444,Dead Kennedys,3444,False,Dead Kennedys
3445,Danzig,3445,False,Danzig
3446,The Brides,3446,False,The Brides
3447,Big Black,3447,False,Big Black
3448,Specimen,3448,False,Specimen
3449,Eat Your Make-Up,3449,False,Eat Your Make-Up
3450,The Gun Club,3450,False,The Gun Club
3451,Love and Rockets,3451,False,Love and Rockets
3452,Hasil Adkins,3452,False,Hasil Adkins
3453,Samhain,3453,False,Samhain
3454,Corpus Delicti,3454,False,Corpus Delicti
3455,Nekromantix,3455,False,Nekromantix
3456,The Adicts,3456,False,The Adicts
3457,London Festival Orchestra/Peter Knight/The Moody Blues,3457,False,London Festival Orchestra/Peter Knight/The Moody Blues
3458,The Byrds,3458,False,The Byrds
3459,Five for Fighting,3459,False,Five for Fighting
3460,Sheryl Crow,3460,False,Sheryl Crow
3461,Phantom Planet,3461,False,Phantom Planet
3462,[unknown],3462,False,[unknown]
3463,"Christina,Lil' Kim,Mya,Pink",3463,False,"Christina,Lil' Kim,Mya,Pink"
3464,Counting Crows,3464,False,Counting Crows
3465,Carole King,3465,False,Carole King
3466,Sarah McLachlan,3466,False,Sarah McLachlan
3467,Caesars,3467,False,Caesars
3468,The Magic Numbers,3468,False,The Magic Numbers
3469,Supergrass,3469,False,Supergrass
3470,Rainbow,3470,False,Rainbow
3471,Quiet Riot,3471,False,Quiet Riot
3472,Litfiba,3472,False,Litfiba
3473,David Lee Roth,3473,False,David Lee Roth
3474,Danger Danger,3474,False,Danger Danger
3475,Wolfmother,3475,False,Wolfmother
3476,Saxon,3476,False,Saxon
3477,Ugly Kid Joe,3477,False,Ugly Kid Joe
3478,Luciano Ligabue,3478,False,Luciano Ligabue
3479,Treat,3479,False,Treat
3480,L.A. Guns,3480,False,L.A. Guns
3481,Yes,3481,False,Yes
3482,America,3482,False,America
3483,鈴木亜美,3483,False,鈴木亜美
3484,Crystal Kay,3484,False,Crystal Kay
3485,伊藤由奈,3485,False,伊藤由奈
3486,melody.,3486,False,melody.
3487,アンジェラ・アキ,3487,False,アンジェラ・アキ
3488,Corinne Bailey Rae,3488,False,Corinne Bailey Rae
3489,Michelle Branch,3489,False,Michelle Branch
3490,Utada,3490,False,Utada
3491,Agnes,3491,False,Agnes
3492,Natasha Thomas,3492,False,Natasha Thomas
3493,Dana Glover,3493,False,Dana Glover
3494,Tommy february6,3494,False,Tommy february6
3495,Leigh Nash,3495,False,Leigh Nash
3496,Lindsay Pagano,3496,False,Lindsay Pagano
3497,Jordan Pruitt,3497,False,Jordan Pruitt
3498,Paula DeAnda,3498,False,Paula DeAnda
3499,Charlotte Perrelli,3499,False,Charlotte Perrelli
3500,Edyta Górniak,3500,False,Edyta Górniak
3501,Mylène Farmer,3501,False,Mylène Farmer
3502,Róisín Murphy,3502,False,Róisín Murphy
3503,Tarkan,3503,False,Tarkan
3504,Fennesz,3504,False,Fennesz
3505,John Zorn,3505,False,John Zorn
3506,Ryoji Ikeda,3506,False,Ryoji Ikeda
3508,Nurse With Wound,3508,False,Nurse With Wound
3509,Bathory,3509,False,Bathory
3510,Ash Ra Tempel,3510,False,Ash Ra Tempel
3511,Amon Düül II,3511,False,Amon Düül II
3512,Coph Nia,3512,False,Coph Nia
3513,Head of David,3513,False,Head of David
3517,Gnaw Their Tongues,3517,False,Gnaw Their Tongues
3520,Biosphere,3520,False,Biosphere
3521,Seefeel,3521,False,Seefeel
3523,Godflesh,3523,False,Godflesh
3527,Zoviet France,3527,False,Zoviet France
3528,Bohren & der Club of Gore,3528,False,Bohren & der Club of Gore
3529,Supersilent,3529,False,Supersilent
3530,Clock DVA,3530,False,Clock DVA
3531,Merzbow,3531,False,Merzbow
3532,Techno Animal,3532,False,Techno Animal
3534,Akufen,3534,False,Akufen
3536,Lustmord,3536,False,Lustmord
3537,Final,3537,False,Final
3539,A Forest Mighty Black,3539,False,A Forest Mighty Black
3540,Discharge,3540,False,Discharge
3541,Alva Noto,3541,False,Alva Noto
3542,Theatres des Vampires,3542,False,Theatres des Vampires
3543,Blood Stain Child,3543,False,Blood Stain Child
3544,Bloodparade,3544,False,Bloodparade
3545,Light This City,3545,False,Light This City
3546,Deadstar Assembly,3546,False,Deadstar Assembly
3547,Omega Lithium,3547,False,Omega Lithium
3548,iwrestledabearonce,3548,False,iwrestledabearonce
3549,Mnemic,3549,False,Mnemic
3550,Imagica,3550,False,Imagica
3551,Unter Null,3551,False,Unter Null
3552,℃-ute,3552,False,℃-ute
3553,Chibi,3553,False,Chibi
3554,Berryz工房,3554,False,Berryz工房
3555,Boy Hits Car,3555,False,Boy Hits Car
3556,Scarling.,3556,False,Scarling.
3557,Aqua,3557,False,Aqua
3558,Jack Off Jill,3558,False,Jack Off Jill
3559,The Immortals,3559,False,The Immortals
3560,Mary Elizabeth McGlynn,3560,False,Mary Elizabeth McGlynn
3561,Breaking Point,3561,False,Breaking Point
3562,Lords of Acid,3562,False,Lords of Acid
3563,Saliva,3563,False,Saliva
3564,Helalyn Flowers,3564,False,Helalyn Flowers
3565,Silent Descent,3565,False,Silent Descent
3566,Doomsday Refreshment Committee,3566,False,Doomsday Refreshment Committee
3567,Schoolyard Heroes,3567,False,Schoolyard Heroes
3568,Brian Littrell,3568,False,Brian Littrell
3569,Jay Brannan,3569,False,Jay Brannan
3570,Danny,3570,False,Danny
3571,Digimon,3571,False,Digimon
3572,Ola,3572,False,Ola
3573,ATC,3573,False,ATC
3574,Carly Smithson,3574,False,Carly Smithson
3575,Blake Lewis,3575,False,Blake Lewis
3576,New Kids on the Block,3576,False,New Kids on the Block
3577,Casey James,3577,False,Casey James
3578,C21,3578,False,C21
3579,Danny Noriega,3579,False,Danny Noriega
3580,O-Town,3580,False,O-Town
3581,Alabama,3581,False,Alabama
3582,Restless Heart,3582,False,Restless Heart
3583,Luke Bryan,3583,False,Luke Bryan
3584,Jason Aldean,3584,False,Jason Aldean
3585,Blake Shelton,3585,False,Blake Shelton
3586,Mark Wills,3586,False,Mark Wills
3587,Gary Allan,3587,False,Gary Allan
3588,Kenny Chesney,3588,False,Kenny Chesney
3589,Billy Currington,3589,False,Billy Currington
3590,Clay Walker,3590,False,Clay Walker
3591,Andy Griggs,3591,False,Andy Griggs
3592,Chris Cagle,3592,False,Chris Cagle
3593,Joe Nichols,3593,False,Joe Nichols
3594,Jessie Farrell,3594,False,Jessie Farrell
3595,Aaron Lines,3595,False,Aaron Lines
3596,Jake Owen,3596,False,Jake Owen
3597,Dan Seals,3597,False,Dan Seals
3598,Julianne Hough,3598,False,Julianne Hough
3599,Aaron Tippin,3599,False,Aaron Tippin
3600,Emerson Drive,3600,False,Emerson Drive
3601,Montgomery Gentry,3601,False,Montgomery Gentry
3602,Ronnie Milsap,3602,False,Ronnie Milsap
3603,Sara Evans,3603,False,Sara Evans
3604,Cledus T. Judd,3604,False,Cledus T. Judd
3605,Lee Ann Womack,3605,False,Lee Ann Womack
3606,SHeDaisy,3606,False,SHeDaisy
3607,Trailer Choir,3607,False,Trailer Choir
3608,Travis Tritt,3608,False,Travis Tritt
3609,Clint Black,3609,False,Clint Black
3610,Larry Stewart,3610,False,Larry Stewart
3611,Hank Williams Jr.,3611,False,Hank Williams Jr.
3612,Bell X1,3612,False,Bell X1
3613,Toad the Wet Sprocket,3613,False,Toad the Wet Sprocket
3614,Hootie & the Blowfish,3614,False,Hootie & the Blowfish
3615,Dave Matthews & Tim Reynolds,3615,False,Dave Matthews & Tim Reynolds
3616,Brand New,3616,False,Brand New
3617,Ray LaMontagne,3617,False,Ray LaMontagne
3618,The Swell Season,3618,False,The Swell Season
3619,Josh Ritter,3619,False,Josh Ritter
3620,Gov't Mule,3620,False,Gov't Mule
3621,Coheed and Cambria,3621,False,Coheed and Cambria
3622,Matthew Good Band,3622,False,Matthew Good Band
3623,Chris Michaud,3623,False,Chris Michaud
3624,Acid Drinkers,3624,False,Acid Drinkers
3625,Kazik,3625,False,Kazik
3627,Lao Che,3627,False,Lao Che
3628,Hunter,3628,False,Hunter
3635,Monty Python,3635,False,Monty Python
3636,Kat,3636,False,Kat
3637,Ektomorf,3637,False,Ektomorf
3638,Defekt Muzgó,3638,False,Defekt Muzgó
3640,The Analogs,3640,False,The Analogs
3645,Kazik Staszewski,3645,False,Kazik Staszewski
3646,Dezerter,3646,False,Dezerter
3648,Włochaty,3648,False,Włochaty
3650,T.Love,3650,False,T.Love
3655,Spięty,3655,False,Spięty
3657,Laurel Aitken,3657,False,Laurel Aitken
3660,Finntroll,3660,False,Finntroll
3662,GAGA,3662,False,GAGA
3663,Devil Doll,3663,False,Devil Doll
3664,Zielone Żabki,3664,False,Zielone Żabki
3665,New Radicals,3665,False,New Radicals
3666,The Hold Steady,3666,False,The Hold Steady
3667,Will Smith,3667,False,Will Smith
3668,Andrzej Grabowski,3668,False,Andrzej Grabowski
3669,60 minut na godzinę,3669,False,60 minut na godzinę
3670,Matisyahu,3670,False,Matisyahu
3671,Jaromír Nohavica,3671,False,Jaromír Nohavica
3672,Scarlett Johansson,3672,False,Scarlett Johansson
3673,Girl Talk,3673,False,Girl Talk
3674,Alizée,3674,False,Alizée
3675,Huey Lewis & The News,3675,False,Huey Lewis & The News
3676,Richard Ashcroft,3676,False,Richard Ashcroft
3677,Brian Wilson,3677,False,Brian Wilson
3678,Digable Planets,3678,False,Digable Planets
3679,Koniec Świata,3679,False,Koniec Świata
3681,Angus & Julia Stone,3681,False,Angus & Julia Stone
3682,Kumka Olik,3682,False,Kumka Olik
3683,Strachy Na Lachy,3683,False,Strachy Na Lachy
3684,Tyler Kyte,3684,False,Tyler Kyte
3685,Why?,3685,False,Why?
3686,Caribou,3686,False,Caribou
3687,James Blake,3687,False,James Blake
3688,cLOUDDEAD,3688,False,cLOUDDEAD
3689,Les Savy Fav,3689,False,Les Savy Fav
3690,Owen Pallett,3690,False,Owen Pallett
3691,Panda Bear,3691,False,Panda Bear
3692,Elle Milano,3692,False,Elle Milano
3693,Grizzly Bear,3693,False,Grizzly Bear
3694,Liars,3694,False,Liars
3695,Gold Panda,3695,False,Gold Panda
3696,Pantha du Prince,3696,False,Pantha du Prince
3697,Micachu,3697,False,Micachu
3698,Nicolas Jaar,3698,False,Nicolas Jaar
3699,Hymie's Basement,3699,False,Hymie's Basement
3700,Atlas Sound,3700,False,Atlas Sound
3701,Q and Not U,3701,False,Q and Not U
3702,Baths,3702,False,Baths
3703,Tim Hecker,3703,False,Tim Hecker
3705,Portugal. The Man,3705,False,Portugal. The Man
3706,Broken Bells,3706,False,Broken Bells
3707,Ratatat,3707,False,Ratatat
3708,Asher Roth,3708,False,Asher Roth
3710,Black Star,3710,False,Black Star
3711,DANGERDOOM,3711,False,DANGERDOOM
3712,The Lonely Island,3712,False,The Lonely Island
3713,Yolanda Be Cool & DCUP,3713,False,Yolanda Be Cool & DCUP
3714,Cursive,3714,False,Cursive
3716,Wale,3716,False,Wale
3717,Chimaira,3717,False,Chimaira
3718,Glassjaw,3718,False,Glassjaw
3719,Soulfly,3719,False,Soulfly
3720,Textures,3720,False,Textures
3721,Norma Jean,3721,False,Norma Jean
3722,Aborted,3722,False,Aborted
3723,Disillusion,3723,False,Disillusion
3724,Cloudkicker,3724,False,Cloudkicker
3725,Bar 9,3725,False,Bar 9
3726,Grenouer,3726,False,Grenouer
3727,Periphery,3727,False,Periphery
3728,Anal Nosorog,3728,False,Anal Nosorog
3729,Madball,3729,False,Madball
3730,Friendly Fires,3730,False,Friendly Fires
3731,Everything Everything,3731,False,Everything Everything
3732,311,3732,False,311
3733,GOBBLE GOBBLE,3733,False,GOBBLE GOBBLE
3734,The Unseen,3734,False,The Unseen
3735,Spinnerette,3735,False,Spinnerette
3736,Keith Caputo,3736,False,Keith Caputo
3737,Against Me!,3737,False,Against Me!
3738,Pnau,3738,False,Pnau
3739,Hole,3739,False,Hole
3740,Dance of Days,3740,False,Dance of Days
3741,Cazuza,3741,False,Cazuza
3742,Lobão,3742,False,Lobão
3743,Natiruts,3743,False,Natiruts
3744,Bikini Kill,3744,False,Bikini Kill
3745,Chico Science & Nação Zumbi,3745,False,Chico Science & Nação Zumbi
3746,Ponto de Equilíbrio,3746,False,Ponto de Equilíbrio
3747,Vanguart,3747,False,Vanguart
3748,Hanson,3748,False,Hanson
3749,Gavin DeGraw,3749,False,Gavin DeGraw
3750,Amos Lee,3750,False,Amos Lee
3751,Pat McGee Band,3751,False,Pat McGee Band
3752,Ingram Hill,3752,False,Ingram Hill
3753,Augustana,3753,False,Augustana
3754,Third Eye Blind,3754,False,Third Eye Blind
3755,The Hero Factor,3755,False,The Hero Factor
3756,Mat Kearney,3756,False,Mat Kearney
3757,Brandi Carlile,3757,False,Brandi Carlile
3758,Default,3758,False,Default
3759,Averi,3759,False,Averi
3760,Idina Menzel,3760,False,Idina Menzel
3761,Amy Grant,3761,False,Amy Grant
3762,Big & Rich,3762,False,Big & Rich
3763,The Corrs,3763,False,The Corrs
3764,Mannheim Steamroller,3764,False,Mannheim Steamroller
3765,Gretchen Wilson,3765,False,Gretchen Wilson
3766,Philharmonia Orchestra - John Lanchbery,3766,False,Philharmonia Orchestra - John Lanchbery
3767,The Horrors,3767,False,The Horrors
3768,Soft Cell,3768,False,Soft Cell
3769,Shiny Toy Guns,3769,False,Shiny Toy Guns
3770,Julian Plenti,3770,False,Julian Plenti
3771,Museum,3771,False,Museum
3772,Vienna Boys Choir,3772,False,Vienna Boys Choir
3773,Starflyer 59,3773,False,Starflyer 59
3774,Uriah Heep,3774,False,Uriah Heep
3775,Joy Electric,3775,False,Joy Electric
3776,Funkadelic,3776,False,Funkadelic
3777,Steely Dan,3777,False,Steely Dan
3778,Sly & The Family Stone,3778,False,Sly & The Family Stone
3779,Fates Warning,3779,False,Fates Warning
3780,D.R.I.,3780,False,D.R.I.
3781,Violent Femmes,3781,False,Violent Femmes
3782,Primordial,3782,False,Primordial
3783,Sleep,3783,False,Sleep
3784,GBH,3784,False,GBH
3785,Spazz,3785,False,Spazz
3786,GWAR,3786,False,GWAR
3787,Cross Examination,3787,False,Cross Examination
3788,Cynic,3788,False,Cynic
3789,Bad Manners,3789,False,Bad Manners
3790,Impetigo,3790,False,Impetigo
3791,The Mighty Mighty Bosstones,3791,False,The Mighty Mighty Bosstones
3792,Bad Brains,3792,False,Bad Brains
3793,The Disco Biscuits,3793,False,The Disco Biscuits
3794,Porcelain Black,3794,False,Porcelain Black
3795,Marilyn Monroe,3795,False,Marilyn Monroe
3796,Tila Tequila,3796,False,Tila Tequila
3797,Blood Red Shoes,3797,False,Blood Red Shoes
3798,Septic Flesh,3798,False,Septic Flesh
3799,Misery Index,3799,False,Misery Index
3800,Unleashed,3800,False,Unleashed
3801,Septycal Gorge,3801,False,Septycal Gorge
3802,Acid Bath,3802,False,Acid Bath
3803,Wolfbrigade,3803,False,Wolfbrigade
3804,Defeated Sanity,3804,False,Defeated Sanity
3805,Neurosis,3805,False,Neurosis
3806,Rotting Christ,3806,False,Rotting Christ
3807,State of Mind,3807,False,State of Mind
3808,Lunar Aurora,3808,False,Lunar Aurora
3809,Electric Wizard,3809,False,Electric Wizard
3810,The Ocean,3810,False,The Ocean
3811,Infernal Revulsion,3811,False,Infernal Revulsion
3812,The Qemists,3812,False,The Qemists
3813,Tides From Nebula,3813,False,Tides From Nebula
3814,Severe Torture,3814,False,Severe Torture
3815,Upcdowncleftcrightcabc+start,3815,False,Upcdowncleftcrightcabc+start
3816,Inherit Disease,3816,False,Inherit Disease
3817,Maybeshewill,3817,False,Maybeshewill
3818,Iron Monkey,3818,False,Iron Monkey
3819,Abominable Putridity,3819,False,Abominable Putridity
3820,Malevolent Creation,3820,False,Malevolent Creation
3821,Francesco Guccini,3821,False,Francesco Guccini
3822,Endstille,3822,False,Endstille
3823,Pretty Lights,3823,False,Pretty Lights
3824,Sinister,3824,False,Sinister
3825,Kronos,3825,False,Kronos
3826,Celeste,3826,False,Celeste
3827,Dolphin,3827,False,Dolphin
3828,Дубовый Гаайъ,3828,False,Дубовый Гаайъ
3829,Мишины Дельфины,3829,False,Мишины Дельфины
3830,Крематорий,3830,False,Крематорий
3831,Аквариум,3831,False,Аквариум
3832,Morten Harket,3832,False,Morten Harket
3833,Lumen,3833,False,Lumen
3834,Блондинка Ксю,3834,False,Блондинка Ксю
3835,Пси(Х)еЯ,3835,False,Пси(Х)еЯ
3836,Чайф,3836,False,Чайф
3837,Алиса,3837,False,Алиса
3838,Михей,3838,False,Михей
3839,Чиж,3839,False,Чиж
3840,Чичерина,3840,False,Чичерина
3841,СерьГа,3841,False,СерьГа
3842,Bonus-Дельфин,3842,False,Bonus-Дельфин
3843,Мальчишник,3843,False,Мальчишник
3844,Дельфин feat. Stella,3844,False,Дельфин feat. Stella
3845,Михей и Джуманджи,3845,False,Михей и Джуманджи
3846,The Wailers,3846,False,The Wailers
3847,Дельфин и Спирали,3847,False,Дельфин и Спирали
3848,Машина времени,3848,False,Машина времени
3849,НАСТЯ,3849,False,НАСТЯ
3850,Танцы Минус,3850,False,Танцы Минус
3851,Настя,3849,True,НАСТЯ
3852,Чиж и Со,3852,False,Чиж и Со
3853,Пси(Х)ея,3835,True,Пси(Х)еЯ
3854,Mo' Horizons,3854,False,Mo' Horizons
3855,Andrius Mamontovas,3855,False,Andrius Mamontovas
3856,Rob Thomas,3856,False,Rob Thomas
3857,Гости Из Будущего,3857,False,Гости Из Будущего
3858,Late Night Alumni,3858,False,Late Night Alumni
3859,Daughtry,3859,False,Daughtry
3860,Molly Johnson,3860,False,Molly Johnson
3861,Koop,3861,False,Koop
3862,Nino Katamadze & Insight,3862,False,Nino Katamadze & Insight
3863,Blank & Jones,3863,False,Blank & Jones
3864,Foje,3864,False,Foje
3865,Nek,3865,False,Nek
3866,Will Young,3866,False,Will Young
3867,M People,3867,False,M People
3868,Kaskade,3868,False,Kaskade
3869,Jurga,3869,False,Jurga
3870,Alina Orlova,3870,False,Alina Orlova
3871,Daniel Powter,3871,False,Daniel Powter
3872,Atif Aslam,3872,False,Atif Aslam
3873,Chris Daughtry,3873,False,Chris Daughtry
3874,Maria Callas,3874,False,Maria Callas
3875,Nitin Sawhney,3875,False,Nitin Sawhney
3876,Chris de Burgh,3876,False,Chris de Burgh
3877,Pink Martini,3877,False,Pink Martini
3878,Macy Gray,3878,False,Macy Gray
3879,Elefante,3879,False,Elefante
3880,Массква,3880,False,Массква
3881,Lene Marlin,3881,False,Lene Marlin
3882,A.R. Rahman,3882,False,A.R. Rahman
3883,Abhijeet Sawant,3883,False,Abhijeet Sawant
3884,Slowdive,3884,False,Slowdive
3885,Julee Cruise,3885,False,Julee Cruise
3886,Angelo Badalamenti,3886,False,Angelo Badalamenti
3887,Shoc Corridor,3887,False,Shoc Corridor
3888,Robert Plant,3888,False,Robert Plant
3889,Chris Isaak,3889,False,Chris Isaak
3890,Mazzy Star,3890,False,Mazzy Star
3891,Romeo Void,3891,False,Romeo Void
3892,Soda Stereo,3892,False,Soda Stereo
3893,This Mortal Coil,3893,False,This Mortal Coil
3894,Colin Newman,3894,False,Colin Newman
3895,Grand Popo Football Club,3895,False,Grand Popo Football Club
3896,Peggy Lee,3896,False,Peggy Lee
3897,Manuel García,3897,False,Manuel García
3898,Javiera Mena,3898,False,Javiera Mena
3899,Gepe,3899,False,Gepe
3900,Lucybell,3900,False,Lucybell
3901,The Gathering,3901,False,The Gathering
3902,CocoRosie,3902,False,CocoRosie
3903,Entre Ríos,3903,False,Entre Ríos
3904,Camila Moreno,3904,False,Camila Moreno
3905,Jorge Drexler,3905,False,Jorge Drexler
3906,Happoradio,3906,False,Happoradio
3907,Neljä Ruusua,3907,False,Neljä Ruusua
3908,Scandinavian Music Group,3908,False,Scandinavian Music Group
3909,Bad Boys Blue,3909,False,Bad Boys Blue
3910,Secret Service,3910,False,Secret Service
3911,Moonlight Affair,3911,False,Moonlight Affair
3912,Ilkka Alanko,3912,False,Ilkka Alanko
3913,Kaija Kärkinen,3913,False,Kaija Kärkinen
3914,Basic Element,3914,False,Basic Element
3915,PMMP,3915,False,PMMP
3916,Silent Circle,3916,False,Silent Circle
3917,Vesterinen yhtyeineen,3917,False,Vesterinen yhtyeineen
3918,Fancy,3918,False,Fancy
3919,Apulanta,3919,False,Apulanta
3920,Bryan Ferry,3920,False,Bryan Ferry
3921,Asia,3921,False,Asia
3922,Tehosekoitin,3922,False,Tehosekoitin
3923,Olavi Uusivirta,3923,False,Olavi Uusivirta
3924,Laura Närhi,3924,False,Laura Närhi
3925,Chisu,3925,False,Chisu
3926,Jon Peafield,3926,False,Jon Peafield
3927,Kutless,3927,False,Kutless
3928,12 Stones,3928,False,12 Stones
3929,Seether (Feat. Amy Lee),3929,False,Seether (Feat. Amy Lee)
3930,Marli,3930,False,Marli
3931,Evan Taubenfeld,3931,False,Evan Taubenfeld
3932,Tamara Angel,3932,False,Tamara Angel
3933,The Cab ft. Hey Monday,3933,False,The Cab ft. Hey Monday
3934,10cc,3934,False,10cc
3935,Francis Dunnery,3935,False,Francis Dunnery
3936,It Bites,3936,False,It Bites
3937,Retro,3937,False,Retro
3938,Wings,3938,False,Wings
3939,RealTobacco,3939,False,RealTobacco
3940,Riverside,3940,False,Riverside
3941,The Associates,3941,False,The Associates
3942,Jellyfish,3942,False,Jellyfish
3943,Skindred,3943,False,Skindred
3944,Hundred Reasons,3944,False,Hundred Reasons
3945,Feeder,3945,False,Feeder
3946,Puddle of Mudd,3946,False,Puddle of Mudd
3947,DJ BoBo,3947,False,DJ BoBo
3948,Alcazar,3948,False,Alcazar
3949,Double You,3949,False,Double You
3950,DJ Calboy,3950,False,DJ Calboy
3951,Mr. President,3951,False,Mr. President
3952,Joy Salinas,3952,False,Joy Salinas
3953,Alexia,3953,False,Alexia
3954,Corona,3954,False,Corona
3955,E-Rotic,3955,False,E-Rotic
3956,Schnuffel,3956,False,Schnuffel
3957,The Soundlovers,3957,False,The Soundlovers
3958,Jenny Berggren,3958,False,Jenny Berggren
3959,ASAP,3959,False,ASAP
3960,Whigfield,3960,False,Whigfield
3961,SNZ,3961,False,SNZ
3962,LaVive,3962,False,LaVive
3963,J.K.,3963,False,J.K.
3964,Masterboy,3964,False,Masterboy
3965,Leilah Moreno,3965,False,Leilah Moreno
3966,Modern Talking,3966,False,Modern Talking
3967,Taleesa,3967,False,Taleesa
3968,Conexão Midi,3968,False,Conexão Midi
3969,No Mercy,3969,False,No Mercy
3970,Alex C,3970,False,Alex C
3971,Undercover,3971,False,Undercover
3972,2 Brothers on the 4th Floor,3972,False,2 Brothers on the 4th Floor
3973,Vengaboys,3973,False,Vengaboys
3974,Fun Factory,3974,False,Fun Factory
3975,DJ Ötzi,3975,False,DJ Ötzi
3976,Ice MC,3976,False,Ice MC
3977,Andrew Sixty,3977,False,Andrew Sixty
3978,Haddaway,3978,False,Haddaway
3979,Fourteen 14,3979,False,Fourteen 14
3980,Dr. Alban,3980,False,Dr. Alban
3981,Paps 'N' Skar,3981,False,Paps 'N' Skar
3982,Eiffel 65,3982,False,Eiffel 65
3983,Rosenstolz,3983,False,Rosenstolz
3984,Miss Papaya,3984,False,Miss Papaya
3985,Gigi D'Agostino,3985,False,Gigi D'Agostino
3986,Final Selection,3986,False,Final Selection
3987,Tom Jones,3987,False,Tom Jones
3988,Mesh,3988,False,Mesh
3989,Бригада С,3989,False,Бригада С
3990,Lou Reed & John Cale,3990,False,Lou Reed & John Cale
3991,Bertine Zetlitz,3991,False,Bertine Zetlitz
3992,Everything but the Girl,3992,False,Everything but the Girl
3993,Shocking Blue,3993,False,Shocking Blue
3994,Tanita Tikaram,3994,False,Tanita Tikaram
3995,Blockhead,3995,False,Blockhead
3996,Sexepil,3996,False,Sexepil
3997,Veil of Maya,3997,False,Veil of Maya
3998,PMtoday,3998,False,PMtoday
3999,The Contortionist,3999,False,The Contortionist
4000,Circle of Contempt,4000,False,Circle of Contempt
4001,Last Chance To Reason,4001,False,Last Chance To Reason
4002,Within The Ruins,4002,False,Within The Ruins
4003,After the Burial,4003,False,After the Burial
4004,The Faceless,4004,False,The Faceless
4005,The Intake of Glass,4005,False,The Intake of Glass
4006,Conducting From the Grave,4006,False,Conducting From the Grave
4007,Kakuna Vs Metapod,4007,False,Kakuna Vs Metapod
4008,Arbiter,4008,False,Arbiter
4009,Scale The Summit,4009,False,Scale The Summit
4010,City In The Sky,4010,False,City In The Sky
4011,Children of Nova,4011,False,Children of Nova
4012,Across The Sun,4012,False,Across The Sun
4013,Make Them Suffer,4013,False,Make Them Suffer
4014,In:aviate,4014,False,In:aviate
4015,Bulb,4015,False,Bulb
4016,Rings Of Saturn,4016,False,Rings Of Saturn
4017,CENTURIES APART,4017,False,CENTURIES APART
4018,An Obscure Signal,4018,False,An Obscure Signal
4019,Volumes,4019,False,Volumes
4020,Structures,4020,False,Structures
4021,Ion Dissonance,4021,False,Ion Dissonance
4022,Midnight Juggernauts,4022,False,Midnight Juggernauts
4023,DJ Risk One,4023,False,DJ Risk One
4024,Benny Benassi,4024,False,Benny Benassi
4025,The Presets,4025,False,The Presets
4026,Monarchy,4026,False,Monarchy
4027,Mr. Oizo,4027,False,Mr. Oizo
4028,Chromeo,4028,False,Chromeo
4029,Boys Noize,4029,False,Boys Noize
4030,We Are Terrorists,4030,False,We Are Terrorists
4031,Freddie Mercury,4031,False,Freddie Mercury
4032,Glass Candy,4032,False,Glass Candy
4033,Surkin,4033,False,Surkin
4034,JDP,4034,False,JDP
4035,Major Lazer,4035,False,Major Lazer
4036,Ferry Corsten,4036,False,Ferry Corsten
4037,Gipsy Kings,4037,False,Gipsy Kings
4038,Grafton Primary,4038,False,Grafton Primary
4039,DatA,4039,False,DatA
4040,Penguin Prison,4040,False,Penguin Prison
4041,Thomas Bangalter,4041,False,Thomas Bangalter
4042,Damn Arms,4042,False,Damn Arms
4043,2 Unlimited,4043,False,2 Unlimited
4044,Soap&Skin,4044,False,Soap&Skin
4045,Ampop,4045,False,Ampop
4046,Metallic Falcons,4046,False,Metallic Falcons
4047,Chinawoman,4047,False,Chinawoman
4048,Scout Niblett,4048,False,Scout Niblett
4049,MUM,4049,False,MUM
4050,Catch The Clouds,4050,False,Catch The Clouds
4051,Morphine,4051,False,Morphine
4052,Dead Man's Bones,4052,False,Dead Man's Bones
4053,Mount Eerie,4053,False,Mount Eerie
4054,Paul Cantelon,4054,False,Paul Cantelon
4055,Лист,4055,False,Лист
4056,Liquid Divine,4056,False,Liquid Divine
4057,Paavoharju,4057,False,Paavoharju
4058,The Brian Jonestown Massacre,4058,False,The Brian Jonestown Massacre
4059,The Black Angels,4059,False,The Black Angels
4060,The Warlocks,4060,False,The Warlocks
4061,The Lucid Visions,4061,False,The Lucid Visions
4062,Fela Kuti,4062,False,Fela Kuti
4063,Warpaint,4063,False,Warpaint
4064,Spiritualized,4064,False,Spiritualized
4065,Martin Carthy & Dave Swarbrick,4065,False,Martin Carthy & Dave Swarbrick
4066,The Shortwave Set,4066,False,The Shortwave Set
4067,Darker My Love,4067,False,Darker My Love
4068,The Rutles,4068,False,The Rutles
4069,The Dandy Warhols,4069,False,The Dandy Warhols
4070,Paper Fortress,4070,False,Paper Fortress
4071,Chatham Rise,4071,False,Chatham Rise
4072,Denison Marrs,4072,False,Denison Marrs
4073,Brendan Benson,4073,False,Brendan Benson
4074,Silversun Pickups,4074,False,Silversun Pickups
4075,Your Vegas,4075,False,Your Vegas
4076,Imaad Wasif,4076,False,Imaad Wasif
4077,Sun City Girls,4077,False,Sun City Girls
4078,Pylon,4078,False,Pylon
4079,Wilco,4079,False,Wilco
4080,The Heads,4080,False,The Heads
4081,Secret Chiefs 3,4081,False,Secret Chiefs 3
4082,Spacemen 3,4082,False,Spacemen 3
4086,I Create,4086,False,I Create
4087,Raul Seixas,4087,False,Raul Seixas
4089,Cold War Kids,4089,False,Cold War Kids
4091,Shikari,4091,False,Shikari
4092,Dinosaur Jr.,4092,False,Dinosaur Jr.
4094,John Fahey,4094,False,John Fahey
4095,Trumans Water,4095,False,Trumans Water
4096,The Chariot,4096,False,The Chariot
4097,The Flatliners,4097,False,The Flatliners
4098,This Is Menace,4098,False,This Is Menace
4099,Cancer Bats,4099,False,Cancer Bats
4100,He Is Legend,4100,False,He Is Legend
4101,Heavy Heavy Low Low,4101,False,Heavy Heavy Low Low
4102,Maylene and the Sons of Disaster,4102,False,Maylene and the Sons of Disaster
4103,From Autumn to Ashes,4103,False,From Autumn to Ashes
4104,Scary Kids Scaring Kids,4104,False,Scary Kids Scaring Kids
4105,KoЯn,4105,False,KoЯn
4106,Exit Ten,4106,False,Exit Ten
4107,Some Girls,4107,False,Some Girls
4108,Emancipator,4108,False,Emancipator
4109,Badly Drawn Boy,4109,False,Badly Drawn Boy
4110,光田康典,4110,False,光田康典
4111,Acid House Kings,4111,False,Acid House Kings
4113,Lamb,4113,False,Lamb
4114,Ben Kweller,4114,False,Ben Kweller
4115,The Vines,4115,False,The Vines
4116,The Cinematics,4116,False,The Cinematics
4117,Saltillo,4117,False,Saltillo
4118,The Postal Service,4118,False,The Postal Service
4119,VETO,4119,False,VETO
4121,Bosques de mi Mente,4121,False,Bosques de mi Mente
4122,Dirty Elegance,4122,False,Dirty Elegance
4123,Mike Oldfield,4123,False,Mike Oldfield
4124,UFO,4124,False,UFO
4125,Status Quo,4125,False,Status Quo
4126,Vangelis,4126,False,Vangelis
4127,Flash and the Pan,4127,False,Flash and the Pan
4128,Porter Band,4128,False,Porter Band
4129,The Jam,4129,False,The Jam
4130,Foreigner,4130,False,Foreigner
4131,Smokie,4131,False,Smokie
4132,The Hooters,4132,False,The Hooters
4133,Traveling Wilburys,4133,False,Traveling Wilburys
4134,Claire Voyant,4134,False,Claire Voyant
4135,Xandria,4135,False,Xandria
4136,Leaves' Eyes,4136,False,Leaves' Eyes
4137,Sirenia,4137,False,Sirenia
4138,Hungry Lucy,4138,False,Hungry Lucy
4139,Cardamon,4139,False,Cardamon
4140,Twilight Soundtrack,4140,False,Twilight Soundtrack
4141,Now,4141,False,Now
4142,Shadowplay,4142,False,Shadowplay
4143,Agua de Annique,4143,False,Agua de Annique
4144,Chandeen,4144,False,Chandeen
4145,Mar de Grises,4145,False,Mar de Grises
4146,Six Magics,4146,False,Six Magics
4147,Liv Kristine,4147,False,Liv Kristine
4148,Foundation,4148,False,Foundation
4149,Fobia,4149,False,Fobia
4150,Octavia Sperati,4150,False,Octavia Sperati
4151,Anneke van Giersbergen,4151,False,Anneke van Giersbergen
4152,Kari Rueslåtten,4152,False,Kari Rueslåtten
4153,Télépopmusik,4153,False,Télépopmusik
4154,WIZO,4154,False,WIZO
4155,Die Ärzte,4155,False,Die Ärzte
4156,Die Toten Hosen,4156,False,Die Toten Hosen
4157,Os Pedrero,4157,False,Os Pedrero
4158,Terrorgruppe,4158,False,Terrorgruppe
4159,Månegarm,4159,False,Månegarm
4160,Merda,4160,False,Merda
4161,Turmion Kätilöt,4161,False,Turmion Kätilöt
4162,Lacrimas Profundere,4162,False,Lacrimas Profundere
4163,Asesino,4163,False,Asesino
4164,Gramofocas,4164,False,Gramofocas
4165,Poison,4165,False,Poison
4166,Confide,4166,False,Confide
4167,Life in Your Way,4167,False,Life in Your Way
4168,"Woe, Is Me",4168,False,"Woe, Is Me"
4169,Blessed by a Broken Heart,4169,False,Blessed by a Broken Heart
4170,Demon Hunter,4170,False,Demon Hunter
4171,Disarmonia Mundi,4171,False,Disarmonia Mundi
4172,In Irons,4172,False,In Irons
4173,Stigmata,4173,False,Stigmata
4174,Kyte,4174,False,Kyte
4175,LeCrae,4175,False,LeCrae
4176,Vinnie Paz,4176,False,Vinnie Paz
4177,Switchfoot,4177,False,Switchfoot
4178,Nightrage,4178,False,Nightrage
4179,Staind,4179,False,Staind
4180,Europe,4180,False,Europe
4181,Nero,4181,False,Nero
4182,ColdWorld,4182,False,ColdWorld
4183,Lucero,4183,False,Lucero
4184,The Bouncing Souls,4184,False,The Bouncing Souls
4185,Lifetime,4185,False,Lifetime
4186,Ann Beretta,4186,False,Ann Beretta
4187,The Lawrence Arms,4187,False,The Lawrence Arms
4188,Jawbreaker,4188,False,Jawbreaker
4189,Alkaline Trio,4189,False,Alkaline Trio
4190,Jets to Brazil,4190,False,Jets to Brazil
4191,Hot Water Music,4191,False,Hot Water Music
4192,A Radio With Guts,4192,False,A Radio With Guts
4193,The Loved Ones,4193,False,The Loved Ones
4194,Descendents,4194,False,Descendents
4195,Chris Mills,4195,False,Chris Mills
4196,The Gaslight Anthem,4196,False,The Gaslight Anthem
4197,Dillinger Four,4197,False,Dillinger Four
4198,The Suicide Machines,4198,False,The Suicide Machines
4199,The Thermals,4199,False,The Thermals
4200,The Broadways,4200,False,The Broadways
4201,The Get Up Kids,4201,False,The Get Up Kids
4202,The Swellers,4202,False,The Swellers
4203,The Anniversary,4203,False,The Anniversary
4204,Bane,4204,False,Bane
4205,Zolof the Rock & Roll Destroyer,4205,False,Zolof the Rock & Roll Destroyer
4206,The Hard Lessons,4206,False,The Hard Lessons
4207,Bear vs. Shark,4207,False,Bear vs. Shark
4208,Streetlight Manifesto,4208,False,Streetlight Manifesto
4209,7Seconds,4209,False,7Seconds
4210,River City Rebels,4210,False,River City Rebels
4211,H2O,4211,False,H2O
4212,Common Rider,4212,False,Common Rider
4213,Operation Ivy,4213,False,Operation Ivy
4214,Angry Samoans,4214,False,Angry Samoans
4215,The Satin Peaches,4215,False,The Satin Peaches
4216,Reel Big Fish,4216,False,Reel Big Fish
4217,"Defiance, Ohio",4217,False,"Defiance, Ohio"
4218,Pennywise,4218,False,Pennywise
4219,Off With Their Heads,4219,False,Off With Their Heads
4220,Bombshell Rocks,4220,False,Bombshell Rocks
4221,Bop Star,4221,False,Bop Star
4222,Strung Out,4222,False,Strung Out
4223,The Spill Canvas,4223,False,The Spill Canvas
4224,The Queers,4224,False,The Queers
4225,Мои Ракеты Вверх,4225,False,Мои Ракеты Вверх
4226,7раса,4226,False,7раса
4227,The New Law,4227,False,The New Law
4228,Everything Is Made in China,4228,False,Everything Is Made in China
4229,Адаптация Пчёл,4229,False,Адаптация Пчёл
4230,The American Dollar,4230,False,The American Dollar
4231,ITAKDALEE,4231,False,ITAKDALEE
4232,Caspian,4232,False,Caspian
4233,Мои Любимые Игры,4233,False,Мои Любимые Игры
4234,Линия,4234,False,Линия
4235,Slot,4235,False,Slot
4236,Preslee,4236,False,Preslee
4237,NEVERSMILE,4237,False,NEVERSMILE
4238,Rout,4238,False,Rout
4239,Scotch,4239,False,Scotch
4240,Eye Alaska,4240,False,Eye Alaska
4241,Комната,4241,False,Комната
4242,QUEST PISTOLs,4242,False,QUEST PISTOLs
4243,Perfume Genius,4243,False,Perfume Genius
4244,Loc-Dog,4244,False,Loc-Dog
4245,Tesla Boy,4245,False,Tesla Boy
4246,100 Bitches,4246,False,100 Bitches
4247,Audio Bullys,4247,False,Audio Bullys
4248,The Author,4248,False,The Author
4249,Netsky,4249,False,Netsky
4250,The Undertones,4250,False,The Undertones
4251,The Yardbirds,4251,False,The Yardbirds
4252,Paloma Faith,4252,False,Paloma Faith
4253,Lila Downs,4253,False,Lila Downs
4254,Marion Raven,4254,False,Marion Raven
4255,Kill Hannah,4255,False,Kill Hannah
4256,Descartes a Kant,4256,False,Descartes a Kant
4257,Ronan Keating,4257,False,Ronan Keating
4258,Marit Larsen,4258,False,Marit Larsen
4259,Cauterize,4259,False,Cauterize
4260,Julieta Venegas,4260,False,Julieta Venegas
4261,Stefanie Heinzmann,4261,False,Stefanie Heinzmann
4262,Taking Back Sunday,4262,False,Taking Back Sunday
4263,Stanfour,4263,False,Stanfour
4264,Every Avenue,4264,False,Every Avenue
4265,Deicide,4265,False,Deicide
4266,Deströyer 666,4266,False,Deströyer 666
4267,Vintersorg,4267,False,Vintersorg
4268,Entombed,4268,False,Entombed
4269,Nargaroth,4269,False,Nargaroth
4270,Borknagar,4270,False,Borknagar
4271,Burzum,4271,False,Burzum
4272,Darkthrone,4272,False,Darkthrone
4273,Celtic Frost,4273,False,Celtic Frost
4274,Nihilist,4274,False,Nihilist
4275,Obituary,4275,False,Obituary
4276,Krisiun,4276,False,Krisiun
4277,Possessed,4277,False,Possessed
4278,Girlschool,4278,False,Girlschool
4279,Chrome Division,4279,False,Chrome Division
4280,Cathedral,4280,False,Cathedral
4281,Silencer,4281,False,Silencer
4282,Glittertind,4282,False,Glittertind
4283,Sarcófago,4283,False,Sarcófago
4284,Rebel Meets Rebel,4284,False,Rebel Meets Rebel
4285,Arcturus,4285,False,Arcturus
4286,Doro,4286,False,Doro
4287,Hellhammer,4287,False,Hellhammer
4288,Mütiilation,4288,False,Mütiilation
4289,The Carburetors,4289,False,The Carburetors
4290,Dissection,4290,False,Dissection
4291,Drake Bell,4291,False,Drake Bell
4292,Hayden Panettiere,4292,False,Hayden Panettiere
4293,Wolf Eyes & Black Dice,4293,False,Wolf Eyes & Black Dice
4294,Corbin Bleu,4294,False,Corbin Bleu
4295,Andy Fletcher,4295,False,Andy Fletcher
4296,Minerve,4296,False,Minerve
4297,Линда,4297,False,Линда
4298,Валерий Меладзе,4298,False,Валерий Меладзе
4299,Браво,4299,False,Браво
4300,Christian Eigner,4300,False,Christian Eigner
4301,Дмитрий Маликов,4301,False,Дмитрий Маликов
4302,Гости из будущего,3857,True,Гости Из Будущего
4303,Daggers,4303,False,Daggers
4304,Alpinestars,4304,False,Alpinestars
4305,Timofey & Bartosz Brenes vs Terri B!,4305,False,Timofey & Bartosz Brenes vs Terri B!
4306,Timo Maas,4306,False,Timo Maas
4307,Trash Palace,4307,False,Trash Palace
4308,Client,4308,False,Client
4309,Akcent,4309,False,Akcent
4310,Babylonia,4310,False,Babylonia
4311,Ian Brown,4311,False,Ian Brown
4312,Frozen Plasma,4312,False,Frozen Plasma
4313,Nephew,4313,False,Nephew
4314,Adriano Celentano,4314,False,Adriano Celentano
4315,Digital Machine,4315,False,Digital Machine
4316,Tricky,4316,False,Tricky
4317,Melotron,4317,False,Melotron
4318,Evil's Toy,4318,False,Evil's Toy
4319,Dark Moor,4319,False,Dark Moor
4320,Derdian,4320,False,Derdian
4321,Galneryus,4321,False,Galneryus
4322,Freedom Call,4322,False,Freedom Call
4323,Fairyland,4323,False,Fairyland
4324,Heavenly,4324,False,Heavenly
4325,Nocturnal Rites,4325,False,Nocturnal Rites
4326,Labyrinth,4326,False,Labyrinth
4327,Altaria,4327,False,Altaria
4328,Dreamtale,4328,False,Dreamtale
4329,Secret Sphere,4329,False,Secret Sphere
4330,Aina,4330,False,Aina
4331,Edenbridge,4331,False,Edenbridge
4332,Royal Hunt,4332,False,Royal Hunt
4333,Silent Force,4333,False,Silent Force
4334,Luca Turilli's Dreamquest,4334,False,Luca Turilli's Dreamquest
4335,Elvenking,4335,False,Elvenking
4336,Vision Divine,4336,False,Vision Divine
4337,Lost Horizon,4337,False,Lost Horizon
4338,Domine,4338,False,Domine
4339,Symphonity,4339,False,Symphonity
4340,Aquaria,4340,False,Aquaria
4341,At Vance,4341,False,At Vance
4342,Dream Evil,4342,False,Dream Evil
4343,Battlelore,4343,False,Battlelore
4344,Damian Marley,4344,False,Damian Marley
4345,Echidna,4345,False,Echidna
4346,Walls of Jericho,4346,False,Walls of Jericho
4347,Morodo,4347,False,Morodo
4348,Jermaine Jackson,4348,False,Jermaine Jackson
4349,Barão Vermelho,4349,False,Barão Vermelho
4350,Rouge,4350,False,Rouge
4351,Lionel Richie,4351,False,Lionel Richie
4352,É o Tchan,4352,False,É o Tchan
4353,Jimmie's Chicken Shack,4353,False,Jimmie's Chicken Shack
4354,Toadies,4354,False,Toadies
4355,Wiser Time,4355,False,Wiser Time
4356,Clutch,4356,False,Clutch
4357,Alice Donut,4357,False,Alice Donut
4358,The Steepwater Band,4358,False,The Steepwater Band
4359,Mudhoney,4359,False,Mudhoney
4360,General Patton vs. The X-Ecutioners,4360,False,General Patton vs. The X-Ecutioners
4361,Jars of Clay,4361,False,Jars of Clay
4362,American Skathic,4362,False,American Skathic
4363,Gerry Rafferty,4363,False,Gerry Rafferty
4364,Liquid Motor Commission,4364,False,Liquid Motor Commission
4365,The Tea Party,4365,False,The Tea Party
4366,Ours,4366,False,Ours
4367,Green Romance Orchestra,4367,False,Green Romance Orchestra
4368,Tantric,4368,False,Tantric
4369,Tom Petty and the Heartbreakers,4369,False,Tom Petty and the Heartbreakers
4370,Brother Cane,4370,False,Brother Cane
4371,Gin Blossoms,4371,False,Gin Blossoms
4372,Broadzilla,4372,False,Broadzilla
4373,Cry of Love,4373,False,Cry of Love
4374,Ruth Ruth,4374,False,Ruth Ruth
4375,MxPx,4375,False,MxPx
4376,Poster Children,4376,False,Poster Children
4377,Marc Ford,4377,False,Marc Ford
4378,Garden of souls,4378,False,Garden of souls
4379,Weather Report,4379,False,Weather Report
4380,Rebecca St. James,4380,False,Rebecca St. James
4381,Villa Nah,4381,False,Villa Nah
4382,Sohodolls,4382,False,Sohodolls
4383,The Crash,4383,False,The Crash
4384,The Raveonettes,4384,False,The Raveonettes
4385,Hellogoodbye,4385,False,Hellogoodbye
4386,Gentle Touch,4386,False,Gentle Touch
4387,"Does It Offend You, Yeah?",4387,False,"Does It Offend You, Yeah?"
4388,Juvelen,4388,False,Juvelen
4389,Junior Senior,4389,False,Junior Senior
4390,Uusi Fantasia,4390,False,Uusi Fantasia
4391,Vinylshakerz,4391,False,Vinylshakerz
4392,Sue and The Unicorn,4392,False,Sue and The Unicorn
4393,SynthPop Isn't Coool,4393,False,SynthPop Isn't Coool
4394,Foxboro Hot Tubs,4394,False,Foxboro Hot Tubs
4395,Lungbutter,4395,False,Lungbutter
4396,HealeyIsland,4396,False,HealeyIsland
4397,Angry Petunias,4397,False,Angry Petunias
4398,Krackatoa,4398,False,Krackatoa
4399,Burrito,4399,False,Burrito
4400,Fugdale,4400,False,Fugdale
4401,Corrientes,4401,False,Corrientes
4402,Ugress,4402,False,Ugress
4403,Rymdkraft,4403,False,Rymdkraft
4404,The Peach Tree,4404,False,The Peach Tree
4405,Frank Zappa & Captain Beefheart,4405,False,Frank Zappa & Captain Beefheart
4406,Pixieguts,4406,False,Pixieguts
4407,A Band Featuring Instruments,4407,False,A Band Featuring Instruments
4408,Joe Soup,4408,False,Joe Soup
4409,Idiots of Idiocy (I.O.I.),4409,False,Idiots of Idiocy (I.O.I.)
4410,Glejs,4410,False,Glejs
4411,Milo Moesche,4411,False,Milo Moesche
4412,Giant Sand,4412,False,Giant Sand
4413,Illicit Love Parade,4413,False,Illicit Love Parade
4414,Remergence,4414,False,Remergence
4415,The Mental Attack,4415,False,The Mental Attack
4416,Electromagnetic Impulses,4416,False,Electromagnetic Impulses
4417,Subliminal Attraction,4417,False,Subliminal Attraction
4418,Kyn3ticXR,4418,False,Kyn3ticXR
4419,Nessie & Her Beard,4419,False,Nessie & Her Beard
4420,Friends of redhalo,4420,False,Friends of redhalo
4421,Darius Greene,4421,False,Darius Greene
4422,The Review Board,4422,False,The Review Board
4423,Sergei Rachmaninoff,4423,False,Sergei Rachmaninoff
4424,Ray Manzarek,4424,False,Ray Manzarek
4425,"Tutu, No Pushen Eto",4425,False,"Tutu, No Pushen Eto"
4426,Jūdas graši,4426,False,Jūdas graši
4427,Sky Eats Airplane,4427,False,Sky Eats Airplane
4428,Smile Empty Soul,4428,False,Smile Empty Soul
4429,Dakota Star,4429,False,Dakota Star
4430,BACK-ON,4430,False,BACK-ON
4431,Stephanie,4431,False,Stephanie
4432,Our Lady Peace,4432,False,Our Lady Peace
4433,Greenwheel,4433,False,Greenwheel
4434,The Ataris,4434,False,The Ataris
4435,The Bravery,4435,False,The Bravery
4436,Marianas Trench,4436,False,Marianas Trench
4437,梶浦由記,4437,False,梶浦由記
4438,Us5,4438,False,Us5
4439,Dishwalla,4439,False,Dishwalla
4440,twin cities,4440,False,twin cities
4441,Tulsa,4441,False,Tulsa
4442,Ryan Adams & The Cardinals,4442,False,Ryan Adams & The Cardinals
4443,Yuck,4443,False,Yuck
4444,Doves,4444,False,Doves
4445,Bad Veins,4445,False,Bad Veins
4446,Stephen Fretwell,4446,False,Stephen Fretwell
4447,Beth Orton,4447,False,Beth Orton
4448,Tame Impala,4448,False,Tame Impala
4449,The Folk Implosion,4449,False,The Folk Implosion
4450,The Acorn,4450,False,The Acorn
4451,The Twilight Singers,4451,False,The Twilight Singers
4452,Black Drawing Chalks,4452,False,Black Drawing Chalks
4453,Sky Fetish,4453,False,Sky Fetish
4454,Diego Maraschin,4454,False,Diego Maraschin
4455,Paul Stanley,4455,False,Paul Stanley
4457,Turbonegro,4457,False,Turbonegro
4458,Ace Frehley,4458,False,Ace Frehley
4459,Forgotten Boys,4459,False,Forgotten Boys
4460,Cinderella,4460,False,Cinderella
4461,Inimigos da HP,4461,False,Inimigos da HP
4462,Jeito Moleque,4462,False,Jeito Moleque
4463,Fernando & Sorocaba,4463,False,Fernando & Sorocaba
4464,Turma do Pagode,4464,False,Turma do Pagode
4465,Edson & Hudson,4465,False,Edson & Hudson
4466,Armandinho,4466,False,Armandinho
4467,Pixote,4467,False,Pixote
4468,Darvin,4468,False,Darvin
4469,Chiclete Com Banana,4469,False,Chiclete Com Banana
4470,João Bosco e Vinícius,4470,False,João Bosco e Vinícius
4471,João Bosco & Vinícius,4471,False,João Bosco & Vinícius
4473,Victor e Léo,4473,False,Victor e Léo
4474,Luan Santana,4474,False,Luan Santana
4480,Sharpay & Ryan,4480,False,Sharpay & Ryan
4481,Leslie Mills,4481,False,Leslie Mills
4484,hugo pena e gabriel,4484,False,hugo pena e gabriel
4486,Grupo Revelação,4486,False,Grupo Revelação
4487,Jon McLaughlin,4487,False,Jon McLaughlin
4488,Marié Digby,4488,False,Marié Digby
4489,Jennifer Love Hewitt,4489,False,Jennifer Love Hewitt
4490,Josh Kelley,4490,False,Josh Kelley
4491,Joe McElderry,4491,False,Joe McElderry
4492,Ashley Roberts,4492,False,Ashley Roberts
4493,The Bangles,4493,False,The Bangles
4494,Joe Jackson,4494,False,Joe Jackson
4495,Dusty Springfield,4495,False,Dusty Springfield
4496,Grade 8,4496,False,Grade 8
4497,The Acacia Strain,4497,False,The Acacia Strain
4498,Dysphoria,4498,False,Dysphoria
4499,The Last Of Lucy,4499,False,The Last Of Lucy
4500,Pro-Pain,4500,False,Pro-Pain
4501,Фактор Страха,4501,False,Фактор Страха
4502,Слот,4502,False,Слот
4503,Oceano,4503,False,Oceano
4504,Terror,4504,False,Terror
4505,Паровоз На Резиновом Ходу,4505,False,Паровоз На Резиновом Ходу
4506,Немоляев-Селезнев,4506,False,Немоляев-Селезнев
4507,La Vida Cuesta Libertades,4507,False,La Vida Cuesta Libertades
4508,My Autumn,4508,False,My Autumn
4509,Skorbut,4509,False,Skorbut
4510,Smaxone,4510,False,Smaxone
4511,Silent Decay,4511,False,Silent Decay
4512,"Jay-Z, Bono, The Edge & Rihanna",4512,False,"Jay-Z, Bono, The Edge & Rihanna"
4513,Catch Side,4513,False,Catch Side
4514,Diwali,4514,False,Diwali
4515,JYJ,4515,False,JYJ
4516,S.M. THE BALLAD,4516,False,S.M. THE BALLAD
4517,TEEN TOP,4517,False,TEEN TOP
4518,JoMo,4518,False,JoMo
4519,War Party,4519,False,War Party
4520,Hank Williams,4520,False,Hank Williams
4521,Uncle Tupelo,4521,False,Uncle Tupelo
4522,Kris Kristofferson,4522,False,Kris Kristofferson
4523,Jana Lewitová/Rudolf Merinský/Pavel Plánka/Hana Fleková/Ingeborg Žadná,4523,False,Jana Lewitová/Rudolf Merinský/Pavel Plánka/Hana Fleková/Ingeborg Žadná
4524,Gillian Welch,4524,False,Gillian Welch
4525,Kajto,4525,False,Kajto
4526,The Flying Burrito Brothers,4526,False,The Flying Burrito Brothers
4527,Kaj Tiel Plu,4527,False,Kaj Tiel Plu
4528,Meven,4528,False,Meven
4529,The Handsome Family,4529,False,The Handsome Family
4530,Steve Earle,4530,False,Steve Earle
4531,Lucinda Williams,4531,False,Lucinda Williams
4532,Bonnie 'Prince' Billy,4532,False,Bonnie 'Prince' Billy
4533,NPR,4533,False,NPR
4534,Jacques Yvart,4534,False,Jacques Yvart
4535,Loretta Lynn,4535,False,Loretta Lynn
4536,Hank Williams III,4536,False,Hank Williams III
4537,Guy Clark,4537,False,Guy Clark
4538,The Band,4538,False,The Band
4539,Billy Bragg & Wilco,4539,False,Billy Bragg & Wilco
4540,Dolchamar,4540,False,Dolchamar
4541,Lou Reed,4541,False,Lou Reed
4542,George Jones,4542,False,George Jones
4543,Willie Nelson,4543,False,Willie Nelson
4544,Gram Parsons,4544,False,Gram Parsons
4545,Emmylou Harris,4545,False,Emmylou Harris
4546,Seleshe Damessae,4546,False,Seleshe Damessae
4547,ABC Radio National,4547,False,ABC Radio National
4548,Yasemin Mori,4548,False,Yasemin Mori
4549,Nick Black,4549,False,Nick Black
4550,In Fear and Faith,4550,False,In Fear and Faith
4551,Liberty X,4551,False,Liberty X
4552,Res,4552,False,Res
4553,Lisa Miskovsky,4553,False,Lisa Miskovsky
4554,Leon Jackson,4554,False,Leon Jackson
4555,K,4555,False,K
4556,Brad Kavanagh,4556,False,Brad Kavanagh
4557,NLT,4557,False,NLT
4558,Wonder Girls,4558,False,Wonder Girls
4559,Busted,4559,False,Busted
4560,Brooke Hogan,4560,False,Brooke Hogan
4561,Edward Maya,4561,False,Edward Maya
4562,Jason Derülo,4562,False,Jason Derülo
4563,Wynter Gordon,4563,False,Wynter Gordon
4564,Tinie Tempah,4564,False,Tinie Tempah
4565,Doda,4565,False,Doda
4566,Amerie,4566,False,Amerie
4567,O.N.A.,4567,False,O.N.A.
4568,Virgin,4568,False,Virgin
4569,Maria Peszek,4569,False,Maria Peszek
4570,Nosowska,4570,False,Nosowska
4571,Isis Gee,4571,False,Isis Gee
4572,Chylińska,4572,False,Chylińska
4573,Natalia Kukulska,4573,False,Natalia Kukulska
4574,Ania,4574,False,Ania
4575,Rebecca Black,4575,False,Rebecca Black
4576,www.djrobsonmichel.com,4576,False,www.djrobsonmichel.com
4577,Moda,4577,False,Moda
4578,Stefani,4578,False,Stefani
4579,Lady Gaga VS Christina Aguilera,4579,False,Lady Gaga VS Christina Aguilera
4580,Shareefa,4580,False,Shareefa
4581,Dougie Poynter,4581,False,Dougie Poynter
4582,Greyson Chance,4582,False,Greyson Chance
4583,Azax Syndrom,4583,False,Azax Syndrom
4584,Xeg,4584,False,Xeg
4585,Method Man,4585,False,Method Man
4586,RZA,4586,False,RZA
4587,GMS,4587,False,GMS
4588,CPU,4588,False,CPU
4589,Peter Bailey & Richie Santana,4589,False,Peter Bailey & Richie Santana
4590,Afrika Bambaataa,4590,False,Afrika Bambaataa
4591,Invisibl Skratch Piklz,4591,False,Invisibl Skratch Piklz
4592,The Coup,4592,False,The Coup
4593,Menog,4593,False,Menog
4594,Rinkadink,4594,False,Rinkadink
4595,Sirius Isness,4595,False,Sirius Isness
4596,E-40,4596,False,E-40
4597,dead prez,4597,False,dead prez
4598,Naughty by Nature,4598,False,Naughty by Nature
4599,Dubfire,4599,False,Dubfire
4600,Astrix,4600,False,Astrix
4601,Penta,4601,False,Penta
4602,XSI,4602,False,XSI
4603,Gravediggaz,4603,False,Gravediggaz
4604,Kalisia,4604,False,Kalisia
4605,Moonsorrow,4605,False,Moonsorrow
4606,Forefather,4606,False,Forefather
4607,MARY ROSE,4607,False,MARY ROSE
4608,Equilibrium,4608,False,Equilibrium
4609,Brainstorm,4609,False,Brainstorm
4610,Into Eternity,4610,False,Into Eternity
4611,Alcest,4611,False,Alcest
4612,In Mourning,4612,False,In Mourning
4613,Orphaned Land,4613,False,Orphaned Land
4614,The Morningside,4614,False,The Morningside
4615,Obscura,4615,False,Obscura
4616,Jamie Cullum,4616,False,Jamie Cullum
4617,Bow Wow,4617,False,Bow Wow
4618,Ingrid Michaelson,4618,False,Ingrid Michaelson
4619,Jazmine Sullivan,4619,False,Jazmine Sullivan
4620,Cat Stevens,4620,False,Cat Stevens
4621,Desaparecidos,4621,False,Desaparecidos
4622,The La's,4622,False,The La's
4623,Pimsleur,4623,False,Pimsleur
4624,Louis La Roche,4624,False,Louis La Roche
4625,Tribraco,4625,False,Tribraco
4626,Unnaddarè,4626,False,Unnaddarè
4627,Neo,4627,False,Neo
4628,Mini k Bros,4628,False,Mini k Bros
4629,Neilos,4629,False,Neilos
4630,Pink Puffers,4630,False,Pink Puffers
4631,Snakeprint,4631,False,Snakeprint
4632,Spiral69,4632,False,Spiral69
4633,Tubax,4633,False,Tubax
4634,Goodphellas,4634,False,Goodphellas
4635,Solar Orchestra,4635,False,Solar Orchestra
4636,Zu,4636,False,Zu
4637,Thrangh,4637,False,Thrangh
4638,SUPERiO,4638,False,SUPERiO
4639,Squartet,4639,False,Squartet
4640,The Recyclers,4640,False,The Recyclers
4641,The Flatlands Collective,4641,False,The Flatlands Collective
4642,Zu & Mats Gustafsson,4642,False,Zu & Mats Gustafsson
4643,Mark O'Leary,4643,False,Mark O'Leary
4644,Rossano Baldini,4644,False,Rossano Baldini
4645,Steve Lacy With Don Cherry,4645,False,Steve Lacy With Don Cherry
4646,Zloty Dawai,4646,False,Zloty Dawai
4647,Henry Threadgill's Zooid,4647,False,Henry Threadgill's Zooid
4648,[Br]om,4648,False,[Br]om
4649,Franco Battiato,4649,False,Franco Battiato
4650,Diatribes,4650,False,Diatribes
4651,Black Bear Combo,4651,False,Black Bear Combo
4652,Last Exit,4652,False,Last Exit
4653,The Ganelin Trio,4653,False,The Ganelin Trio
4654,paxit,4654,False,paxit
4655,C.S.I.,4655,False,C.S.I.
4656,Wadada Leo Smith's Golden Quartet,4656,False,Wadada Leo Smith's Golden Quartet
4657,Fred Anderson,4657,False,Fred Anderson
4658,Plaistow,4658,False,Plaistow
4659,Ellery Eskelin,4659,False,Ellery Eskelin
4660,Henry Threadgill & Make a Move,4660,False,Henry Threadgill & Make a Move
4661,John Tchicai,4661,False,John Tchicai
4662,The Flying Luttenbachers,4662,False,The Flying Luttenbachers
4663,CCCP – Fedeli Alla Linea,4663,False,CCCP – Fedeli Alla Linea
4664,Wozzeck,4664,False,Wozzeck
4665,Tripleplay,4665,False,Tripleplay
4666,Peter Brötzmann,4666,False,Peter Brötzmann
4669,Necrophagist,4669,False,Necrophagist
4670,Evergrey,4670,False,Evergrey
4671,Adagio,4671,False,Adagio
4675,Camel,4675,False,Camel
4678,Psycroptic,4678,False,Psycroptic
4679,Luca Turilli,4679,False,Luca Turilli
4680,Blaze,4680,False,Blaze
4681,Andromeda,4681,False,Andromeda
4685,Потап и Настя Каменских,4685,False,Потап и Настя Каменских
4686,Arash,4686,False,Arash
4687,Пара Нормальных,4687,False,Пара Нормальных
4688,МакSим,4688,False,МакSим
4689,Игра Слов,4689,False,Игра Слов
4690,Green Carnation,4690,False,Green Carnation
4691,My Dying Bride,4691,False,My Dying Bride
4692,The Old Dead Tree,4692,False,The Old Dead Tree
4693,Nightingale,4693,False,Nightingale
4694,Avec Tristesse,4694,False,Avec Tristesse
4695,Winds,4695,False,Winds
4696,The-Dream,4696,False,The-Dream
4697,María José,4697,False,María José
4698,Ana Victoria,4698,False,Ana Victoria
4699,Barbara Muñoz,4699,False,Barbara Muñoz
4700,Playa Limbo,4700,False,Playa Limbo
4701,Mala Rodríguez,4701,False,Mala Rodríguez
4702,Marta Sánchez,4702,False,Marta Sánchez
4703,JotDog,4703,False,JotDog
4704,Ladyhawke,4704,False,Ladyhawke
4705,All Saints,4705,False,All Saints
4706,Sam Sparro,4706,False,Sam Sparro
4707,Gabriella Cilmi,4707,False,Gabriella Cilmi
4708,Tiago Iorc,4708,False,Tiago Iorc
4709,Roberta Sá,4709,False,Roberta Sá
4710,John Legend,4710,False,John Legend
4711,Lizz Wright,4711,False,Lizz Wright
4712,Ministério Luz,4712,False,Ministério Luz
4713,Teairra Mari,4713,False,Teairra Mari
4716,Vanessa da Mata,4716,False,Vanessa da Mata
4717,Tulipa Ruiz,4717,False,Tulipa Ruiz
4719,Negra Li,4719,False,Negra Li
4720,2 Many DJ's,4720,False,2 Many DJ's
4722,Batmobile,4722,False,Batmobile
4723,Messer Chups,4723,False,Messer Chups
4724,The Meteors,4724,False,The Meteors
4725,Tiga,4725,False,Tiga
4726,In Flagranti,4726,False,In Flagranti
4727,Kavinsky,4727,False,Kavinsky
4728,Vitalic,4728,False,Vitalic
4731,Brazilian Girls,4731,False,Brazilian Girls
4732,Fischerspooner,4732,False,Fischerspooner
4733,Sebastian,4733,False,Sebastian
4734,Trentemøller,4734,False,Trentemøller
4735,Junior Boys,4735,False,Junior Boys
4736,Vivian Girls,4736,False,Vivian Girls
4737,Revis,4737,False,Revis
4738,Static Cycle,4738,False,Static Cycle
4739,Silvergun,4739,False,Silvergun
4740,Big Dismal,4740,False,Big Dismal
4741,A Change of Pace,4741,False,A Change of Pace
4742,Ash,4742,False,Ash
4743,Radial Angel,4743,False,Radial Angel
4744,Green River Ordinance,4744,False,Green River Ordinance
4745,Starfield,4745,False,Starfield
4746,Sanctus Real,4746,False,Sanctus Real
4747,Fireflight,4747,False,Fireflight
4748,SEGA,4748,False,SEGA
4749,Fighting Instinct,4749,False,Fighting Instinct
4750,Jeremy Camp,4750,False,Jeremy Camp
4751,Rains,4751,False,Rains
4752,Alive Inside,4752,False,Alive Inside
4753,Vonray,4753,False,Vonray
4754,Silverstone,4754,False,Silverstone
4755,doubleDrive,4755,False,doubleDrive
4756,Quietdrive,4756,False,Quietdrive
4757,Old Man Shattered,4757,False,Old Man Shattered
4758,Rush of Fools,4758,False,Rush of Fools
4759,Closure,4759,False,Closure
4760,Adelitas Way,4760,False,Adelitas Way
4761,Desperation Band,4761,False,Desperation Band
4762,Acceptance,4762,False,Acceptance
4763,Cutting Pink with Knives,4763,False,Cutting Pink with Knives
4764,Bedford,4764,False,Bedford
4765,Marina Łuczenko,4765,False,Marina Łuczenko
4766,Mrozu,4766,False,Mrozu
4767,Aura Dione,4767,False,Aura Dione
4768,Robert M,4768,False,Robert M
4769,Gosia Andrzejewicz,4769,False,Gosia Andrzejewicz
4770,Katerine Avgoustakis,4770,False,Katerine Avgoustakis
4771,Troels B. Folmann,4771,False,Troels B. Folmann
4772,Alvin és a Mókusok,4772,False,Alvin és a Mókusok
4773,Krystal Meyers,4773,False,Krystal Meyers
4774,Adept,4774,False,Adept
4775,Gareth Emery,4775,False,Gareth Emery
4776,Richy Nix,4776,False,Richy Nix
4777,Depresszió,4777,False,Depresszió
4778,GG Allin,4778,False,GG Allin
4779,Aesop Rock,4779,False,Aesop Rock
4780,Jim Croce,4780,False,Jim Croce
4781,Anal Cunt,4781,False,Anal Cunt
4782,Rick Wakeman,4782,False,Rick Wakeman
4783,That Handsome Devil,4783,False,That Handsome Devil
4784,"Emerson, Lake & Palmer",4784,False,"Emerson, Lake & Palmer"
4785,The Ventures,4785,False,The Ventures
4786,Sweatshop Union,4786,False,Sweatshop Union
4787,Atheist,4787,False,Atheist
4788,Coprofago,4788,False,Coprofago
4789,Brendon Small,4789,False,Brendon Small
4790,Gentle Giant,4790,False,Gentle Giant
4791,Ratos de Porão,4791,False,Ratos de Porão
4792,The Vibrators,4792,False,The Vibrators
4793,Cachorro Grande,4793,False,Cachorro Grande
4794,Violator,4794,False,Violator
4795,The Modern Lovers,4795,False,The Modern Lovers
4796,Tim Maia,4796,False,Tim Maia
4797,Street Bulldogs,4797,False,Street Bulldogs
4798,Bandas Gaúchas -  www.DownsMtv.com,4798,False,Bandas Gaúchas -  www.DownsMtv.com
4799,Pata de Elefante,4799,False,Pata de Elefante
4800,Planet Hemp,4800,False,Planet Hemp
4801,Graforréia Xilarmônica,4801,False,Graforréia Xilarmônica
4802,Ida Maria,4802,False,Ida Maria
4803,S.O.D.,4803,False,S.O.D.
4804,Menstruação Anarquika,4804,False,Menstruação Anarquika
4805,The Exploited,4805,False,The Exploited
4806,Moreira da Silva,4806,False,Moreira da Silva
4807,New York Dolls,4807,False,New York Dolls
4808,Validuaté,4808,False,Validuaté
4809,The Saints,4809,False,The Saints
4810,The Pipettes,4810,False,The Pipettes
4811,Cody Simpson,4811,False,Cody Simpson
4812,N-Dubz,4812,False,N-Dubz
4813,Roxanne Emery,4813,False,Roxanne Emery
4814,Natalia Kills,4814,False,Natalia Kills
4815,Kristin Chenoweth,4815,False,Kristin Chenoweth
4816,Eddie,4816,False,Eddie
4817,La Oreja de Van Gogh,4817,False,La Oreja de Van Gogh
4818,Nando Reis,4818,False,Nando Reis
4819,Fernanda Takai,4819,False,Fernanda Takai
4820,Lagwagon,4820,False,Lagwagon
4821,NOFX,4821,False,NOFX
4822,No Use for a Name,4822,False,No Use for a Name
4823,Cueio Limão,4823,False,Cueio Limão
4824,Slick Shoes,4824,False,Slick Shoes
4825,Cólera,4825,False,Cólera
4826,Rufio,4826,False,Rufio
4827,Me First and the Gimme Gimmes,4827,False,Me First and the Gimme Gimmes
4828,Forfun,4828,False,Forfun
4829,SK84,4829,False,SK84
4830,Belvedere,4830,False,Belvedere
4831,Display,4831,False,Display
4832,Mest,4832,False,Mest
4833,Less Than Jake,4833,False,Less Than Jake
4834,Carbona,4834,False,Carbona
4835,Bad Astronaut,4835,False,Bad Astronaut
4836,Fenix TX,4836,False,Fenix TX
4837,The Starting Line,4837,False,The Starting Line
4838,Rodox,4838,False,Rodox
4839,Aditive,4839,False,Aditive
4840,Killi,4840,False,Killi
4841,Hardneja Sertacore,4841,False,Hardneja Sertacore
4842,Porcos Cegos,4842,False,Porcos Cegos
4843,Mutação,4843,False,Mutação
4844,Houdini,4844,False,Houdini
4845,Blind Pigs,4845,False,Blind Pigs
4846,Fistt,4846,False,Fistt
4847,Face to Face,4847,False,Face to Face
4848,Gritando HC,4848,False,Gritando HC
4849,Ira!,4849,False,Ira!
4850,Strike,4850,False,Strike
4851,Elton,4851,False,Elton
4852,Red Snapper,4852,False,Red Snapper
4853,Cujo,4853,False,Cujo
4854,Aoki Takamasa,4854,False,Aoki Takamasa
4855,Tequilajazzz,4855,False,Tequilajazzz
4856,Pasobionic,4856,False,Pasobionic
4857,Sven Weisemann,4857,False,Sven Weisemann
4858,KAVver.,4858,False,KAVver.
4859,Alissid Jazz!,4859,False,Alissid Jazz!
4860,Aoki Takamasa + Tujiko Noriko,4860,False,Aoki Takamasa + Tujiko Noriko
4861,Drumcorps,4861,False,Drumcorps
4862,Крихітка Цахес,4862,False,Крихітка Цахес
4863,Funki Porcini,4863,False,Funki Porcini
4864,electro jazz divas,4864,False,electro jazz divas
4865,ISAN,4865,False,ISAN
4866,Gabriel o Pensador,4866,False,Gabriel o Pensador
4867,Thaeme Mariôto,4867,False,Thaeme Mariôto
4868,Luiza Possi,4868,False,Luiza Possi
4869,Cheiro de Amor,4869,False,Cheiro de Amor
4870,Lorena Simpson,4870,False,Lorena Simpson
4871,Project Pitchfork,4871,False,Project Pitchfork
4872,Deine Lakaien,4872,False,Deine Lakaien
4873,Panzer AG,4873,False,Panzer AG
4874,Imperative Reaction,4874,False,Imperative Reaction
4875,Leæther Strip,4875,False,Leæther Strip
4876,In Strict Confidence,4876,False,In Strict Confidence
4877,Decoded Feedback,4877,False,Decoded Feedback
4878,Jewelry,4878,False,Jewelry
4879,Selena Gomez & Demi Lovato,4879,False,Selena Gomez & Demi Lovato
4880,Sandra,4880,False,Sandra
4881,Britney Spears vs Avril Lavigne,4881,False,Britney Spears vs Avril Lavigne
4882,Miley Cyrus攀,4882,False,Miley Cyrus攀
4883,TLC,4883,False,TLC
4884,Crazy Loop,4884,False,Crazy Loop
4885,Mini Viva,4885,False,Mini Viva
4886,Demi Lovato Ft. Miley Cyrus Ft. Selena Gomez Ft. Jonas Brothers,4886,False,Demi Lovato Ft. Miley Cyrus Ft. Selena Gomez Ft. Jonas Brothers
4887,Гражданская Оборона,4887,False,Гражданская Оборона
4888,missis Garrison,4888,False,missis Garrison
4889,Flёur,4889,False,Flёur
4890,Идефикс,4890,False,Идефикс
4891,4ре Апреля,4891,False,4ре Апреля
4892,Лион,4892,False,Лион
4893,Ассаи,4893,False,Ассаи
4894,Cubique Music Band,4894,False,Cubique Music Band
4895,Янка Дягилева,4895,False,Янка Дягилева
4896,П.Т.В.П.,4896,False,П.Т.В.П.
4897,Легион,4897,False,Легион
4898,Across Five Aprils,4898,False,Across Five Aprils
4899,Идефикс и Ганза,4899,False,Идефикс и Ганза
4900,МС Молодой,4900,False,МС Молодой
4901,Егор и Опизденевшие,4901,False,Егор и Опизденевшие
4902,Торба-На-Круче,16016,True,Торба-на-Круче
4903,Птаха feat. Ua,4903,False,Птаха feat. Ua
4904,Blue London,4904,False,Blue London
4905,Мультfильмы,4905,False,Мультfильмы
4906,Сурганова и Оркестр,4906,False,Сурганова и Оркестр
4907,ПолитЗек,4907,False,ПолитЗек
4908,Wax Angel,4908,False,Wax Angel
4909,Кедровая Фитобочка,4909,False,Кедровая Фитобочка
4910,E.S.T.,4910,False,E.S.T.
4911,Ландыши,4911,False,Ландыши
4912,E Nomine,4912,False,E Nomine
4913,Berliner Philharmoniker,4913,False,Berliner Philharmoniker
4914,СЛОТ,4502,True,Слот
4915,Paula Abdul,4915,False,Paula Abdul
4916,The Champions,4916,False,The Champions
4917,Klaus Badelt,4917,False,Klaus Badelt
4918,Nicholas Hooper,4918,False,Nicholas Hooper
4919,La Toya Jackson,4919,False,La Toya Jackson
4920,James Horner,4920,False,James Horner
4921,Lebo M,4921,False,Lebo M
4922,久石譲,4922,False,久石譲
4923,Alexandre Desplat,4923,False,Alexandre Desplat
4924,Luisana Lopilato,4924,False,Luisana Lopilato
4925,Tyra Banks,4925,False,Tyra Banks
4926,Анастасия Приходько,4926,False,Анастасия Приходько
4927,Patrick Doyle,4927,False,Patrick Doyle
4928,Eric Serra,4928,False,Eric Serra
4929,Noa,4929,False,Noa
4930,Elton John & Hans Zimmer & Lebo M & South African Chorus,4930,False,Elton John & Hans Zimmer & Lebo M & South African Chorus
4931,Jelonek,4931,False,Jelonek
4932,Rebbie Jackson,4932,False,Rebbie Jackson
4933,Apathy,4933,False,Apathy
4934,Killwhitneydead,4934,False,Killwhitneydead
4935,I Declare War,4935,False,I Declare War
4936,Dr. Acula,4936,False,Dr. Acula
4937,And Hell Followed With,4937,False,And Hell Followed With
4938,Attila,4938,False,Attila
4939,Beneath the Sky,4939,False,Beneath the Sky
4940,War From a Harlots Mouth,4940,False,War From a Harlots Mouth
4941,Across the Universe,4941,False,Across the Universe
4942,Upon A Burning Body,4942,False,Upon A Burning Body
4943,King Conquer,4943,False,King Conquer
4944,Molotov Solution,4944,False,Molotov Solution
4945,Salt The Wound,4945,False,Salt The Wound
4946,The Tony Danza Tapdance Extravaganza,4946,False,The Tony Danza Tapdance Extravaganza
4947,Deez Nuts,4947,False,Deez Nuts
4948,Misery Signals,4948,False,Misery Signals
4949,Novembre,4949,False,Novembre
4950,Apatheia,4950,False,Apatheia
4951,The Real Tuesday Weld,4951,False,The Real Tuesday Weld
4952,TrollfesT,4952,False,TrollfesT
4953,Valentina Dorme,4953,False,Valentina Dorme
4954,Caninus,4954,False,Caninus
4955,Giuni Russo,4955,False,Giuni Russo
4956,Monumentum,4956,False,Monumentum
4957,Argine,4957,False,Argine
4958,Kyrie,4958,False,Kyrie
4959,Rome,4959,False,Rome
4960,Aarni,4960,False,Aarni
4961,Deinonychus,4961,False,Deinonychus
4962,Cesare Cremonini,4962,False,Cesare Cremonini
4963,Offlaga Disco Pax,4963,False,Offlaga Disco Pax
4964,Sombre Chemin,4964,False,Sombre Chemin
4965,Anaal Nathrakh,4965,False,Anaal Nathrakh
4966,Storm of Capricorn,4966,False,Storm of Capricorn
4967,Ivan Cattaneo,4967,False,Ivan Cattaneo
4968,Ad Hominem,4968,False,Ad Hominem
4969,Danny Cavanagh,4969,False,Danny Cavanagh
4970,Drudkh,4970,False,Drudkh
4971,Kalmah,4971,False,Kalmah
4972,Jocelyn Pook,4972,False,Jocelyn Pook
4973,CCCP Fedeli alla linea,4973,False,CCCP Fedeli alla linea
4974,Gazebo,4974,False,Gazebo
4975,Cutting Crew,4975,False,Cutting Crew
4976,Claudio Baglioni,4976,False,Claudio Baglioni
4977,Nick Kamen,4977,False,Nick Kamen
4978,Mr. Mister,4978,False,Mr. Mister
4979,Peter Godwin,4979,False,Peter Godwin
4980,Olivia,4980,False,Olivia
4981,Glenn Medeiros,4981,False,Glenn Medeiros
4982,Bryan Ferry & Roxy Music,4982,False,Bryan Ferry & Roxy Music
4983,Elissa,4983,False,Elissa
4984,Wael Kfoury,4984,False,Wael Kfoury
4985,To/Die/For,4985,False,To/Die/For
4986,Fares Karam,4986,False,Fares Karam
4987,Najwa Karam,4987,False,Najwa Karam
4988,Chris Spheeris,4988,False,Chris Spheeris
4989,To Die For (www.Sarzamin.org),4989,False,To Die For (www.Sarzamin.org)
4990,عمر دياب,4990,False,عمر دياب
4991,Cesária Évora,4991,False,Cesária Évora
4992,Elite Force,4992,False,Elite Force
4993,Black,4993,False,Black
4994,Team Sleep,4994,False,Team Sleep
4995,Destroy Rebuild Until God Shows,4995,False,Destroy Rebuild Until God Shows
4996,Тихий Джа,4996,False,Тихий Джа
4997,Yoav,4997,False,Yoav
4998,Esthetic Education,4998,False,Esthetic Education
4999,Ocean Colour Scene,4999,False,Ocean Colour Scene
5000,Take That,5000,False,Take That
5001,One Night Only,5001,False,One Night Only
5002,Wakey!Wakey!,5002,False,Wakey!Wakey!
5003,Vinnie Vincent Invasion,5003,False,Vinnie Vincent Invasion
5004,Pretty Boy Floyd,5004,False,Pretty Boy Floyd
5005,Nikki Sixx,5005,False,Nikki Sixx
5006,Dirty Penny,5006,False,Dirty Penny
5007,Shotgun Messiah,5007,False,Shotgun Messiah
5008,Nitro,5008,False,Nitro
5009,Blackrain,5009,False,Blackrain
5010,Faster Pussycat,5010,False,Faster Pussycat
5011,Alleycat Scratch,5011,False,Alleycat Scratch
5012,Swedish Erotica,5012,False,Swedish Erotica
5013,Headplate,5013,False,Headplate
5014,Towers of London,5014,False,Towers of London
5015,Reckless Love,5015,False,Reckless Love
5016,Bonfire,5016,False,Bonfire
5017,F.L.A.B,5017,False,F.L.A.B
5018,Mattafix,5018,False,Mattafix
5019,ЗЕМФИРА,5019,False,ЗЕМФИРА
5020,Queen + Paul Rodgers,5020,False,Queen + Paul Rodgers
5021,Ber-linn,5021,False,Ber-linn
5022,Sound,5022,False,Sound
5023,BAK XIII,5023,False,BAK XIII
5024,Kromvele,5024,False,Kromvele
5025,Snatch.,5025,False,Snatch.
5026,Eraplee Noisewall Orchestra,5026,False,Eraplee Noisewall Orchestra
5027,Le Tigre,5027,False,Le Tigre
5028,Kid Koala,5028,False,Kid Koala
5029,Trash Fashion,5029,False,Trash Fashion
5030,The Pigeon Detectives,5030,False,The Pigeon Detectives
5031,Twisted Wheel,5031,False,Twisted Wheel
5032,Britt Nicole,5032,False,Britt Nicole
5033,The Rubyz,5033,False,The Rubyz
5034,Dennis,5034,False,Dennis
5035,Charlotte Sometimes,5035,False,Charlotte Sometimes
5036,Raven-Symoné,5036,False,Raven-Symoné
5038,Grubson,5038,False,Grubson
5039,Tede,5039,False,Tede
5040,Necro,5040,False,Necro
5041,Eldo,5041,False,Eldo
5042,Grzegorz Turnau,5042,False,Grzegorz Turnau
5043,Lusine,5043,False,Lusine
5044,PIH,5044,False,PIH
5045,Basement Jaxx,5045,False,Basement Jaxx
5048,The Streets,5048,False,The Streets
5049,Ten Typ Mes,5049,False,Ten Typ Mes
5050,Tears Run Rings,5050,False,Tears Run Rings
5051,Rychu Peja SoLUfka,5051,False,Rychu Peja SoLUfka
5052,Kangding Ray,5052,False,Kangding Ray
5053,Tor Lundvall,5053,False,Tor Lundvall
5055,Pezet/Małolat,5055,False,Pezet/Małolat
5057,Fokus,5057,False,Fokus
5058,Sido,5058,False,Sido
5060,Spor,5060,False,Spor
5061,Calyx & Teebee,5061,False,Calyx & Teebee
5062,Dieselboy,5062,False,Dieselboy
5063,Noisia,5063,False,Noisia
5064,ILS,5064,False,ILS
5065,Aiden,5065,False,Aiden
5066,Preschool Tea Party Massacre,5066,False,Preschool Tea Party Massacre
5067,I Set My Friends On Fire,5067,False,I Set My Friends On Fire
5068,Elysia,5068,False,Elysia
5069,Black Sun Empire,5069,False,Black Sun Empire
5070,The Agony Scene,5070,False,The Agony Scene
5071,Chase & Status,5071,False,Chase & Status
5072,Paul Oakenfold,5072,False,Paul Oakenfold
5073,Juno Reactor,5073,False,Juno Reactor
5074,Rob Dougan,5074,False,Rob Dougan
5075,Dance Club Massacre,5075,False,Dance Club Massacre
5076,X JAPAN,5076,False,X JAPAN
5077,hide,5077,False,hide
5078,ZARD,5078,False,ZARD
5079,Emilie Autumn,5079,False,Emilie Autumn
5080,KAT-TUN,5080,False,KAT-TUN
5081,AAA,5081,False,AAA
5082,アンティック-珈琲店-,5082,False,アンティック-珈琲店-
5083,モーニング娘。,5083,False,モーニング娘。
5084,清春,5084,False,清春
5085,Cristina D'Avena,5085,False,Cristina D'Avena
5086,YOSHIKI,5086,False,YOSHIKI
5087,LUNA SEA,5087,False,LUNA SEA
5088,Lucio Battisti,5088,False,Lucio Battisti
5089,大塚愛,5089,False,大塚愛
5090,hitomi,5090,False,hitomi
5091,SADS,5091,False,SADS
5092,883,5092,False,883
5093,KOKIA,5093,False,KOKIA
5094,倉木麻衣,5094,False,倉木麻衣
5095,ポルノグラフィティ,5095,False,ポルノグラフィティ
5096,DJ OZMA,5096,False,DJ OZMA
5097,X-Patriate (Alan J. Lipman),5097,False,X-Patriate (Alan J. Lipman)
5098,Scala & Kolacny Brothers,5098,False,Scala & Kolacny Brothers
5099,Train,5099,False,Train
5100,Shadows Fall,5100,False,Shadows Fall
5101,Throwdown,5101,False,Throwdown
5102,Maldita,5102,False,Maldita
5103,陰陽座,5103,False,陰陽座
5104,Full Blown Chaos,5104,False,Full Blown Chaos
5105,Cavalera Conspiracy,5105,False,Cavalera Conspiracy
5107,L'Esprit du Clan,5107,False,L'Esprit du Clan
5110,Dio - Distraught Overlord,5110,False,Dio - Distraught Overlord
5111,Modwheelmood,5111,False,Modwheelmood
5112,Ferrum,5112,False,Ferrum
5113,Cinema Strange,5113,False,Cinema Strange
5114,Black Heaven,5114,False,Black Heaven
5115,X-Fusion,5115,False,X-Fusion
5116,Ze Smetana,5116,False,Ze Smetana
5117,Xe-NONE,5117,False,Xe-NONE
5118,Сны Моего Неба,5118,False,Сны Моего Неба
5119,Marcelo D2,5119,False,Marcelo D2
5120,Xutos & Pontapés,5120,False,Xutos & Pontapés
5121,Glee Cast,5121,False,Glee Cast
5122,Dennis Ferrer,5122,False,Dennis Ferrer
5123,Survivor,5123,False,Survivor
5124,Kenny Loggins,5124,False,Kenny Loggins
5125,Shemales From outta Space of Death,5125,False,Shemales From outta Space of Death
5126,Chelsea Grin,5126,False,Chelsea Grin
5127,Mein Hünd Morder,5127,False,Mein Hünd Morder
5128,Karma Fox pre,5128,False,Karma Fox pre
5129,His Statue Falls,5129,False,His Statue Falls
5130,Eskimo Callboy,5130,False,Eskimo Callboy
5131,Asphix,5131,False,Asphix
5132,Karma Fox,5132,False,Karma Fox
5133,69 enfermos,5133,False,69 enfermos
5134,Betraying The Martyrs,5134,False,Betraying The Martyrs
5135,A Plea for Purging,5135,False,A Plea for Purging
5136,Autogestion,5136,False,Autogestion
5137,Delux,5137,False,Delux
5138,PMX,5138,False,PMX
5139,The Fire Restart,5139,False,The Fire Restart
5140,Panda,5140,False,Panda
5141,Texas in July,5141,False,Texas in July
5142,Citoyens,5142,False,Citoyens
5143,Sienna Skies,5143,False,Sienna Skies
5144,Power Francers and D-Bag,5144,False,Power Francers and D-Bag
5145,Fuertes Convicciones,5145,False,Fuertes Convicciones
5146,Popcorn,5146,False,Popcorn
5147,Sleigh Bells,5147,False,Sleigh Bells
5148,ELECTRIC LADY LAB,5148,False,ELECTRIC LADY LAB
5149,Uffie,5149,False,Uffie
5150,Janelle Monáe,5150,False,Janelle Monáe
5151,ZAZ,5151,False,ZAZ
5152,Fujiya & Miyagi,5152,False,Fujiya & Miyagi
5153,Auf der Maur,5153,False,Auf der Maur
5154,Miami Horror,5154,False,Miami Horror
5155,A.S.A.P.,5155,False,A.S.A.P.
5156,Eddie Money,5156,False,Eddie Money
5157,Accept,5157,False,Accept
5158,Blaze Bayley,5158,False,Blaze Bayley
5159,Autograph,5159,False,Autograph
5160,Don Dokken,5160,False,Don Dokken
5161,The Entire Population Of Hackney,5161,False,The Entire Population Of Hackney
5162,Numbers From The Beast,5162,False,Numbers From The Beast
5163,Glenn Tipton,5163,False,Glenn Tipton
5164,Psycho Motel,5164,False,Psycho Motel
5165,White Lion,5165,False,White Lion
5166,Desmond Child,5166,False,Desmond Child
5167,Britt Black,5167,False,Britt Black
5168,Bob Seger,5168,False,Bob Seger
5169,Living Colour,5169,False,Living Colour
5170,Scandal,5170,False,Scandal
5171,Geddy Lee,5171,False,Geddy Lee
5172,Grand Funk Railroad,5172,False,Grand Funk Railroad
5173,Ozric Tentacles,5173,False,Ozric Tentacles
5174,Fulano,5174,False,Fulano
5175,Roger Waters,5175,False,Roger Waters
5176,StoneBridge,5176,False,StoneBridge
5177,Solu Music,5177,False,Solu Music
5178,Booty Luv,5178,False,Booty Luv
5179,Junior Jack,5179,False,Junior Jack
5180,Lovage,5180,False,Lovage
5181,Supreme Beings of Leisure,5181,False,Supreme Beings of Leisure
5182,Martina Topley-Bird,5182,False,Martina Topley-Bird
5183,Soulsearcher,5183,False,Soulsearcher
5184,8mm,5184,False,8mm
5185,Smoke City,5185,False,Smoke City
5186,Esthero,5186,False,Esthero
5187,Hott 22,5187,False,Hott 22
5188,Shapeshifters,5188,False,Shapeshifters
5189,Haji & Emanuel,5189,False,Haji & Emanuel
5190,No Halo,5190,False,No Halo
5191,DJ Cam,5191,False,DJ Cam
5192,Bent,5192,False,Bent
5193,Thunderball,5193,False,Thunderball
5194,Joey Negro,5194,False,Joey Negro
5195,Shakedown,5195,False,Shakedown
5196,Kings of Tomorrow,5196,False,Kings of Tomorrow
5197,Halou,5197,False,Halou
5198,Milk & Sugar,5198,False,Milk & Sugar
5199,Karmacoda,5199,False,Karmacoda
5200,Kid Loco,5200,False,Kid Loco
5201,Fractured Visions,5201,False,Fractured Visions
5202,InMe,5202,False,InMe
5203,Reuben,5203,False,Reuben
5204,Brigade,5204,False,Brigade
5205,Refused,5205,False,Refused
5206,Pulled Apart By Horses,5206,False,Pulled Apart By Horses
5207,Rooster,5207,False,Rooster
5208,Hell Is for Heroes,5208,False,Hell Is for Heroes
5209,Jon Gomm,5209,False,Jon Gomm
5210,Chickenhawk,5210,False,Chickenhawk
5211,Further From The Truth,5211,False,Further From The Truth
5212,Rick Wright,5212,False,Rick Wright
5213,My Awesome Compilation,5213,False,My Awesome Compilation
5214,Dry Rise,5214,False,Dry Rise
5215,Skunk Anansie,5215,False,Skunk Anansie
5216,Alien Ant Farm,5216,False,Alien Ant Farm
5217,Fuel,5217,False,Fuel
5218,S.M.E.S.,5218,False,S.M.E.S.
5219,Sabbat,5219,False,Sabbat
5220,Lacerated Tissue,5220,False,Lacerated Tissue
5221,Putrefaction Pestilence,5221,False,Putrefaction Pestilence
5222,Pathology,5222,False,Pathology
5223,Cerebral Incubation,5223,False,Cerebral Incubation
5224,Purulent Wormjizz,5224,False,Purulent Wormjizz
5225,Pyaemia,5225,False,Pyaemia
5226,O Rappa,5226,False,O Rappa
5227,Mortician,5227,False,Mortician
5228,Elliott Yamin,5228,False,Elliott Yamin
5229,The Field Mice,5229,False,The Field Mice
5232,Professor Green,5232,False,Professor Green
5233,Noah and the Whale,5233,False,Noah and the Whale
5235,Andrés Calamaro,5235,False,Andrés Calamaro
5236,Enrique Bunbury,5236,False,Enrique Bunbury
5237,Gustavo Cerati,5237,False,Gustavo Cerati
5238,Fito Páez,5238,False,Fito Páez
5239,Calle 13,5239,False,Calle 13
5240,Janio Lora,5240,False,Janio Lora
5241,Charly García,5241,False,Charly García
5242,Afterhours,5242,False,Afterhours
5243,Joaquín Sabina & Fito Páez,5243,False,Joaquín Sabina & Fito Páez
5244,Toque Profundo,5244,False,Toque Profundo
5245,Alex Ferreira,5245,False,Alex Ferreira
5246,Pescado Rabioso,5246,False,Pescado Rabioso
5247,Robi Draco Rosa,5247,False,Robi Draco Rosa
5248,Vicentico,5248,False,Vicentico
5249,Alejandro Sanz,5249,False,Alejandro Sanz
5250,Luis Alberto Spinetta,5250,False,Luis Alberto Spinetta
5251,Juango Dávalos,5251,False,Juango Dávalos
5252,Spinetta y los Socios del Desierto,5252,False,Spinetta y los Socios del Desierto
5253,eatmewhileimhot!,5253,False,eatmewhileimhot!
5254,Falco,5254,False,Falco
5255,The Go-Go's,5255,False,The Go-Go's
5256,Jan Hammer,5256,False,Jan Hammer
5257,Nancy Sinatra,5257,False,Nancy Sinatra
5258,Adam Ant,5258,False,Adam Ant
5259,Funky Bunch,5259,False,Funky Bunch
5260,Adam and the Ants,5260,False,Adam and the Ants
5261,Quarterflash,5261,False,Quarterflash
5262,Reagan Youth,5262,False,Reagan Youth
5263,Nancy Sinatra & Lee Hazlewood,5263,False,Nancy Sinatra & Lee Hazlewood
5264,Rick Springfield,5264,False,Rick Springfield
5265,Charlie's Angels,5265,False,Charlie's Angels
5266,Kellie Pickler,5266,False,Kellie Pickler
5267,Miranda Lambert,5267,False,Miranda Lambert
5268,Lea Michele,5268,False,Lea Michele
5269,Asher Book,5269,False,Asher Book
5270,Matthew Morrison,5270,False,Matthew Morrison
5271,Naturi Naughton,5271,False,Naturi Naughton
5272,Amber Riley,5272,False,Amber Riley
5273,Naturi Naughton & Collins Pennie,5273,False,Naturi Naughton & Collins Pennie
5274,Garrett Hedlund,5274,False,Garrett Hedlund
5275,Cory Monteith,5275,False,Cory Monteith
5276,"Naturi Naughton, Asher Booke & Kay Panabaker",5276,False,"Naturi Naughton, Asher Booke & Kay Panabaker"
5277,Kerry Muzzey,5277,False,Kerry Muzzey
5278,Mark Salling,5278,False,Mark Salling
5279,Jayma Mays,5279,False,Jayma Mays
5280,Jenna Ushkowitz,5280,False,Jenna Ushkowitz
5281,Kristin Chenoweth & Matthew Morrison,5281,False,Kristin Chenoweth & Matthew Morrison
5282,"Hopsin, Ak'sent, Tynisha Keli & Donte ""Burger"" Winston",5282,False,"Hopsin, Ak'sent, Tynisha Keli & Donte ""Burger"" Winston"
5283,Raney Shockne Feat. Stella Moon,5283,False,Raney Shockne Feat. Stella Moon
5284,Collins Pennie Feat. Ashleigh Haney,5284,False,Collins Pennie Feat. Ashleigh Haney
5285,Megan Mullally,5285,False,Megan Mullally
5286,Anjulie,5286,False,Anjulie
5287,Raney Shockne Feat. Oren Waters,5287,False,Raney Shockne Feat. Oren Waters
5288,Rachael Sage,5288,False,Rachael Sage
5289,Raney Shockne,5289,False,Raney Shockne
5290,Garrett Hedlund & Leighton Meester,5290,False,Garrett Hedlund & Leighton Meester
5291,Jesse Lee,5291,False,Jesse Lee
5292,Kevin McHale,5292,False,Kevin McHale
5293,Nikki Williams,5293,False,Nikki Williams
5294,Finn,5294,False,Finn
5295,Faust,5295,False,Faust
5296,Hawkwind,5296,False,Hawkwind
5297,Van der Graaf Generator,5297,False,Van der Graaf Generator
5298,Neu!,5298,False,Neu!
5299,Swans,5299,False,Swans
5300,Rare Bird,5300,False,Rare Bird
5301,Focus,5301,False,Focus
5302,Gong,5302,False,Gong
5303,Soft Machine,5303,False,Soft Machine
5304,MC Lars,5304,False,MC Lars
5305,mc chris,5305,False,mc chris
5306,Dropkick Murphys,5306,False,Dropkick Murphys
5307,Hyper Crush,5307,False,Hyper Crush
5308,Dot Dot Curve :),5308,False,Dot Dot Curve :)
5309,Juliet Simms,5309,False,Juliet Simms
5310,Zebrahead,5310,False,Zebrahead
5311,Mercy Mercedes,5311,False,Mercy Mercedes
5312,Bob Schneider,5312,False,Bob Schneider
5313,Amber Pacific,5313,False,Amber Pacific
5314,nickasaur!,5314,False,nickasaur!
5315,MC Frontalot,5315,False,MC Frontalot
5316,Iglu & Hartly,5316,False,Iglu & Hartly
5317,Jon Lajoie,5317,False,Jon Lajoie
5318,MC Lars & YTCracker,5318,False,MC Lars & YTCracker
5319,Nexilva,5319,False,Nexilva
5320,The Dollyrots,5320,False,The Dollyrots
5321,OPM,5321,False,OPM
5322,School Boy Humor,5322,False,School Boy Humor
5323,Phineas and Ferb Theme Song,5323,False,Phineas and Ferb Theme Song
5324,Army of Freshmen,5324,False,Army of Freshmen
5325,Kaya Project,5325,False,Kaya Project
5326,Dissidenten,5326,False,Dissidenten
5327,Kuba,5327,False,Kuba
5328,Eraser vs Yöjalka,5328,False,Eraser vs Yöjalka
5329,Shulman,5329,False,Shulman
5330,Haltya,5330,False,Haltya
5331,Crazy Ducks,5331,False,Crazy Ducks
5332,Polysics,5332,False,Polysics
5333,Sundial Aeon,5333,False,Sundial Aeon
5334,Salakavala,5334,False,Salakavala
5335,相川七瀬,5335,False,相川七瀬
5336,Ocelot,5336,False,Ocelot
5337,Pitch Black,5337,False,Pitch Black
5338,Bedouin Soundclash,5338,False,Bedouin Soundclash
5339,Sienis,5339,False,Sienis
5340,Bodhisattva 13:20,5340,False,Bodhisattva 13:20
5341,Headphonics,5341,False,Headphonics
5342,Eat Static,5342,False,Eat Static
5343,Tripswitch,5343,False,Tripswitch
5344,Sundial,5344,False,Sundial
5345,Kiwa,5345,False,Kiwa
5346,Ott,5346,False,Ott
5347,Abakus,5347,False,Abakus
5348,Younger Brother,5348,False,Younger Brother
5349,Talpa,5349,False,Talpa
5350,Adham Shaikh,5350,False,Adham Shaikh
5351,Psilodump,5351,False,Psilodump
5352,Jean-Jacques Perrey,5352,False,Jean-Jacques Perrey
5353,Buju Banton,5353,False,Buju Banton
5354,Mauxuam,5354,False,Mauxuam
5355,Hibernation,5355,False,Hibernation
5356,Raappana,5356,False,Raappana
5357,Insaneacyde,5357,False,Insaneacyde
5358,Vibrasphere,5358,False,Vibrasphere
5359,Phutureprimitive,5359,False,Phutureprimitive
5360,Bluetech,5360,False,Bluetech
5361,Gus Till,5361,False,Gus Till
5362,Tamlin,5362,False,Tamlin
5363,Gåte,5363,False,Gåte
5364,Raz,5364,False,Raz
5365,Diamond Head,5365,False,Diamond Head
5366,Sadus,5366,False,Sadus
5367,The G-Men RVA,5367,False,The G-Men RVA
5368,Buck Griffin,5368,False,Buck Griffin
5369,Alvis Wayne,5369,False,Alvis Wayne
5370,The Strangeloves,5370,False,The Strangeloves
5371,the ring of fire,5371,False,the ring of fire
5372,Hoyt Johnson,5372,False,Hoyt Johnson
5373,Eddie Bond,5373,False,Eddie Bond
5374,Danny Dean and the Homewreckers,5374,False,Danny Dean and the Homewreckers
5375,Eddie Cochran,5375,False,Eddie Cochran
5376,Sleepy LaBeef,5376,False,Sleepy LaBeef
5377,The Riptones,5377,False,The Riptones
5378,Cave Catt Sammy,5378,False,Cave Catt Sammy
5379,Larry Donn,5379,False,Larry Donn
5380,Arty Hill and the Long Gone Daddys,5380,False,Arty Hill and the Long Gone Daddys
5381,Jonathan Richman and the Modern Lovers,5381,False,Jonathan Richman and the Modern Lovers
5382,Gene Vincent,5382,False,Gene Vincent
5383,High Noon,5383,False,High Noon
5384,Dave Travis,5384,False,Dave Travis
5385,Tommy Blake,5385,False,Tommy Blake
5386,The Knickerbockers,5386,False,The Knickerbockers
5387,Andy Anderson,5387,False,Andy Anderson
5388,The Rockats,5388,False,The Rockats
5389,Bernie Early,5389,False,Bernie Early
5390,Josie Kreuzer,5390,False,Josie Kreuzer
5391,DICKY DIXON LAKE RECORDS,5391,False,DICKY DIXON LAKE RECORDS
5392,Jack Scott,5392,False,Jack Scott
5393,Ronnie Hawkins,5393,False,Ronnie Hawkins
5394,Matchbox,5394,False,Matchbox
5395,Sonny Burgess,5395,False,Sonny Burgess
5396,Ray Campi,5396,False,Ray Campi
5397,Dale Hawkins,5397,False,Dale Hawkins
5398,Narvel Felts,5398,False,Narvel Felts
5399,Johnny Kidd & The Pirates,5399,False,Johnny Kidd & The Pirates
5400,Autry Inman,5400,False,Autry Inman
5401,Billy J. Kramer & The Dakotas,5401,False,Billy J. Kramer & The Dakotas
5402,Walt Solek,5402,False,Walt Solek
5403,The Dave Clark Five,5403,False,The Dave Clark Five
5404,Mickey Hawks,5404,False,Mickey Hawks
5405,Hicksville Bombers,5405,False,Hicksville Bombers
5406,Ernie Barton,5406,False,Ernie Barton
5407,Frank Yankovic and His Yanks,5407,False,Frank Yankovic and His Yanks
5408,Doug Wilshire,5408,False,Doug Wilshire
5409,Duane Eddy,5409,False,Duane Eddy
5410,The Sugarplastic,5410,False,The Sugarplastic
5411,Tujiko Noriko,5411,False,Tujiko Noriko
5412,The Go! Team,5412,False,The Go! Team
5413,My Little Airport,5413,False,My Little Airport
5414,Camera Obscura,5414,False,Camera Obscura
5415,Cibo Matto,5415,False,Cibo Matto
5416,Os Mutantes,5416,False,Os Mutantes
5417,The 5.6.7.8's,5417,False,The 5.6.7.8's
5418,Vashti Bunyan,5418,False,Vashti Bunyan
5419,Sons and Daughters,5419,False,Sons and Daughters
5420,Nico,5420,False,Nico
5421,Rasputina,5421,False,Rasputina
5422,Spaghetti Vabune!,5422,False,Spaghetti Vabune!
5423,...And You Will Know Us by the Trail of Dead,5423,False,...And You Will Know Us by the Trail of Dead
5424,Faun Fables,5424,False,Faun Fables
5425,Diante do Trono,5425,False,Diante do Trono
5426,My American Heart,5426,False,My American Heart
5427,André Valadão,5427,False,André Valadão
5428,Jack Peñate,5428,False,Jack Peñate
5429,Good Shoes,5429,False,Good Shoes
5430,The Small Faces,5430,False,The Small Faces
5431,Toque No Altar,5431,False,Toque No Altar
5432,Bread,5432,False,Bread
5433,Peter & Gordon,5433,False,Peter & Gordon
5434,The Zombies,5434,False,The Zombies
5435,Self Against City,5435,False,Self Against City
5436,The Searchers,5436,False,The Searchers
5437,The Hush Sound,5437,False,The Hush Sound
5438,Lázaro,5438,False,Lázaro
5439,Hot Hot Heat,5439,False,Hot Hot Heat
5440,The Zutons,5440,False,The Zutons
5441,Lenine,5441,False,Lenine
5442,Guinga,5442,False,Guinga
5443,João Bosco,5443,False,João Bosco
5444,Andy McKee,5444,False,Andy McKee
5445,Ney Conceição,5445,False,Ney Conceição
5446,Ben Harper,5446,False,Ben Harper
5447,The Dave Brubeck Quartet,5447,False,The Dave Brubeck Quartet
5448,Yamandú Costa,5448,False,Yamandú Costa
5449,Nosso Trio,5449,False,Nosso Trio
5450,Motorocker,5450,False,Motorocker
5451,Velhas Virgens,5451,False,Velhas Virgens
5452,Chicago,5452,False,Chicago
5453,Pouca Vogal,5453,False,Pouca Vogal
5454,Frejat,5454,False,Frejat
5455,RPM,5455,False,RPM
5456,Michael Kiske,5456,False,Michael Kiske
5457,Rádio Taxi,5457,False,Rádio Taxi
5458,Marina Lima,5458,False,Marina Lima
5459,Delain,5459,False,Delain
5460,Kristine Elezaj,5460,False,Kristine Elezaj
5461,ReVamp,5461,False,ReVamp
5462,Sellyy,5462,False,Sellyy
5463,Blake McGrath,5463,False,Blake McGrath
5464,Joe Brooks,5464,False,Joe Brooks
5465,Marie-Mai,5465,False,Marie-Mai
5466,Indica,5466,False,Indica
5467,Mash,5467,False,Mash
5468,Valentine,5468,False,Valentine
5469,The Dark,5469,False,The Dark
5470,Rita Lee & Tutti Frutti,5470,False,Rita Lee & Tutti Frutti
5471,The Only Ones,5471,False,The Only Ones
5472,Ryan Star,5472,False,Ryan Star
5473,The Joy Formidable,5473,False,The Joy Formidable
5474,Nneka,5474,False,Nneka
5475,Blue Foundation,5475,False,Blue Foundation
5476,Foster the People,5476,False,Foster the People
5477,Linas Adomaitis,5477,False,Linas Adomaitis
5478,Stateless,5478,False,Stateless
5479,Anapilis,5479,False,Anapilis
5480,Frou Frou,5480,False,Frou Frou
5481,Hilltop Hoods,5481,False,Hilltop Hoods
5482,Bas Tajpan,5482,False,Bas Tajpan
5483,Composition Of Sound,5483,False,Composition Of Sound
5484,Lowe,5484,False,Lowe
5485,Dżem,5485,False,Dżem
5486,Michael Hutchence,5486,False,Michael Hutchence
5487,Kasia Kowalska,5487,False,Kasia Kowalska
5488,Natural Dread Killaz,5488,False,Natural Dread Killaz
5489,Perfidious Words,5489,False,Perfidious Words
5490,Ras Luta,5490,False,Ras Luta
5491,Liquid Soul,5491,False,Liquid Soul
5492,Ticon,5492,False,Ticon
5493,Jaïa,5493,False,Jaïa
5494,Symphonix,5494,False,Symphonix
5495,Antix,5495,False,Antix
5496,Hilight Tribe,5496,False,Hilight Tribe
5497,Total Eclipse,5497,False,Total Eclipse
5498,Protoculture,5498,False,Protoculture
5499,SBK,5499,False,SBK
5500,System 7,5500,False,System 7
5501,Perfect Stranger,5501,False,Perfect Stranger
5502,Deep Dive Corp.,5502,False,Deep Dive Corp.
5503,The Orb,5503,False,The Orb
5504,S-Range,5504,False,S-Range
5505,Sun Control Species,5505,False,Sun Control Species
5506,Flowjob,5506,False,Flowjob
5507,Ace Ventura,5507,False,Ace Ventura
5508,lemonchill,5508,False,lemonchill
5509,Peter Gun,5509,False,Peter Gun
5510,Neelix,5510,False,Neelix
5511,Jay Lumen,5511,False,Jay Lumen
5512,Human Blue,5512,False,Human Blue
5513,Doof,5513,False,Doof
5514,Dousk,5514,False,Dousk
5515,N.A.S.A.,5515,False,N.A.S.A.
5516,Lish,5516,False,Lish
5517,Fatali,5517,False,Fatali
5518,Motion Drive,5518,False,Motion Drive
5519,Tristan,5519,False,Tristan
5520,SoLaNo,5520,False,SoLaNo
5521,Man With No Name,5521,False,Man With No Name
5522,Bamboo Forest,5522,False,Bamboo Forest
5523,Rocky,5523,False,Rocky
5524,Aerospace,5524,False,Aerospace
5525,Mutiny Within,5525,False,Mutiny Within
5526,Black Stone Cherry,5526,False,Black Stone Cherry
5528,Devlin,5528,False,Devlin
5529,Cher Lloyd,5529,False,Cher Lloyd
5530,Roll Deep,5530,False,Roll Deep
5531,Nadine,5531,False,Nadine
5532,Boyzone,5532,False,Boyzone
5533,Nadine Coyle,5533,False,Nadine Coyle
5534,Alexis Jordan,5534,False,Alexis Jordan
5535,Matt Cardle,5535,False,Matt Cardle
5536,Example,5536,False,Example
5537,Aggro Santos,5537,False,Aggro Santos
5538,Toni Collette & the Finish,5538,False,Toni Collette & the Finish
5539,O+S,5539,False,O+S
5540,Aqueduct,5540,False,Aqueduct
5541,The Polyphonics,5541,False,The Polyphonics
5542,Sophie Zelmani,5542,False,Sophie Zelmani
5543,Maria Taylor,5543,False,Maria Taylor
5544,Copacabana Club,5544,False,Copacabana Club
5545,Mark Snow,5545,False,Mark Snow
5546,Ambulance LTD,5546,False,Ambulance LTD
5547,Passion Pit,5547,False,Passion Pit
5548,Katie Herzig,5548,False,Katie Herzig
5549,Yo La Tengo,5549,False,Yo La Tengo
5550,The Pretenders,5550,False,The Pretenders
5551,The Sweet Serenades,5551,False,The Sweet Serenades
5552,Michael Danna & Various,5552,False,Michael Danna & Various
5553,Cary Brothers,5553,False,Cary Brothers
5554,Joy Williams,5554,False,Joy Williams
5555,Butterfly Boucher,5555,False,Butterfly Boucher
5556,Correatown,5556,False,Correatown
5557,Diva Gash,5557,False,Diva Gash
5558,Faded Paper Figures,5558,False,Faded Paper Figures
5559,Crystal Waters,5559,False,Crystal Waters
5560,GIRL NEXT DOOR,5560,False,GIRL NEXT DOOR
5561,샤이니,5561,False,샤이니
5562,V6,5562,False,V6
5563,後藤真希,5563,False,後藤真希
5564,AKB48,5564,False,AKB48
5565,Clazziquai Project,5565,False,Clazziquai Project
5566,신화,5566,False,신화
5567,w-inds.,5567,False,w-inds.
5568,SE7EN,5568,False,SE7EN
5569,Sweetbox,5569,False,Sweetbox
5570,Banana Girl,5570,False,Banana Girl
5571,KinKi Kids,5571,False,KinKi Kids
5572,林俊傑,5572,False,林俊傑
5573,TOKIO,5573,False,TOKIO
5574,蔡依林,5574,False,蔡依林
5575,SS501,5575,False,SS501
5576,Sweet Vacation,5576,False,Sweet Vacation
5577,Karelia,5577,False,Karelia
5578,Inactive Messiah,5578,False,Inactive Messiah
5579,Illnath,5579,False,Illnath
5580,Epochate,5580,False,Epochate
5581,Aesthetic Perfection,5581,False,Aesthetic Perfection
5582,2 Times Terror,5582,False,2 Times Terror
5583,Ruoska,5583,False,Ruoska
5584,Miss Construction,5584,False,Miss Construction
5585,Masterplan,5585,False,Masterplan
5586,Collide,5586,False,Collide
5587,www.baixarsertanejo.com,5587,False,www.baixarsertanejo.com
5588,Santorine,5588,False,Santorine
5589,Humberto & Ronaldo,5589,False,Humberto & Ronaldo
5590,April Matson,5590,False,April Matson
5591,Janaynna Targino,5591,False,Janaynna Targino
5592,Aluto,5592,False,Aluto
5593,Franco Levine,5593,False,Franco Levine
5594,Maria Cecília & Rodolfo,5594,False,Maria Cecília & Rodolfo
5595,kenneth e Danilo,5595,False,kenneth e Danilo
5596,SMA,5596,False,SMA
5597,Lionheart,5597,False,Lionheart
5598,Embraced by Hatred,5598,False,Embraced by Hatred
5599,Backfire!,5599,False,Backfire!
5600,Agnostic Front,5600,False,Agnostic Front
5601,TRIC & PEST,5601,False,TRIC & PEST
5602,For My Enemy,5602,False,For My Enemy
5603,Prong,5603,False,Prong
5604,In Blood We Trust,5604,False,In Blood We Trust
5605,植松伸夫,5605,False,植松伸夫
5606,Fozzy,5606,False,Fozzy
5607,Fard,5607,False,Fard
5608,Taktloss,5608,False,Taktloss
5609,Emigrate,5609,False,Emigrate
5610,Samsas Traum,5610,False,Samsas Traum
5611,Ö²ËÉÉì·ò,5611,False,Ö²ËÉÉì·ò
5612,Seryoga,5612,False,Seryoga
5613,Anno 1602,5613,False,Anno 1602
5614,Marco Masini,5614,False,Marco Masini
5615,Elisa,5615,False,Elisa
5616,Gianluca Grignani,5616,False,Gianluca Grignani
5617,Gianna Nannini,5617,False,Gianna Nannini
5618,Piero Pelù,5618,False,Piero Pelù
5619,Roberto Vecchioni,5619,False,Roberto Vecchioni
5620,Bluvertigo,5620,False,Bluvertigo
5621,Christiane F.,5621,False,Christiane F.
5622,LigaJovaPelù,5622,False,LigaJovaPelù
5623,Loredana Bertè,5623,False,Loredana Bertè
5624,Fiorella Mannoia,5624,False,Fiorella Mannoia
5625,Reese Witherspoon,5625,False,Reese Witherspoon
5626,Joaquin Phoenix & Reese Witherspoon,5626,False,Joaquin Phoenix & Reese Witherspoon
5627,Jerry Reed,5627,False,Jerry Reed
5628,The Cool Kids,5628,False,The Cool Kids
5629,The Nitty Gritty Dirt Band,5629,False,The Nitty Gritty Dirt Band
5630,Dead Fish,5630,False,Dead Fish
5631,A Wilhelm Scream,5631,False,A Wilhelm Scream
5632,Verse,5632,False,Verse
5633,RANCORE,5633,False,RANCORE
5634,colligere,5634,False,colligere
5635,This Is a Standoff,5635,False,This Is a Standoff
5636,Propagandhi,5636,False,Propagandhi
5637,Reffer,5637,False,Reffer
5638,Strike Anywhere,5638,False,Strike Anywhere
5639,Mukeka Di Rato,5639,False,Mukeka Di Rato
5640,Nitrominds,5640,False,Nitrominds
5641,Envydust,5641,False,Envydust
5642,Garage Fuzz,5642,False,Garage Fuzz
5643,Chuva Negra,5643,False,Chuva Negra
5644,Zander,5644,False,Zander
5645,The Aggrolites,5645,False,The Aggrolites
5646,Que Fim Levou Valdir?,5646,False,Que Fim Levou Valdir?
5647,presto?,5647,False,presto?
5648,Nunca Inverno,5648,False,Nunca Inverno
5649,Zac Brown Band,5649,False,Zac Brown Band
5650,Over the Rhine,5650,False,Over the Rhine
5651,Eric Church,5651,False,Eric Church
5652,The Blow,5652,False,The Blow
5653,Kidneythieves,5653,False,Kidneythieves
5654,Joseph Israel,5654,False,Joseph Israel
5655,Yael Naïm,5655,False,Yael Naïm
5656,The Benjy Davis Project,5656,False,The Benjy Davis Project
5657,Margot & the Nuclear So and So's,5657,False,Margot & the Nuclear So and So's
5658,Black Tape for a Blue Girl,5658,False,Black Tape for a Blue Girl
5659,Leadbelly,5659,False,Leadbelly
5660,Robert Johnson,5660,False,Robert Johnson
5661,Everybody Else,5661,False,Everybody Else
5662,Hem,5662,False,Hem
5663,Adrienne Pierce,5663,False,Adrienne Pierce
5664,Lady & Bird,5664,False,Lady & Bird
5665,Skip James,5665,False,Skip James
5666,Volbeat,5666,False,Volbeat
5667,The Agonist,5667,False,The Agonist
5668,Warlock,5668,False,Warlock
5669,Warrior Soul,5669,False,Warrior Soul
5670,Zombie Girl,5670,False,Zombie Girl
5671,Taking Dawn,5671,False,Taking Dawn
5672,White Zombie,5672,False,White Zombie
5673,Deadlock,5673,False,Deadlock
5674,Haftbefehl,5674,False,Haftbefehl
5675,Kollegah,5675,False,Kollegah
5676,Farid Bang,5676,False,Farid Bang
5677,Massiv,5677,False,Massiv
5678,Mr Hudson,5678,False,Mr Hudson
5679,Marteria,5679,False,Marteria
5680,Kanye West & Jay-Z,5680,False,Kanye West & Jay-Z
5681,Kyle Andrews,5681,False,Kyle Andrews
5682,Waka Flocka Flame,5682,False,Waka Flocka Flame
5683,Tinchy Stryder,5683,False,Tinchy Stryder
5684,Ferras,5684,False,Ferras
5685,Willow,5685,False,Willow
5688,Heaven & Hell,5688,False,Heaven & Hell
5689,Candlemass,5689,False,Candlemass
5690,Sortilège,5690,False,Sortilège
5691,Manilla Road,5691,False,Manilla Road
5692,Roger Glover,5692,False,Roger Glover
5693,Pen of Chaos,5693,False,Pen of Chaos
5694,Virgin Steele,5694,False,Virgin Steele
5695,Iommi,5695,False,Iommi
5696,Reverend Bizarre,5696,False,Reverend Bizarre
5697,Black Country Communion,5697,False,Black Country Communion
5698,Subheim,5698,False,Subheim
5699,C-Lekktor,5699,False,C-Lekktor
5700,Kick Bong,5700,False,Kick Bong
5701,Snow in Mexico,5701,False,Snow in Mexico
5702,Other Day,5702,False,Other Day
5703,Neuromantik,5703,False,Neuromantik
5704,Alien Produkt,5704,False,Alien Produkt
5705,Fantazja,5705,False,Fantazja
5706,Endraum,5706,False,Endraum
5707,All My Faith Lost ...,5707,False,All My Faith Lost ...
5708,Stillife,5708,False,Stillife
5709,Kirlian Camera,5709,False,Kirlian Camera
5710,Dargaard,5710,False,Dargaard
5711,Acylum,5711,False,Acylum
5712,In My Rosary,5712,False,In My Rosary
5713,Magna Canta,5713,False,Magna Canta
5714,Scream Silence,5714,False,Scream Silence
5715,Painbastard,5715,False,Painbastard
5716,ночные грузчики,5716,False,ночные грузчики
5717,Mantus,5717,False,Mantus
5718,Arcana,5718,False,Arcana
5719,Disfuncion Organica,5719,False,Disfuncion Organica
5720,Proyecto Crisis,5720,False,Proyecto Crisis
5721,stereomotion,5721,False,stereomotion
5722,Preemptive Strike 0.1,5722,False,Preemptive Strike 0.1
5723,NSYNC,5723,False,NSYNC
5724,Goya,5724,False,Goya
5725,Magda Wójcik,5725,False,Magda Wójcik
5726,Donkeyboy,5726,False,Donkeyboy
5727,Słoń,5727,False,Słoń
5728,Marina,5728,False,Marina
5729,Deep Insight,5729,False,Deep Insight
5730,Play Attenchon,5730,False,Play Attenchon
5731,O-Zone,5731,False,O-Zone
5732,Libido,5732,False,Libido
5733,Magaly Solier,5733,False,Magaly Solier
5734,Radu,5734,False,Radu
5735,Young Love,5735,False,Young Love
5736,Alternosfera,5736,False,Alternosfera
5737,Rosita de Espinar,5737,False,Rosita de Espinar
5738,Pintura Roja,5738,False,Pintura Roja
5739,El Otro Yo,5739,False,El Otro Yo
5740,Agua Bella,5740,False,Agua Bella
5741,Tonka,5741,False,Tonka
5742,Uchpa,5742,False,Uchpa
5743,Narcosis,5743,False,Narcosis
5744,Devdas,5744,False,Devdas
5745,Elis Regina,5745,False,Elis Regina
5746,Robert Pattinson,5746,False,Robert Pattinson
5747,Dakota Fanning and Kristen Stewart,5747,False,Dakota Fanning and Kristen Stewart
5748,Fused,5748,False,Fused
5749,Restart,5749,False,Restart
5750,Chay Suede,5750,False,Chay Suede
5751,Charity Vance,5751,False,Charity Vance
5752,One Direction,5752,False,One Direction
5753,Josiah Leming,5753,False,Josiah Leming
5754,Eliza Doolittle,5754,False,Eliza Doolittle
5755,Steve Moakler,5755,False,Steve Moakler
5756,Benton Paul,5756,False,Benton Paul
5757,Operator Please,5757,False,Operator Please
5758,Matt Morris,5758,False,Matt Morris
5759,Electric Valentine,5759,False,Electric Valentine
5760,Tim Urban,5760,False,Tim Urban
5761,Julia Gama,5761,False,Julia Gama
5762,Bebo Norman,5762,False,Bebo Norman
5763,Boy Talks Trash,5763,False,Boy Talks Trash
5764,Pédecôco,5764,False,Pédecôco
5765,Bloodberry,5765,False,Bloodberry
5766,Maria Willson,5766,False,Maria Willson
5767,LeAnn Rimes,5767,False,LeAnn Rimes
5768,Anouk,5768,False,Anouk
5769,Regine Velasquez,5769,False,Regine Velasquez
5770,The Rembrandts,5770,False,The Rembrandts
5771,Phoebe Buffay,5771,False,Phoebe Buffay
5772,Mamonas Assassinas,5772,False,Mamonas Assassinas
5773,O Melhor Internacional de Novelas,5773,False,O Melhor Internacional de Novelas
5774,Chiquititas,5774,False,Chiquititas
5775,Xuxa,5775,False,Xuxa
5776,House Boulevard Feat. Samara,5776,False,House Boulevard Feat. Samara
5777,By Hugo Pontes,5777,False,By Hugo Pontes
5778,Kevin Federline,5778,False,Kevin Federline
5779,Barry Harris,5779,False,Barry Harris
5780,4 Non Blondes,5780,False,4 Non Blondes
5781,Buffy the Vampire Slayer,5781,False,Buffy the Vampire Slayer
5782,Jay Reatard,5782,False,Jay Reatard
5783,Priestess,5783,False,Priestess
5784,Unwritten Law,5784,False,Unwritten Law
5785,Buzzcocks,5785,False,Buzzcocks
5786,Cecilia Bartoli,5786,False,Cecilia Bartoli
5787,Diana Krall,5787,False,Diana Krall
5788,CORE OF SOUL,5788,False,CORE OF SOUL
5789,Lauryn Hill,5789,False,Lauryn Hill
5790,Aimee Mann,5790,False,Aimee Mann
5791,Mark Morgan,5791,False,Mark Morgan
5792,Matt Uelmen,5792,False,Matt Uelmen
5793,Exxasens,5793,False,Exxasens
5794,Derek Duke,5794,False,Derek Duke
5795,Белые Флаги Зажигайте Медленно,5795,False,Белые Флаги Зажигайте Медленно
5796,Toma,5796,False,Toma
5797,Albinobeach,5797,False,Albinobeach
5798,Valve,5798,False,Valve
5799,If These Trees Could Talk,5799,False,If These Trees Could Talk
5800,Андрей Климковский,5800,False,Андрей Климковский
5801,Atlantis,5801,False,Atlantis
5802,Ben Houge,5802,False,Ben Houge
5803,Banco de Gaia,5803,False,Banco de Gaia
5804,Sleepmakeswaves,5804,False,Sleepmakeswaves
5805,Aaron Marshall,5805,False,Aaron Marshall
5806,John Murphy,5806,False,John Murphy
5807,Jeremy Soule,5807,False,Jeremy Soule
5808,I Hear Sirens,5808,False,I Hear Sirens
5809,Barón Rojo,5809,False,Barón Rojo
5810,Original Broadway Cast,5810,False,Original Broadway Cast
5811,F.K.Ü.,5811,False,F.K.Ü.
5812,Krokus,5812,False,Krokus
5813,Hellhounds,5813,False,Hellhounds
5814,Helena Bonham Carter,5814,False,Helena Bonham Carter
5815,Helena Bonham Carter & Johnny Depp,5815,False,Helena Bonham Carter & Johnny Depp
5816,Ángeles del Infierno,5816,False,Ángeles del Infierno
5817,Trust,5817,False,Trust
5818,Exciter,5818,False,Exciter
5819,Masacre,5819,False,Masacre
5820,Riot,5820,False,Riot
5821,Aria,5821,False,Aria
5822,Edward Sanders & Helena Bonham Carter,5822,False,Edward Sanders & Helena Bonham Carter
5823,Anvil,5823,False,Anvil
5824,Excel,5824,False,Excel
5825,Muro,5825,False,Muro
5826,Alan Rickman & Johnny Depp,5826,False,Alan Rickman & Johnny Depp
5827,Transmetal,5827,False,Transmetal
5828,Jayne Wisener,5828,False,Jayne Wisener
5829,Jamie Campbell Bower,5829,False,Jamie Campbell Bower
5830,"Edward Sanders, Helena Bonham Carter and Johnny Depp",5830,False,"Edward Sanders, Helena Bonham Carter and Johnny Depp"
5831,Sacha Baron Cohen,5831,False,Sacha Baron Cohen
5832,The Dolphin Brothers,5832,False,The Dolphin Brothers
5833,David Sylvian,5833,False,David Sylvian
5834,Lion,5834,False,Lion
5835,Bruce Faulconer,5835,False,Bruce Faulconer
5836,Mark Ronson & The Business Intl,5836,False,Mark Ronson & The Business Intl
5837,浜田麻里,5837,False,浜田麻里
5838,Yngwie J. Malmsteen's Rising Force,5838,False,Yngwie J. Malmsteen's Rising Force
5839,Nine Horses,5839,False,Nine Horses
5840,"Takeshi Miura, Hijiri Anze, Sanae Kasahara",5840,False,"Takeshi Miura, Hijiri Anze, Sanae Kasahara"
5841,Winger,5841,False,Winger
5842,Elvira,5842,False,Elvira
5843,Charles Bernstein,5843,False,Charles Bernstein
5844,Jefferson Airplane,5844,False,Jefferson Airplane
5845,Vavamuffin,5845,False,Vavamuffin
5846,Izrael,5846,False,Izrael
5847,EastWest Rockers,5847,False,EastWest Rockers
5848,Ziggy Marley,5848,False,Ziggy Marley
5849,Diana King,5849,False,Diana King
5850,Bunny Wailer,5850,False,Bunny Wailer
5851,Oneohtrix Point Never,5851,False,Oneohtrix Point Never
5852,Mohave Triangles,5852,False,Mohave Triangles
5853,The Skaters,5853,False,The Skaters
5854,Emeralds,5854,False,Emeralds
5855,Bee Mask,5855,False,Bee Mask
5856,Dolphins Into the Future,5856,False,Dolphins Into the Future
5857,Axolotl,5857,False,Axolotl
5858,Shuttle 358,5858,False,Shuttle 358
5859,High Wolf,5859,False,High Wolf
5860,Off Minor,5860,False,Off Minor
5861,Raccoo-oo-oon,5861,False,Raccoo-oo-oon
5862,Oidupaa Vladimir Oiun,5862,False,Oidupaa Vladimir Oiun
5863,Xiphiidae,5863,False,Xiphiidae
5864,Extra Life,5864,False,Extra Life
5865,Sky Limousine,5865,False,Sky Limousine
5866,Lurker of Chalice,5866,False,Lurker of Chalice
5867,Natural Snow Buildings,5867,False,Natural Snow Buildings
5868,Teebs,5868,False,Teebs
5869,Depakote,5869,False,Depakote
5870,Sean McCann,5870,False,Sean McCann
5871,Ricardo Villalobos,5871,False,Ricardo Villalobos
5872,Hetero Skeleton,5872,False,Hetero Skeleton
5873,1000names,5873,False,1000names
5874,Hive,5874,False,Hive
5875,Monopoly Child Star Searchers,5875,False,Monopoly Child Star Searchers
5876,Don Caballero,5876,False,Don Caballero
5877,Pendulums,5877,False,Pendulums
5878,Josh Burke,5878,False,Josh Burke
5879,Ariel Pink's Haunted Graffiti,5879,False,Ariel Pink's Haunted Graffiti
5880,Ampere,5880,False,Ampere
5881,I Wrote Haikus About Cannibalism in Your Yearbook,5881,False,I Wrote Haikus About Cannibalism in Your Yearbook
5882,Forest Swords,5882,False,Forest Swords
5883,Oh No,5883,False,Oh No
5884,Yoga,5884,False,Yoga
5885,Ø,5885,False,Ø
5886,Realms,5886,False,Realms
5887,Group Doueh,5887,False,Group Doueh
5888,Infinity Window,5888,False,Infinity Window
5889,QARPA,5889,False,QARPA
5890,Elbow,5890,False,Elbow
5891,I Monster,5891,False,I Monster
5892,The Weeknd,5892,False,The Weeknd
5893,Chris Corner,5893,False,Chris Corner
5894,The Brand New Heavies,5894,False,The Brand New Heavies
5895,Frank Marino,5895,False,Frank Marino
5896,Frank Marino & Mahogany Rush,5896,False,Frank Marino & Mahogany Rush
5897,Chickenfoot,5897,False,Chickenfoot
5898,Mahogany Rush,5898,False,Mahogany Rush
5899,Halford,5899,False,Halford
5900,Blue Murder,5900,False,Blue Murder
5901,Bachman-Turner Overdrive,5901,False,Bachman-Turner Overdrive
5902,Captain Beyond,5902,False,Captain Beyond
5903,Ataraxia,5903,False,Ataraxia
5904,Hearts Fail,5904,False,Hearts Fail
5905,Dead Leaf Echo,5905,False,Dead Leaf Echo
5906,Unto Ashes,5906,False,Unto Ashes
5907,Blacklist,5907,False,Blacklist
5908,The Names,5908,False,The Names
5909,Shiloe,5909,False,Shiloe
5910,Romance,5910,False,Romance
5911,Catherine Wheel,5911,False,Catherine Wheel
5912,Sad Lovers and Giants,5912,False,Sad Lovers and Giants
5913,The Chameleons,5913,False,The Chameleons
5914,My Brightest Diamond,5914,False,My Brightest Diamond
5915,Joy Disaster,5915,False,Joy Disaster
5916,Scarlet Youth,5916,False,Scarlet Youth
5917,The Comsat Angels,5917,False,The Comsat Angels
5918,The Danse Society,5918,False,The Danse Society
5919,Chants of Maldoror,5919,False,Chants of Maldoror
5920,The Passage,5920,False,The Passage
5921,The Search,5921,False,The Search
5922,Narkotiki,5922,False,Narkotiki
5923,Катя Чехова,5923,False,Катя Чехова
5924,Manicure,5924,False,Manicure
5925,Peter Bjorn and John,5925,False,Peter Bjorn and John
5926,The Sounds,5926,False,The Sounds
5927,Bang Gang,5927,False,Bang Gang
5928,Sunshine,5928,False,Sunshine
5929,The Organ,5929,False,The Organ
5930,Cheese People,5930,False,Cheese People
5931,Apartment,5931,False,Apartment
5932,Pogo,5932,False,Pogo
5933,Dasaev,5933,False,Dasaev
5934,Bonde do Rolê,5934,False,Bonde do Rolê
5935,A.F.I.,5935,False,A.F.I.
5936,Sage Francis,5936,False,Sage Francis
5937,Rev Theory,5937,False,Rev Theory
5938,Revelation Theory,5938,False,Revelation Theory
5939,SR-71,5939,False,SR-71
5940,Mercy Drive,5940,False,Mercy Drive
5941,Aubrey Ashburn,5941,False,Aubrey Ashburn
5942,Civil Twilight,5942,False,Civil Twilight
5943,Divide The Day,5943,False,Divide The Day
5944,Downstait,5944,False,Downstait
5945,Evan Jones,5945,False,Evan Jones
5946,Cage 9,5946,False,Cage 9
5947,LMFAO,5947,False,LMFAO
5948,Fefe Dobson,5948,False,Fefe Dobson
5949,The White Tie Affair,5949,False,The White Tie Affair
5950,Cash Cash,5950,False,Cash Cash
5951,1-800-ZOMBIE,5951,False,1-800-ZOMBIE
5952,The Stunners,5952,False,The Stunners
5953,Kid Sister,5953,False,Kid Sister
5954,Tiffany Giardina,5954,False,Tiffany Giardina
5955,Prima J,5955,False,Prima J
5956,Spongebob Squarepants,5956,False,Spongebob Squarepants
5957,Priscilla Renea,5957,False,Priscilla Renea
5958,The Summer Set,5958,False,The Summer Set
5959,Jessie Malakouti,5959,False,Jessie Malakouti
5960,Hanni Kohl,5960,False,Hanni Kohl
5961,House vs. Hurricane,5961,False,House vs. Hurricane
5962,Handshakes And Highfives,5962,False,Handshakes And Highfives
5963,Dungeon Elite [**],5963,False,Dungeon Elite [**]
5964,100DEADRABBITS!!!,5964,False,100DEADRABBITS!!!
5965,Bubblegum Octopus,5965,False,Bubblegum Octopus
5966,Circa Survive,5966,False,Circa Survive
5967,2 0' Clock Girlfriend,5967,False,2 0' Clock Girlfriend
5968,Stray From the Path,5968,False,Stray From the Path
5969,"Drop Dead, Gorgeous",5969,False,"Drop Dead, Gorgeous"
5970,iamerror,5970,False,iamerror
5971,FlyKKiller,5971,False,FlyKKiller
5972,Mute Math,5972,False,Mute Math
5973,Angélica,5973,False,Angélica
5974,Liah,5974,False,Liah
5975,Grey's Anatomy Cast,5975,False,Grey's Anatomy Cast
5976,Vespertine,5976,False,Vespertine
5977,Aiden Grimshaw,5977,False,Aiden Grimshaw
5978,Neon Trees,5978,False,Neon Trees
5979,Thiago Pethit,5979,False,Thiago Pethit
5980,Anna Tsuchiya,5980,False,Anna Tsuchiya
5981,Nathalie,5981,False,Nathalie
5982,Giuseppe Verdi,5982,False,Giuseppe Verdi
5983,Marco Mengoni,5983,False,Marco Mengoni
5984,Semi Precious Weapons,5984,False,Semi Precious Weapons
5985,Alessandra Amoroso,5985,False,Alessandra Amoroso
5986,Ke$ha - Dlera.Com,5986,False,Ke$ha - Dlera.Com
5987,Hick,5987,False,Hick
5988,Nelly,5988,False,Nelly
5989,Beyoncé e Alicia Keys,5989,False,Beyoncé e Alicia Keys
5990,Ciara Ft The Dream,5990,False,Ciara Ft The Dream
5991,Beyoncé/Big Boi/Sleepy Brown,5991,False,Beyoncé/Big Boi/Sleepy Brown
5992,"Kanye West, Beyoncé & Charlie Wilson",5992,False,"Kanye West, Beyoncé & Charlie Wilson"
5993,Shakira feat. Kid Cudi & Benny,5993,False,Shakira feat. Kid Cudi & Benny
5994,Anda Adam,5994,False,Anda Adam
5995,Sofia Nizharadze,5995,False,Sofia Nizharadze
5996,Rhianna,5996,False,Rhianna
5997,Καιτη Γαρμπη,5997,False,Καιτη Γαρμπη
5998,Madonna feat. Justin Timberlake,5998,False,Madonna feat. Justin Timberlake
5999,Zombie,5999,False,Zombie
6000,LanzamientosMp3.es,6000,False,LanzamientosMp3.es
6001,Shamur,6001,False,Shamur
6002,Juliana Pasha,6002,False,Juliana Pasha
6003,ınna,6003,False,ınna
6004,Mr. Scruff,6004,False,Mr. Scruff
6005,110,6005,False,110
6006,Trading Yesterday,6006,False,Trading Yesterday
6007,Michael Silverman,6007,False,Michael Silverman
6008,Innerpartysystem,6008,False,Innerpartysystem
6009,Helia,6009,False,Helia
6010,Devil Sold His Soul,6010,False,Devil Sold His Soul
6011,Nevea Tears,6011,False,Nevea Tears
6012,One Morning Left,6012,False,One Morning Left
6013,Dividing The Line,6013,False,Dividing The Line
6014,Arsonists Get All The Girls,6014,False,Arsonists Get All The Girls
6015,A Hope For Home,6015,False,A Hope For Home
6016,Greeley Estates,6016,False,Greeley Estates
6017,One Last Hero,6017,False,One Last Hero
6018,A Black Rose Burial,6018,False,A Black Rose Burial
6019,Her Demise My Rise,6019,False,Her Demise My Rise
6020,The Beverly Secret,6020,False,The Beverly Secret
6021,Many Things Untold,6021,False,Many Things Untold
6022,Belie My Burial,6022,False,Belie My Burial
6023,Aprildead,6023,False,Aprildead
6024,Oh The Blood,6024,False,Oh The Blood
6025,Abandon All Ships!,6025,False,Abandon All Ships!
6026,A Song For You My Dear,6026,False,A Song For You My Dear
6027,You Love Her Coz She's Dead,6027,False,You Love Her Coz She's Dead
6028,The Handshake Affair,6028,False,The Handshake Affair
6029,A Midsky Surrender,6029,False,A Midsky Surrender
6030,Antonio Meliveo,6030,False,Antonio Meliveo
6031,Valery & The Greedies,6031,False,Valery & The Greedies
6032,HEALTH,6032,False,HEALTH
6033,Татьяна Зыкина,6033,False,Татьяна Зыкина
6034,Upstation,6034,False,Upstation
6035,Magic Wands,6035,False,Magic Wands
6036,Гайтана,6036,False,Гайтана
6037,Motorama,6037,False,Motorama
6038,Gil Scott-Heron and Jamie xx,6038,False,Gil Scott-Heron and Jamie xx
6039,Handsome Furs,6039,False,Handsome Furs
6040,My Dad Is Dead,6040,False,My Dad Is Dead
6041,The Little Hands of Asphalt,6041,False,The Little Hands of Asphalt
6042,Chinese Man,6042,False,Chinese Man
6043,Birdy Nam Nam,6043,False,Birdy Nam Nam
6044,old boy,6044,False,old boy
6045,Wax Tailor,6045,False,Wax Tailor
6046,Nujabes,6046,False,Nujabes
6047,Yuksek,6047,False,Yuksek
6048,Godspeed You! Black Emperor,6048,False,Godspeed You! Black Emperor
6049,Don Rimini,6049,False,Don Rimini
6050,Tepr,6050,False,Tepr
6051,Daniel Licht,6051,False,Daniel Licht
6052,E.S. Posthumus,6052,False,E.S. Posthumus
6053,DJ Mehdi,6053,False,DJ Mehdi
6054,Goose,6054,False,Goose
6055,College,6055,False,College
6056,Frank Klepacki,6056,False,Frank Klepacki
6057,Zodiac,6057,False,Zodiac
6058,伊福部昭,6058,False,伊福部昭
6059,Klaus Doldinger,6059,False,Klaus Doldinger
6060,Patrick O'Hearn,6060,False,Patrick O'Hearn
6061,J.S.R,6061,False,J.S.R
6062,Synergy,6062,False,Synergy
6063,PUFFY,6063,False,PUFFY
6064,Nena,6064,False,Nena
6065,Men Without Hats,6065,False,Men Without Hats
6066,INTELLIGENTSIA,6066,False,INTELLIGENTSIA
6067,JSR,6067,False,JSR
6068,Jerry Martin,6068,False,Jerry Martin
6069,When in Rome,6069,False,When in Rome
6070,Animotion,6070,False,Animotion
6071,Klaus Wunderlich,6071,False,Klaus Wunderlich
6072,Shinji Miyazaki,6072,False,Shinji Miyazaki
6073,Missing Persons,6073,False,Missing Persons
6074,Pacific!,6074,False,Pacific!
6075,坂本龍一,6075,False,坂本龍一
6076,Huepow00,6076,False,Huepow00
6077,Martin O'Donnell & Michael Salvatori,6077,False,Martin O'Donnell & Michael Salvatori
6078,donkey kong country 2,6078,False,donkey kong country 2
6079,Kanako Kakino,6079,False,Kanako Kakino
6080,Akira Senju/Akira Senju,6080,False,Akira Senju/Akira Senju
6081,Powerglove,6081,False,Powerglove
6082,Huepow00 (DJ EAR),6082,False,Huepow00 (DJ EAR)
6083,Kenichiro Fukui,6083,False,Kenichiro Fukui
6084,Eriko Imura,6084,False,Eriko Imura
6085,Jeff Williams,6085,False,Jeff Williams
6086,Safri Duo,6086,False,Safri Duo
6087,EAR,6087,False,EAR
6088,Cruze & Breaks,6088,False,Cruze & Breaks
6089,Scott Brown,6089,False,Scott Brown
6090,"Kazuhiko Uehara, Harumi Ueko",6090,False,"Kazuhiko Uehara, Harumi Ueko"
6091,Martin O'Donnell,6091,False,Martin O'Donnell
6092,Stephen Rippy,6092,False,Stephen Rippy
6093,Lee UHF & Andy Freestyle,6093,False,Lee UHF & Andy Freestyle
6094,Shirou Hamaguchi,6094,False,Shirou Hamaguchi
6095,Mutato Muzika,6095,False,Mutato Muzika
6096,MegaDriver,6096,False,MegaDriver
6097,境亜寿香,6097,False,境亜寿香
6098,George Carlin,6098,False,George Carlin
6099,Gammer,6099,False,Gammer
6100,DJ Ear,6100,False,DJ Ear
6101,Donkey Kong Country,6101,False,Donkey Kong Country
6102,Clay Moffatt,6102,False,Clay Moffatt
6103,Katsuro Tajima,6103,False,Katsuro Tajima
6104,Global Stage Orchestra,6104,False,Global Stage Orchestra
6105,"Kanako Kakino, Yoshinori Kawamoto, Kazuhiro Nakamura",6105,False,"Kanako Kakino, Yoshinori Kawamoto, Kazuhiro Nakamura"
6106,Eufeion,6106,False,Eufeion
6107,Junko Ozawa,6107,False,Junko Ozawa
6108,Goemon Production Team,6108,False,Goemon Production Team
6109,Yuji Masubuchi,6109,False,Yuji Masubuchi
6110,Tetsukazu Nakanishi,6110,False,Tetsukazu Nakanishi
6111,SIGN/dot Hack/dot Hack,6111,False,SIGN/dot Hack/dot Hack
6112,Styles & Breeze,6112,False,Styles & Breeze
6113,Hiromi Shibano,6113,False,Hiromi Shibano
6114,Renard,6114,False,Renard
6115,Darwin & Fracus featuring Ant,6115,False,Darwin & Fracus featuring Ant
6116,Dougal & Gammer,6116,False,Dougal & Gammer
6117,DJ Kurt,6117,False,DJ Kurt
6118,Re-Con,6118,False,Re-Con
6119,Wanessa Camargo,6119,False,Wanessa Camargo
6120,CPM 22,6120,False,CPM 22
6121,Scracho,6121,False,Scracho
6122,Madame Machado,6122,False,Madame Machado
6123,Roupa Nova,6123,False,Roupa Nova
6124,Patrick Stump,6124,False,Patrick Stump
6125,Flyswatter,6125,False,Flyswatter
6126,Helmet,6126,False,Helmet
6127,Vanilla Sky,6127,False,Vanilla Sky
6128,Sportfreunde Stiller,6128,False,Sportfreunde Stiller
6129,The Berzerker,6129,False,The Berzerker
6130,Filter,6130,False,Filter
6131,Injected,6131,False,Injected
6132,Beeshop,6132,False,Beeshop
6133,Roadrunner United,6133,False,Roadrunner United
6134,Fair to Midland,6134,False,Fair to Midland
6135,The Jealous Sound,6135,False,The Jealous Sound
6136,Your Yellow Dress,6136,False,Your Yellow Dress
6137,Antônio Carlos Jobim,6137,False,Antônio Carlos Jobim
6138,Ola Podrida,6138,False,Ola Podrida
6139,The Nightwatchman,6139,False,The Nightwatchman
6140,John Denver,6140,False,John Denver
6141,Baden Powell,6141,False,Baden Powell
6142,Benni Hemm Hemm,6142,False,Benni Hemm Hemm
6143,John Stoneham,6143,False,John Stoneham
6144,Bowerbirds,6144,False,Bowerbirds
6145,Vierivä Viiksiportieeri,6145,False,Vierivä Viiksiportieeri
6146,Sebadoh,6146,False,Sebadoh
6147,Pública,6147,False,Pública
6148,Johnny Cash & Willie Nelson,6148,False,Johnny Cash & Willie Nelson
6149,Marbury,6149,False,Marbury
6150,Tangerine Dream,6150,False,Tangerine Dream
6151,Stars of the Lid,6151,False,Stars of the Lid
6152,Atom™,6152,False,Atom™
6153,Cluster,6153,False,Cluster
6154,Keith Fullerton Whitman,6154,False,Keith Fullerton Whitman
6155,Windy & Carl,6155,False,Windy & Carl
6156,Belong,6156,False,Belong
6157,Ignatz,6157,False,Ignatz
6158,Michael Rother,6158,False,Michael Rother
6159,Eluvium,6159,False,Eluvium
6160,Loscil,6160,False,Loscil
6161,Arvo Pärt,6161,False,Arvo Pärt
6162,Pan•American,6162,False,Pan•American
6163,William Basinski,6163,False,William Basinski
6164,Aix Em Klemm,6164,False,Aix Em Klemm
6165,Ten Years After,6165,False,Ten Years After
6166,Harmonia,6166,False,Harmonia
6167,Brian McBride,6167,False,Brian McBride
6168,Morton Feldman,6168,False,Morton Feldman
6169,Labradford,6169,False,Labradford
6170,Oren Ambarchi,6170,False,Oren Ambarchi
6171,Chamber Choir of Europe,6171,False,Chamber Choir of Europe
6172,Agitation Free,6172,False,Agitation Free
6173,The Dead Texan,6173,False,The Dead Texan
6174,Peter Wright,6174,False,Peter Wright
6175,Martin Budd,6175,False,Martin Budd
6176,Penguin Cafe Orchestra,6176,False,Penguin Cafe Orchestra
6177,Chicane,6177,False,Chicane
6178,Chihei Hatakeyama,6178,False,Chihei Hatakeyama
6179,Set Fire to Flames,6179,False,Set Fire to Flames
6180,Jona Lewie,6180,False,Jona Lewie
6181,Clannad,6181,False,Clannad
6182,Grandaddy,6182,False,Grandaddy
6183,The Incredible String Band,6183,False,The Incredible String Band
6184,Thought Bandit,6184,False,Thought Bandit
6185,Christ.,6185,False,Christ.
6186,Ugly Casanova,6186,False,Ugly Casanova
6187,Jonny Greenwood,6187,False,Jonny Greenwood
6188,The Beta Band,6188,False,The Beta Band
6189,Bibio,6189,False,Bibio
6190,Lemon Jelly,6190,False,Lemon Jelly
6191,Armor for Sleep,6191,False,Armor for Sleep
6192,Carl Barât,6192,False,Carl Barât
6193,Crazy Town,6193,False,Crazy Town
6194,Leathermouth,6194,False,Leathermouth
6195,Cock Sparrer,6195,False,Cock Sparrer
6196,Box Car Racer,6196,False,Box Car Racer
6197,The Young Veins,6197,False,The Young Veins
6198,Kettcar,6198,False,Kettcar
6199,The Vegas Wake Up,6199,False,The Vegas Wake Up
6200,Böhse Onkelz,6200,False,Böhse Onkelz
6201,Flipsyde,6201,False,Flipsyde
6202,The Veils,6202,False,The Veils
6203,Delays,6203,False,Delays
6204,Shearwater,6204,False,Shearwater
6205,The Clientele,6205,False,The Clientele
6206,Fionn Regan,6206,False,Fionn Regan
6207,John Grant,6207,False,John Grant
6208,Jacob Golden,6208,False,Jacob Golden
6209,School of Seven Bells,6209,False,School of Seven Bells
6210,Girls,6210,False,Girls
6211,The Leisure Society,6211,False,The Leisure Society
6212,Puressence,6212,False,Puressence
6213,Gravenhurst,6213,False,Gravenhurst
6214,Emily Haines & the Soft Skeleton,6214,False,Emily Haines & the Soft Skeleton
6215,Villagers,6215,False,Villagers
6216,Gliss,6216,False,Gliss
6217,The Radio Dept.,6217,False,The Radio Dept.
6218,The Bony King of Nowhere,6218,False,The Bony King of Nowhere
6219,Sad Day For Puppets,6219,False,Sad Day For Puppets
6220,Johnny Flynn & the Sussex Wit,6220,False,Johnny Flynn & the Sussex Wit
6221,Jeremy Messersmith,6221,False,Jeremy Messersmith
6222,Guillemots,6222,False,Guillemots
6223,The Automatic,6223,False,The Automatic
6224,Jenny Lewis,6224,False,Jenny Lewis
6225,Head Automatica,6225,False,Head Automatica
6226,N*E*R*D,6226,False,N*E*R*D
6227,Boy Kill Boy,6227,False,Boy Kill Boy
6228,Nightmare of You,6228,False,Nightmare of You
6229,Frightened Rabbit,6229,False,Frightened Rabbit
6230,"¡Forward, Russia!",6230,False,"¡Forward, Russia!"
6231,The Perishers,6231,False,The Perishers
6232,BWO,6232,False,BWO
6233,Saving Jane,6233,False,Saving Jane
6234,Оберманекен,6234,False,Оберманекен
6235,Negative,6235,False,Negative
6236,BIANIK CITY,6236,False,BIANIK CITY
6237,Nurzery [Rhymes],6237,False,Nurzery [Rhymes]
6238,Elin,6238,False,Elin
6239,Мастер,6239,False,Мастер
6240,7000$,6240,False,7000$
6241,Klaus Nomi,6241,False,Klaus Nomi
6242,Кукрыниксы,6242,False,Кукрыниксы
6243,Tiesto & Sneaky Sound System,6243,False,Tiesto & Sneaky Sound System
6244,I.F.K.,6244,False,I.F.K.
6245,Мумий Тролль,6245,False,Мумий Тролль
6246,Plazma,6246,False,Plazma
6247,Sugarcult,6247,False,Sugarcult
6248,nintendo ost,6248,False,nintendo ost
6249,Theory of a Deadman,6249,False,Theory of a Deadman
6250,Globus,6250,False,Globus
6251,Art of Dying,6251,False,Art of Dying
6252,Tyler Bates,6252,False,Tyler Bates
6253,Kiara Rocks,6253,False,Kiara Rocks
6254,The Mayfield Four,6254,False,The Mayfield Four
6255,Viewtiful Joe,6255,False,Viewtiful Joe
6257,Rob Zombie,6257,False,Rob Zombie
6258,Summoning,6258,False,Summoning
6259,TSA,6259,False,TSA
6261,Simon LeBon,6261,False,Simon LeBon
6262,Girls Can't Catch,6262,False,Girls Can't Catch
6263,Кипелов,6263,False,Кипелов
6264,Coroner,6264,False,Coroner
6265,Найк Борзов,6265,False,Найк Борзов
6266,Blitzkrieg,6266,False,Blitzkrieg
6267,ДДТ,6267,False,ДДТ
6268,Headhunter,6268,False,Headhunter
6269,Кипелов и Маврин,6269,False,Кипелов и Маврин
6270,"Дубинин, Холстинин",6270,False,"Дубинин, Холстинин"
6271,Grip Inc.,6271,False,Grip Inc.
6272,Юрий Шевчук,6272,False,Юрий Шевчук
6273,Samson,6273,False,Samson
6274,Музыка к фильму,6274,False,Музыка к фильму
6275,Red Elvises,6275,False,Red Elvises
6276,Tea,6276,False,Tea
6277,Sentinel,6277,False,Sentinel
6278,Lujuria,6278,False,Lujuria
6279,Aerobitch,6279,False,Aerobitch
6280,Easy Rider,6280,False,Easy Rider
6281,Grass,6281,False,Grass
6282,Mägo de Oz,6282,False,Mägo de Oz
6283,Demonios,6283,False,Demonios
6284,Avalanch,6284,False,Avalanch
6285,Piramid,6285,False,Piramid
6286,Twilight,6286,False,Twilight
6287,3 Inches of Blood,6287,False,3 Inches of Blood
6288,Tech N9ne,6288,False,Tech N9ne
6289,Kataklysm,6289,False,Kataklysm
6290,Persuader,6290,False,Persuader
6291,Richie Sambora,6291,False,Richie Sambora
6292,Jon Bon Jovi,6292,False,Jon Bon Jovi
6293,Straylight Run,6293,False,Straylight Run
6294,Saves the Day,6294,False,Saves the Day
6295,Pinback,6295,False,Pinback
6296,Fanfarlo,6296,False,Fanfarlo
6297,Sondre Lerche,6297,False,Sondre Lerche
6298,Something Corporate,6298,False,Something Corporate
6299,Freelance Whales,6299,False,Freelance Whales
6301,Matt Costa,6301,False,Matt Costa
6302,Jenny Lewis with The Watson Twins,6302,False,Jenny Lewis with The Watson Twins
6303,Starfucker,6303,False,Starfucker
6305,Conor Oberst,6305,False,Conor Oberst
6307,The Good Life,6307,False,The Good Life
6308,Nick Lachey,6308,False,Nick Lachey
6309,Lady GaGa Ft. Beyoncé,6309,False,Lady GaGa Ft. Beyoncé
6310,Madonna & Justin,6310,False,Madonna & Justin
6311,Brick & Lace,6311,False,Brick & Lace
6312,Che'nelle,6312,False,Che'nelle
6313,Pussycat Dolls,6313,False,Pussycat Dolls
6314,Jennifer Lopez ft. Pitbull,6314,False,Jennifer Lopez ft. Pitbull
6317,Aventura,6317,False,Aventura
6318,Bárbara Muñoz,6318,False,Bárbara Muñoz
6319,Franco de Vita,6319,False,Franco de Vita
6320,Danny!,6320,False,Danny!
6321,The Pharcyde,6321,False,The Pharcyde
6322,The Foreign Exchange,6322,False,The Foreign Exchange
6323,X-Clan,6323,False,X-Clan
6324,3rd Bass,6324,False,3rd Bass
6325,Jungle Brothers,6325,False,Jungle Brothers
6326,Shad,6326,False,Shad
6327,Da Lench Mob,6327,False,Da Lench Mob
6328,Da Bush Babees,6328,False,Da Bush Babees
6329,One Be Lo,6329,False,One Be Lo
6330,J-Live,6330,False,J-Live
6331,Ugly Duckling,6331,False,Ugly Duckling
6332,Pete Rock,6332,False,Pete Rock
6333,Quarteto em Cy,6333,False,Quarteto em Cy
6334,Son of Bazerk,6334,False,Son of Bazerk
6335,El-P,6335,False,El-P
6336,NOMAK,6336,False,NOMAK
6337,Company Flow,6337,False,Company Flow
6338,Psyche Origami,6338,False,Psyche Origami
6339,Pete Rock & C.L. Smooth,6339,False,Pete Rock & C.L. Smooth
6340,The Last Poets,6340,False,The Last Poets
6341,Prince Paul,6341,False,Prince Paul
6342,Dream Warriors,6342,False,Dream Warriors
6343,Brother Ali,6343,False,Brother Ali
6344,eMC,6344,False,eMC
6345,Little Dragon,6345,False,Little Dragon
6346,Soulja Boy,6346,False,Soulja Boy
6347,Shu-Bi-Dua,6347,False,Shu-Bi-Dua
6348,Dizzy Mizz Lizzy,6348,False,Dizzy Mizz Lizzy
6349,De Nattergale,6349,False,De Nattergale
6350,TV-2,6350,False,TV-2
6351,Tina Dickow,6351,False,Tina Dickow
6352,Kim Larsen & Kjukken,6352,False,Kim Larsen & Kjukken
6353,Kim Larsen,6353,False,Kim Larsen
6354,Four Jacks,6354,False,Four Jacks
6355,Lars Lilholt,6355,False,Lars Lilholt
6356,Dodo And The Dodo's,6356,False,Dodo And The Dodo's
6357,Celina Ree,6357,False,Celina Ree
6358,Peter Belli,6358,False,Peter Belli
6359,Inside the Whale,6359,False,Inside the Whale
6360,Jive Bunny & The Mastermixers,6360,False,Jive Bunny & The Mastermixers
6361,Press Play on Tape,6361,False,Press Play on Tape
6362,Slade,6362,False,Slade
6363,The Blues Brothers,6363,False,The Blues Brothers
6364,Kim Larsen & Bellami,6364,False,Kim Larsen & Bellami
6365,Magtens Korridorer,6365,False,Magtens Korridorer
6366,"Anders ""Anden"" Matthesen´s",6366,False,"Anders ""Anden"" Matthesen´s"
6367,Hayseed Dixie,6367,False,Hayseed Dixie
6368,Anna David,6368,False,Anna David
6369,The Storm,6369,False,The Storm
6370,Simone,6370,False,Simone
6371,DR Julekalendere,6371,False,DR Julekalendere
6372,Julie,6372,False,Julie
6373,Tyler Adam,6373,False,Tyler Adam
6374,Peaches,6374,False,Peaches
6375,Ray J,6375,False,Ray J
6376,Missy Elliott,6376,False,Missy Elliott
6377,Timbaland & Magoo,6377,False,Timbaland & Magoo
6378,Marsha Ambrosius,6378,False,Marsha Ambrosius
6379,Kiley Dean,6379,False,Kiley Dean
6380,Fagget Fairys,6380,False,Fagget Fairys
6381,James Fauntleroy,6381,False,James Fauntleroy
6382,Coconut Records,6382,False,Coconut Records
6383,Mya,6383,False,Mya
6384,Ginuwine,6384,False,Ginuwine
6385,Tweet,6385,False,Tweet
6386,Lonny Breaux,6386,False,Lonny Breaux
6387,Bubba Sparxxx,6387,False,Bubba Sparxxx
6388,"Lisa ""Left Eye"" Lopes",6388,False,"Lisa ""Left Eye"" Lopes"
6389,Robin Thicke,6389,False,Robin Thicke
6390,Bear McCreary,6390,False,Bear McCreary
6391,The Living End,6391,False,The Living End
6392,Kevin Riepl,6392,False,Kevin Riepl
6393,Sam Hulick,6393,False,Sam Hulick
6394,Jack Wall,6394,False,Jack Wall
6395,Cold Chisel,6395,False,Cold Chisel
6396,Bill Brown,6396,False,Bill Brown
6397,Harry Gregson-Williams,6397,False,Harry Gregson-Williams
6398,Joel Goldsmith,6398,False,Joel Goldsmith
6399,Jimmy Barnes,6399,False,Jimmy Barnes
6400,Powderfinger,6400,False,Powderfinger
6401,Jason Hayes,6401,False,Jason Hayes
6402,Grinspoon,6402,False,Grinspoon
6403,The Highwaymen,6403,False,The Highwaymen
6404,Nobukazu Takemura,6404,False,Nobukazu Takemura
6405,Lullatone,6405,False,Lullatone
6407,Cornelius,6407,False,Cornelius
6408,嶺川貴子,6408,False,嶺川貴子
6409,Black Moth Super Rainbow,6409,False,Black Moth Super Rainbow
6410,Grouper,6410,False,Grouper
6414,Asobi Seksu,6414,False,Asobi Seksu
6416,Dosh,6416,False,Dosh
6417,Mirah,6417,False,Mirah
6421,Superchunk,6421,False,Superchunk
6422,Mates of State,6422,False,Mates of State
6424,Cloud Cult,6424,False,Cloud Cult
6426,Meryl Streep,6426,False,Meryl Streep
6427,Romy Low,6427,False,Romy Low
6428,RuPaul,6428,False,RuPaul
6429,Kate Ryan,6429,False,Kate Ryan
6430,Chris Colfer,6430,False,Chris Colfer
6431,ПопКорн,6431,False,ПопКорн
6432,Marakesh,6432,False,Marakesh
6433,THE JAVERS,6433,False,THE JAVERS
6434,Dozavtra,6434,False,Dozavtra
6435,Ideя Fix,6435,False,Ideя Fix
6436,medusa'scream,6436,False,medusa'scream
6437,Ангус,6437,False,Ангус
6438,Larespark,6438,False,Larespark
6439,Animal ДжаZ,6439,False,Animal ДжаZ
6440,Kambodge,6440,False,Kambodge
6441,Nuteki,6441,False,Nuteki
6442,Сюрприз,6442,False,Сюрприз
6443,Angus,6443,False,Angus
6444,When Roses Die,6444,False,When Roses Die
6445,Multipass,6445,False,Multipass
6446,Сэйсорри,6446,False,Сэйсорри
6447,Слёзы Эмили,6447,False,Слёзы Эмили
6448,Blood on the Dance Floor,6448,False,Blood on the Dance Floor
6449,Провода,6449,False,Провода
6450,The Dangerous Summer,6450,False,The Dangerous Summer
6451,ГДР,6451,False,ГДР
6452,Everclear,6452,False,Everclear
6453,The Academy Is...,6453,False,The Academy Is...
6454,Anna Nalick,6454,False,Anna Nalick
6455,Adrian Johnston,6455,False,Adrian Johnston
6456,Megan McCauley,6456,False,Megan McCauley
6457,The Abbey School Choir,6457,False,The Abbey School Choir
6458,The Ronettes,6458,False,The Ronettes
6459,Selena,6459,False,Selena
6460,The J. Geils Band,6460,False,The J. Geils Band
6461,I Am Ghost,6461,False,I Am Ghost
6462,G. Love & Special Sauce,6462,False,G. Love & Special Sauce
6463,Manchester Orchestra,6463,False,Manchester Orchestra
6464,1990s,6464,False,1990s
6465,Onision,6465,False,Onision
6466,Groundation,6466,False,Groundation
6467,Dezarie,6467,False,Dezarie
6468,song,6468,False,song
6469,Mato Seco,6469,False,Mato Seco
6470,Planta e Raiz,6470,False,Planta e Raiz
6471,Sem Compromisso,6471,False,Sem Compromisso
6472,Djavan,6472,False,Djavan
6473,Edu ribeiro,6473,False,Edu ribeiro
6474,Filosofia Reggae,6474,False,Filosofia Reggae
6475,Leões de Israel,6475,False,Leões de Israel
6476,Trio Virgulino,6476,False,Trio Virgulino
6477,Circuito Reggae 12,6477,False,Circuito Reggae 12
6478,Banda Realize,6478,False,Banda Realize
6479,Fundo de Quintal,6479,False,Fundo de Quintal
6480,Victor & Leo,6480,False,Victor & Leo
6481,Maria Rita (Samba Meu 2008),6481,False,Maria Rita (Samba Meu 2008)
6482,Trio Virgulino - forrotemquesercoladinho.blogspot.com,6482,False,Trio Virgulino - forrotemquesercoladinho.blogspot.com
6483,Falamansa,6483,False,Falamansa
6484,Tribo De Jah,6484,False,Tribo De Jah
6485,circuito reggae 11,6485,False,circuito reggae 11
6486,Circuladô de Fulô,6486,False,Circuladô de Fulô
6487,Alceu Valença,6487,False,Alceu Valença
6488,Hobson's Choice,6488,False,Hobson's Choice
6489,Dubioza Kolektiv,6489,False,Dubioza Kolektiv
6490,Đubrivo,6490,False,Đubrivo
6491,Kultur Shock,6491,False,Kultur Shock
6492,Defence,6492,False,Defence
6493,Legion of the Damned,6493,False,Legion of the Damned
6494,Bogamber,6494,False,Bogamber
6495,D.O.A.,6495,False,D.O.A.
6496,Brain Forest Rytual,6496,False,Brain Forest Rytual
6497,王菲,6497,False,王菲
6498,盧巧音,6498,False,盧巧音
6499,莫文蔚,6499,False,莫文蔚
6500,Ibrahim Ferrer,6500,False,Ibrahim Ferrer
6501,Jesse Cook,6501,False,Jesse Cook
6502,陳奕迅,6502,False,陳奕迅
6503,Armik,6503,False,Armik
6504,Jon Secada,6504,False,Jon Secada
6505,Estopa,6505,False,Estopa
6506,Paco de Lucía,6506,False,Paco de Lucía
6507,蕭亞軒,6507,False,蕭亞軒
6508,S.H.E,6508,False,S.H.E
6509,Domo,6509,False,Domo
6510,楊千嬅,6510,False,楊千嬅
6511,Piero Mazzocchetti,6511,False,Piero Mazzocchetti
6512,徐懷鈺,6512,False,徐懷鈺
6513,周華健,6513,False,周華健
6514,伍佰,6514,False,伍佰
6515,Валерий Леонтьев,6515,False,Валерий Леонтьев
6516,Chambao,6516,False,Chambao
6517,Κώστας Μαρτάκης,6517,False,Κώστας Μαρτάκης
6518,Alejandro Magno,6518,False,Alejandro Magno
6519,孫燕姿,6519,False,孫燕姿
6520,Иракли,6520,False,Иракли
6521,Miranda,6521,False,Miranda
6522,Miguel Bosé,6522,False,Miguel Bosé
6523,Angelfish,6523,False,Angelfish
6524,Mirror,6524,False,Mirror
6525,Ensemble Orchestral Synaxis,6525,False,Ensemble Orchestral Synaxis
6526,Los Prisioneros,6526,False,Los Prisioneros
6527,Miranda!,6527,False,Miranda!
6528,The Wanted,6528,False,The Wanted
6529,Natalia Lafourcade,6529,False,Natalia Lafourcade
6530,Dirt Nasty,6530,False,Dirt Nasty
6531,Bratmobile,6531,False,Bratmobile
6532,7 Year Bitch,6532,False,7 Year Bitch
6533,Beauti,6533,False,Beauti
6534,2ois,6534,False,2ois
6535,Dominatrix,6535,False,Dominatrix
6536,Granada,6536,False,Granada
6537,Runaways,6537,False,Runaways
6538,O Surto,6538,False,O Surto
6539,Juliette and The Licks,6539,False,Juliette and The Licks
6540,Hans Zimmer & James Newton Howard,6540,False,Hans Zimmer & James Newton Howard
6541,Jeff Beck,6541,False,Jeff Beck
6542,Angelspit,6542,False,Angelspit
6543,Millionaires,6543,False,Millionaires
6544,Freezepop,6544,False,Freezepop
6545,Zee Avi,6545,False,Zee Avi
6546,Die So Fluid,6546,False,Die So Fluid
6547,Blaqk Audio,6547,False,Blaqk Audio
6548,I:Scintilla,6548,False,I:Scintilla
6549,Crispin Hellion Glover,6549,False,Crispin Hellion Glover
6550,Bitch Brigade,6550,False,Bitch Brigade
6551,Jakalope,6551,False,Jakalope
6552,Cady Groves,6552,False,Cady Groves
6553,Darkbuster,6553,False,Darkbuster
6554,Allister,6554,False,Allister
6555,"Fertig, Los!",6555,False,"Fertig, Los!"
6556,The Lemonheads,6556,False,The Lemonheads
6557,Üebermutter,6557,False,Üebermutter
6558,American Hi-Fi,6558,False,American Hi-Fi
6559,Abrasive Wheels,6559,False,Abrasive Wheels
6560,Good Riddance,6560,False,Good Riddance
6561,Jimmy And The Punks,6561,False,Jimmy And The Punks
6562,Electrik Red,6562,False,Electrik Red
6563,Светлана Лобода,6563,False,Светлана Лобода
6564,En Vogue,6564,False,En Vogue
6565,Club RАЙ,6565,False,Club RАЙ
6566,Brooke Valentine,6566,False,Brooke Valentine
6567,Diddy,6567,False,Diddy
6568,Khia,6568,False,Khia
6569,3,6569,False,3
6570,Oceansize,6570,False,Oceansize
6571,Adrian Belew,6571,False,Adrian Belew
6572,Gavin Harrison & 05Ric,6572,False,Gavin Harrison & 05Ric
6573,"Giles, Giles & Fripp",6573,False,"Giles, Giles & Fripp"
6574,Demians,6574,False,Demians
6575,Fredrik Thordendal's Special Defects,6575,False,Fredrik Thordendal's Special Defects
6576,Enslaved,6576,False,Enslaved
6577,Astra,6577,False,Astra
6578,blld,6578,False,blld
6579,Beardfish,6579,False,Beardfish
6580,Tracey Thorn,6580,False,Tracey Thorn
6581,RJD2,6581,False,RJD2
6582,Ulrich Schnauss,6582,False,Ulrich Schnauss
6583,Cut Chemist,6583,False,Cut Chemist
6584,Palos De Fuego,6584,False,Palos De Fuego
6585,Gus Gus,6585,False,Gus Gus
6586,Giorgio Moroder,6586,False,Giorgio Moroder
6587,Screaming Females,6587,False,Screaming Females
6588,Dorothy Ashby,6588,False,Dorothy Ashby
6589,Jonathan Goldman,6589,False,Jonathan Goldman
6590,CJ Holland,6590,False,CJ Holland
6591,Lina Morgana,6591,False,Lina Morgana
6592,Lelia Broussard,6592,False,Lelia Broussard
6593,Port Blue,6593,False,Port Blue
6594,The Secret Handshake,6594,False,The Secret Handshake
6595,The Downtown Fiction,6595,False,The Downtown Fiction
6596,Kill Paradise,6596,False,Kill Paradise
6597,Rediscover,6597,False,Rediscover
6598,Breathe Electric,6598,False,Breathe Electric
6599,Show Me The Skyline,6599,False,Show Me The Skyline
6600,The Rocket Summer,6600,False,The Rocket Summer
6601,Artist Vs. Poet,6601,False,Artist Vs. Poet
6602,Mae,6602,False,Mae
6603,The Bigger Lights,6603,False,The Bigger Lights
6604,Swimming With Dolphins,6604,False,Swimming With Dolphins
6605,Call the Cops,6605,False,Call the Cops
6606,Boys Will Be Boys,6606,False,Boys Will Be Boys
6607,HeyHiHello!,6607,False,HeyHiHello!
6608,My Favorite Highway,6608,False,My Favorite Highway
6609,The Title,6609,False,The Title
6610,Goodnight Sunrise,6610,False,Goodnight Sunrise
6611,Let's Get It,6611,False,Let's Get It
6612,Chase Coy,6612,False,Chase Coy
6613,Holiday Parade,6613,False,Holiday Parade
6614,There For Tomorrow,6614,False,There For Tomorrow
6615,PlayRadioPlay!,6615,False,PlayRadioPlay!
6616,Red Car Wire,6616,False,Red Car Wire
6617,Sparks The Rescue,6617,False,Sparks The Rescue
6618,D12,6618,False,D12
6619,Obie Trice,6619,False,Obie Trice
6620,Young Buck,6620,False,Young Buck
6621,Xzibit,6621,False,Xzibit
6622,Tony Yayo,6622,False,Tony Yayo
6623,Cashis,6623,False,Cashis
6624,"Eminem & Royce Da 5'9""",6624,False,"Eminem & Royce Da 5'9"""
6625,DJ Whoo Kid & Tony Yayo,6625,False,DJ Whoo Kid & Tony Yayo
6626,DMX,6626,False,DMX
6627,Stat Quo,6627,False,Stat Quo
6628,"50 Cent, Eminem, Ca$his & Lloyd Banks",6628,False,"50 Cent, Eminem, Ca$his & Lloyd Banks"
6629,Method Man & Redman,6629,False,Method Man & Redman
6630,Westside Connection,6630,False,Westside Connection
6631,Fabolous,6631,False,Fabolous
6632,Proof,6632,False,Proof
6633,Three 6 Mafia,6633,False,Three 6 Mafia
6634,Benzino,6634,False,Benzino
6635,Trick Trick,6635,False,Trick Trick
6636,Lil' Scrappy,6636,False,Lil' Scrappy
6637,Afroman,6637,False,Afroman
6638,Noel Rosa,6638,False,Noel Rosa
6639,Os Seminovos,6639,False,Os Seminovos
6640,Carmen Miranda,6640,False,Carmen Miranda
6641,Luigi Tenco,6641,False,Luigi Tenco
6642,Dorival Caymmi,6642,False,Dorival Caymmi
6643,Samba Maria,6643,False,Samba Maria
6644,Garfunkel and Oates,6644,False,Garfunkel and Oates
6645,Meiko Kaji,6645,False,Meiko Kaji
6646,Xuxa Verde,6646,False,Xuxa Verde
6647,Luxúria,6647,False,Luxúria
6648,Ordo Rosarius Equilibrio,6648,False,Ordo Rosarius Equilibrio
6649,Karjalan Sissit,6649,False,Karjalan Sissit
6650,Dernière Volonté,6650,False,Dernière Volonté
6651,Blood Axis,6651,False,Blood Axis
6652,Der Blutharsch,6652,False,Der Blutharsch
6653,A Challenge of Honour,6653,False,A Challenge of Honour
6654,Allerseelen,6654,False,Allerseelen
6655,Desiderii Marginis,6655,False,Desiderii Marginis
6656,In Slaughter Natives,6656,False,In Slaughter Natives
6657,Of the Wand and the Moon,6657,False,Of the Wand and the Moon
6658,Lifelover,6658,False,Lifelover
6659,Atrium Carceri,6659,False,Atrium Carceri
6660,Von Thronstahl,6660,False,Von Thronstahl
6661,Velvet Cacoon,6661,False,Velvet Cacoon
6662,Sieben,6662,False,Sieben
6663,Naevus,6663,False,Naevus
6664,Sonne Hagal,6664,False,Sonne Hagal
6665,Der Blaue Reiter,6665,False,Der Blaue Reiter
6666,Deutsch Nepal,6666,False,Deutsch Nepal
6667,Spiritual Front,6667,False,Spiritual Front
6668,Leger des Heils,6668,False,Leger des Heils
6669,Front Sonore,6669,False,Front Sonore
6670,Ghosts of Breslau,6670,False,Ghosts of Breslau
6671,Sol Invictus,6671,False,Sol Invictus
6672,Darkwood,6672,False,Darkwood
6673,Boyd Rice and Friends,6673,False,Boyd Rice and Friends
6674,Ordo Rosarius Equilibrio & Spiritual Front,6674,False,Ordo Rosarius Equilibrio & Spiritual Front
6675,Kammarheit,6675,False,Kammarheit
6676,raison d'être,6676,False,raison d'être
6677,Bif Naked,6677,False,Bif Naked
6678,The John Butler Trio,6678,False,The John Butler Trio
6679,Claude-Michel Schönberg,6679,False,Claude-Michel Schönberg
6680,Harry and the Potters,6680,False,Harry and the Potters
6681,The Cloud Room,6681,False,The Cloud Room
6682,Albert Alexander,6682,False,Albert Alexander
6683,Talkdemonic,6683,False,Talkdemonic
6684,Showtime Cast,6684,False,Showtime Cast
6685,The Ditty Bops,6685,False,The Ditty Bops
6686,Intermediate Japanese,6686,False,Intermediate Japanese
6687,The Unicorns,6687,False,The Unicorns
6688,Matt Caplan,6688,False,Matt Caplan
6689,KABRIANA,6689,False,KABRIANA
6690,Livvi Franc,6690,False,Livvi Franc
6691,Edward Maya & Mia Martina,6691,False,Edward Maya & Mia Martina
6692,Blackfrost of WHP,6692,False,Blackfrost of WHP
6693,Kevin Rudolf,6693,False,Kevin Rudolf
6694,Maino,6694,False,Maino
6695,Super8 & Tab,6695,False,Super8 & Tab
6696,Mara Maravilha,6696,False,Mara Maravilha
6697,Dana International,6697,False,Dana International
6698,Laura Branigan,6698,False,Laura Branigan
6699,Deniece Williams,6699,False,Deniece Williams
6700,Blue Angel,6700,False,Blue Angel
6701,Cristina Mel,6701,False,Cristina Mel
6702,Anna Nicole Smith,6702,False,Anna Nicole Smith
6703,Frida,6703,False,Frida
6704,Victoria Silvstedt,6704,False,Victoria Silvstedt
6705,Arabesque,6705,False,Arabesque
6706,Cassiane,6706,False,Cassiane
6707,Angel X,6707,False,Angel X
6708,Boney M.,6708,False,Boney M.
6709,Per Gessle,6709,False,Per Gessle
6710,Carly Simon,6710,False,Carly Simon
6711,Espen Lind,6711,False,Espen Lind
6712,Célia Sakamoto,6712,False,Célia Sakamoto
6713,Aline Barros,6713,False,Aline Barros
6714,Belinda Carlisle,6714,False,Belinda Carlisle
6715,Elaine De Jesus,6715,False,Elaine De Jesus
6716,Eduardo Verastegui,6716,False,Eduardo Verastegui
6717,Benny Ibarra,6717,False,Benny Ibarra
6718,Eyshila,6718,False,Eyshila
6719,Tagträumer,6719,False,Tagträumer
6720,As Marcianas,6720,False,As Marcianas
6721,Daniela Mercury,6721,False,Daniela Mercury
6722,Air Supply,6722,False,Air Supply
6723,Cídia e Dan,6723,False,Cídia e Dan
6724,John Frusciante,6724,False,John Frusciante
6726,"Albert Hammond, Jr.",6726,False,"Albert Hammond, Jr."
6728,James,6728,False,James
6729,Voicst,6729,False,Voicst
6730,Mark Lanegan,6730,False,Mark Lanegan
6732,Big Country,6732,False,Big Country
6733,Savoy,6733,False,Savoy
6734,Then Jerico,6734,False,Then Jerico
6735,Brother Beyond,6735,False,Brother Beyond
6736,T'Pau,6736,False,T'Pau
6737,Wet Wet Wet,6737,False,Wet Wet Wet
6738,Josh Logan,6738,False,Josh Logan
6739,Magne F,6739,False,Magne F
6740,Haircut 100,6740,False,Haircut 100
6741,Bridges,6741,False,Bridges
6742,Propaganda,6742,False,Propaganda
6743,Aztec Camera,6743,False,Aztec Camera
6744,Timbersound,6744,False,Timbersound
6745,Drum Theatre,6745,False,Drum Theatre
6746,Dogs Die in Hot Cars,6746,False,Dogs Die in Hot Cars
6747,FSB,6747,False,FSB
6748,Axel Rudi Pell,6748,False,Axel Rudi Pell
6749,Isihia,6749,False,Isihia
6750,Gravity Co.,6750,False,Gravity Co.
6751,Epizod,6751,False,Epizod
6752,Biomechanical,6752,False,Biomechanical
6753,Animassacre,6753,False,Animassacre
6754,Level 70 Elite Tauren Chieftain,6754,False,Level 70 Elite Tauren Chieftain
6755,Kellplanet,6755,False,Kellplanet
6756,Amiina,6756,False,Amiina
6757,port-royal,6757,False,port-royal
6758,Stafrænn Hákon,6758,False,Stafrænn Hákon
6759,This Will Destroy You,6759,False,This Will Destroy You
6760,Conjure One,6760,False,Conjure One
6761,Gregor Samsa,6761,False,Gregor Samsa
6762,Helios,6762,False,Helios
6763,Susumu Yokota,6763,False,Susumu Yokota
6764,Harold Budd,6764,False,Harold Budd
6765,The Dear Hunter,6765,False,The Dear Hunter
6766,Envy on the Coast,6766,False,Envy on the Coast
6767,UnderØath,6767,False,UnderØath
6768,The Sleeping,6768,False,The Sleeping
6769,Cartel,6769,False,Cartel
6770,The Audition,6770,False,The Audition
6771,Gatsby's American Dream,6771,False,Gatsby's American Dream
6772,Emery,6772,False,Emery
6773,Say Anything,6773,False,Say Anything
6774,Edison Glass,6774,False,Edison Glass
6775,Harry Potter audio books,6775,False,Harry Potter audio books
6776,Book of Love,6776,False,Book of Love
6777,Olivia Newton-John,6777,False,Olivia Newton-John
6778,Boy George,6778,False,Boy George
6779,Josie Cotton,6779,False,Josie Cotton
6780,Altered Images,6780,False,Altered Images
6781,Jane Wiedlin,6781,False,Jane Wiedlin
6782,Tim Finn,6782,False,Tim Finn
6783,Stimulator,6783,False,Stimulator
6784,Squeeze,6784,False,Squeeze
6785,VHS or Beta,6785,False,VHS or Beta
6786,Liam Finn,6786,False,Liam Finn
6787,The Swingers,6787,False,The Swingers
6788,Schnell Fenster,6788,False,Schnell Fenster
6789,Passengers,6789,False,Passengers
6790,John Taylor,6790,False,John Taylor
6791,Phil Judd,6791,False,Phil Judd
6792,Hateen,6792,False,Hateen
6793,Under Line,6793,False,Under Line
6794,Drive,6794,False,Drive
6795,Leela,6795,False,Leela
6796,Fatale,6796,False,Fatale
6797,Torture Killer,6797,False,Torture Killer
6798,Shade Empire,6798,False,Shade Empire
6799,Fractal Gates,6799,False,Fractal Gates
6800,Scorngrain,6800,False,Scorngrain
6801,Kill the Romance,6801,False,Kill the Romance
6802,Breach The Void,6802,False,Breach The Void
6803,Pulse Ultra,6803,False,Pulse Ultra
6804,Herrschaft,6804,False,Herrschaft
6805,Rotten Sound,6805,False,Rotten Sound
6806,Fear Of Domination,6806,False,Fear Of Domination
6807,Goresoerd,6807,False,Goresoerd
6808,Grave,6808,False,Grave
6809,Asphyx,6809,False,Asphyx
6810,The Sin:Decay,6810,False,The Sin:Decay
6811,Zonaria,6811,False,Zonaria
6812,UnSun,6812,False,UnSun
6813,Illdisposed,6813,False,Illdisposed
6814,The Zombi,6814,False,The Zombi
6815,Deathchain,6815,False,Deathchain
6816,Dying Fetus,6816,False,Dying Fetus
6817,Vomitory,6817,False,Vomitory
6818,Belphegor,6818,False,Belphegor
6819,Clawfinger,6819,False,Clawfinger
6820,Universum,6820,False,Universum
6821,Satariel,6821,False,Satariel
6822,Hateform,6822,False,Hateform
6823,Clinic,6823,False,Clinic
6824,Guided by Voices,6824,False,Guided by Voices
6825,"Arj Barker, Doug Benson & Tony Camin",6825,False,"Arj Barker, Doug Benson & Tony Camin"
6826,Todd Glass,6826,False,Todd Glass
6827,The Nation of Ulysses,6827,False,The Nation of Ulysses
6828,The Fucking Champs,6828,False,The Fucking Champs
6829,Scharpling & Wurster,6829,False,Scharpling & Wurster
6830,Pelican,6830,False,Pelican
6831,Esquivel,6831,False,Esquivel
6832,Chisel,6832,False,Chisel
6833,The Wedding Present,6833,False,The Wedding Present
6834,Patton Oswalt,6834,False,Patton Oswalt
6835,mclusky,6835,False,mclusky
6836,Ted Leo and The Pharmacists,6836,False,Ted Leo and The Pharmacists
6837,"Oh, Sleeper",6837,False,"Oh, Sleeper"
6838,Amanda Woodward,6838,False,Amanda Woodward
6839,Children of Fall,6839,False,Children of Fall
6840,Dylan & Robyn Chaos,6840,False,Dylan & Robyn Chaos
6841,Soularis,6841,False,Soularis
6842,The Four. Slam!,6842,False,The Four. Slam!
6843,Rashamba,6843,False,Rashamba
6844,Chaos of the heart,6844,False,Chaos of the heart
6845,.crrust,6845,False,.crrust
6846,Rosaline,6846,False,Rosaline
6847,White Rose Movement,6847,False,White Rose Movement
6848,Беременный Трамвайчик,6848,False,Беременный Трамвайчик
6849,Stretch Arm Strong,6849,False,Stretch Arm Strong
6850,Such a Beautiful Day,6850,False,Such a Beautiful Day
6851,Antonio Birabent,6851,False,Antonio Birabent
6852,The Charlatans,6852,False,The Charlatans
6853,Alexi Murdoch,6853,False,Alexi Murdoch
6854,Robert Gordon,6854,False,Robert Gordon
6855,Patricio Rey y sus Redonditos de Ricota,6855,False,Patricio Rey y sus Redonditos de Ricota
6856,Jeanette,6856,False,Jeanette
6857,Grégory Lemarchal,6857,False,Grégory Lemarchal
6858,Andrew Lawson,6858,False,Andrew Lawson
6859,Antti Tuisku,6859,False,Antti Tuisku
6860,Declan Galbraith,6860,False,Declan Galbraith
6861,Jessica Mauboy,6861,False,Jessica Mauboy
6862,Hanna Pakarinen,6862,False,Hanna Pakarinen
6863,Sibel,6863,False,Sibel
6864,Дмитрий Колдун,6864,False,Дмитрий Колдун
6865,Dean Geyer,6865,False,Dean Geyer
6866,Jedward,6866,False,Jedward
6867,Linda Teodosiu,6867,False,Linda Teodosiu
6868,Gjoko Taneski,6868,False,Gjoko Taneski
6869,Jason Castro,6869,False,Jason Castro
6870,Dioxyde,6870,False,Dioxyde
6871,Aslan Faction,6871,False,Aslan Faction
6872,Die Sektor,6872,False,Die Sektor
6873,Alien Vampires,6873,False,Alien Vampires
6874,FGFC820,6874,False,FGFC820
6875,Nachtmahr,6875,False,Nachtmahr
6876,Heimataerde,6876,False,Heimataerde
6877,Life Cried,6877,False,Life Cried
6878,Soman,6878,False,Soman
6879,Uberbyte,6879,False,Uberbyte
6880,Wax,6880,False,Wax
6881,Modulate,6881,False,Modulate
6882,Distorted Memory,6882,False,Distorted Memory
6883,Modern English,6883,False,Modern English
6884,Go West,6884,False,Go West
6885,Papoose,6885,False,Papoose
6886,Styles P,6886,False,Styles P
6887,AZ,6887,False,AZ
6888,M.O.P.,6888,False,M.O.P.
6889,Cassidy,6889,False,Cassidy
6890,A-Team,6890,False,A-Team
6891,Re-Up Gang,6891,False,Re-Up Gang
6892,The LOX,6892,False,The LOX
6893,Memphis Bleek,6893,False,Memphis Bleek
6894,Cuban Link,6894,False,Cuban Link
6895,Beanie Sigel,6895,False,Beanie Sigel
6896,Saigon,6896,False,Saigon
6897,Cormega,6897,False,Cormega
6898,Ali Vegas,6898,False,Ali Vegas
6899,J.R. Writer,6899,False,J.R. Writer
6900,The Alchemist,6900,False,The Alchemist
6901,Big L,6901,False,Big L
6902,Clipse,6902,False,Clipse
6903,Twista,6903,False,Twista
6904,Children of the Corn,6904,False,Children of the Corn
6905,Freeway,6905,False,Freeway
6906,Owen,6906,False,Owen
6907,Keaver & Brause,6907,False,Keaver & Brause
6908,Dining With The Bolsheviks,6908,False,Dining With The Bolsheviks
6909,Kona Triangle,6909,False,Kona Triangle
6910,The Books,6910,False,The Books
6911,Joan of Arc,6911,False,Joan of Arc
6912,Malk De Koijn,6912,False,Malk De Koijn
6913,Spleen United,6913,False,Spleen United
6914,Sharon Jones and the Dap-Kings,6914,False,Sharon Jones and the Dap-Kings
6915,Hercules and Love Affair,6915,False,Hercules and Love Affair
6916,Pryda,6916,False,Pryda
6917,L.O.C.,6917,False,L.O.C.
6918,The Wong Boys,6918,False,The Wong Boys
6919,Tommy Sparks,6919,False,Tommy Sparks
6920,Glasvegas,6920,False,Glasvegas
6921,The Blue Van,6921,False,The Blue Van
6922,The Broken Beats,6922,False,The Broken Beats
6923,A,6923,False,A
6924,Ten Sharp,6924,False,Ten Sharp
6925,Andru Donalds,6925,False,Andru Donalds
6926,Color Theory,6926,False,Color Theory
6927,Jonteknik featuring Martyn Bailey,6927,False,Jonteknik featuring Martyn Bailey
6928,Kristian Valen,6928,False,Kristian Valen
6929,LOVE IS REASON,6929,False,LOVE IS REASON
6930,Jay-Jay Johanson,6930,False,Jay-Jay Johanson
6931,Kurt Nilsen,6931,False,Kurt Nilsen
6932,A-Ha - www.power-portal.to,6932,False,A-Ha - www.power-portal.to
6933,Bloom 06,6933,False,Bloom 06
6934,Morten Harket/Earth Affair,6934,False,Morten Harket/Earth Affair
6935,YeDish,6935,False,YeDish
6936,Eirik Hansen og Ove Randow,6936,False,Eirik Hansen og Ove Randow
6937,Beat Factory,6937,False,Beat Factory
6938,Atlantic Popes,6938,False,Atlantic Popes
6939,Marian Gold,6939,False,Marian Gold
6940,The Twins,6940,False,The Twins
6941,earth affair feat. morten harket,6941,False,earth affair feat. morten harket
6942,Film Symphomy Orchestra Praha,6942,False,Film Symphomy Orchestra Praha
6943,Janusz Radek,6943,False,Janusz Radek
6944,Gabry Ponte,6944,False,Gabry Ponte
6945,Kara Güneş,6945,False,Kara Güneş
6946,Kesmeşeker,6946,False,Kesmeşeker
6947,Kazım Koyuncu,6947,False,Kazım Koyuncu
6948,Norrda,6948,False,Norrda
6949,Yonderboi,6949,False,Yonderboi
6950,Jim Morrison,6950,False,Jim Morrison
6951,Gevende,6951,False,Gevende
6952,Siya Siyabend,6952,False,Siya Siyabend
6953,Anima,6953,False,Anima
6954,Koptu Kervan,6954,False,Koptu Kervan
6955,Karapaks,6955,False,Karapaks
6956,Nekropsi,6956,False,Nekropsi
6957,Steve Vai,6957,False,Steve Vai
6958,Robert Cray,6958,False,Robert Cray
6959,Gary Moore,6959,False,Gary Moore
6960,Tony Gatlif,6960,False,Tony Gatlif
6961,Grup Yorum,6961,False,Grup Yorum
6962,Troum,6962,False,Troum
6963,Halo Manash,6963,False,Halo Manash
6964,Aeoga,6964,False,Aeoga
6965,Exit in Grey,6965,False,Exit in Grey
6966,Yen Pox,6966,False,Yen Pox
6967,Maeror Tri,6967,False,Maeror Tri
6968,MIGUEL A. RUIZ,6968,False,MIGUEL A. RUIZ
6969,Archon Satani,6969,False,Archon Satani
6970,Blood Box,6970,False,Blood Box
6971,Pneumatic Detach,6971,False,Pneumatic Detach
6972,Rukkanor,6972,False,Rukkanor
6973,MZ.412,6973,False,MZ.412
6974,Brighter Death Now,6974,False,Brighter Death Now
6975,Haus Arafna,6975,False,Haus Arafna
6976,kirov orchestra,6976,False,kirov orchestra
6977,Morgenstern,6977,False,Morgenstern
6978,Raison d'ętre,6978,False,Raison d'ętre
6979,Arditi,6979,False,Arditi
6980,Between Interval,6980,False,Between Interval
6981,Thomas Köner,6981,False,Thomas Köner
6982,Staruha Mha,6982,False,Staruha Mha
6983,Cock and Ball Torture,6983,False,Cock and Ball Torture
6984,Hideg Roncs,6984,False,Hideg Roncs
6985,Asmorod,6985,False,Asmorod
6986,_Algol_,6986,False,_Algol_
6987,Contagious Orgasm,6987,False,Contagious Orgasm
6988,Flint Glass,6988,False,Flint Glass
6989,Endura,6989,False,Endura
6990,Robert Rich,6990,False,Robert Rich
6991,Psychic Ills,6991,False,Psychic Ills
6992,Carburator vs. Dark Clitoris Philosofum,6992,False,Carburator vs. Dark Clitoris Philosofum
6993,Letum,6993,False,Letum
6994,Nega,6994,False,Nega
6995,DELUHI,6995,False,DELUHI
6996,lynch.,6996,False,lynch.
6997,The Casualties,6997,False,The Casualties
7002,愛狂います。,7002,False,愛狂います。
7003,Infernal War,7003,False,Infernal War
7007,De-Phazz,7007,False,De-Phazz
7008,Пилот,7008,False,Пилот
7009,Rachel Portman,7009,False,Rachel Portman
7010,Magnitarus,7010,False,Magnitarus
7011,Blind Divine,7011,False,Blind Divine
7012,Ab Ovo,7012,False,Ab Ovo
7013,Lusine ICL,7013,False,Lusine ICL
7014,Phaeleh,7014,False,Phaeleh
7015,All India Radio,7015,False,All India Radio
7016,Bad Sector,7016,False,Bad Sector
7017,H.U.V.A. Network,7017,False,H.U.V.A. Network
7018,Hol Baumann,7018,False,Hol Baumann
7019,Silencide,7019,False,Silencide
7020,ksandr and I.M.M.U.R.E.,7020,False,ksandr and I.M.M.U.R.E.
7021,Aes Dana,7021,False,Aes Dana
7022,Noto,7022,False,Noto
7023,Oval,7023,False,Oval
7024,Jagjit Singh,7024,False,Jagjit Singh
7025,Anúna,7025,False,Anúna
7026,Nino Katamadze,7026,False,Nino Katamadze
7027,Spiraal Aurel,7027,False,Spiraal Aurel
7028,R.D.Burman,7028,False,R.D.Burman
7029,Asura,7029,False,Asura
7030,Si,7030,False,Si
7031,ksandr,7031,False,ksandr
7032,Nina Karlsson,7032,False,Nina Karlsson
7033,EugeneKha,7033,False,EugeneKha
7034,Alva Noto + Ryuichi Sakamoto with Ensemble Modern,7034,False,Alva Noto + Ryuichi Sakamoto with Ensemble Modern
7035,Orsten,7035,False,Orsten
7036,Arbre Noir,7036,False,Arbre Noir
7037,Komet,7037,False,Komet
7038,Akurat,7038,False,Akurat
7039,Big Brother & The Holding Company,7039,False,Big Brother & The Holding Company
7040,Leniwiec,7040,False,Leniwiec
7041,USA for Africa,7041,False,USA for Africa
7042,Wilki,7042,False,Wilki
7043,Coven,7043,False,Coven
7044,Kotiteollisuus,7044,False,Kotiteollisuus
7045,Black Widow,7045,False,Black Widow
7046,Klamydia,7046,False,Klamydia
7047,Pentagram,7047,False,Pentagram
7048,Jimmy Page,7048,False,Jimmy Page
7049,Phideaux,7049,False,Phideaux
7050,Coverdale/Page,7050,False,Coverdale/Page
7051,OSI,7051,False,OSI
7052,King's X,7052,False,King's X
7053,Alamaailman Vasarat,7053,False,Alamaailman Vasarat
7054,The Alan Parsons Project,7054,False,The Alan Parsons Project
7055,Shining,7055,False,Shining
7056,B.B. King,7056,False,B.B. King
7057,Le Orme,7057,False,Le Orme
7058,Anja Garbarek,7058,False,Anja Garbarek
7059,Sylvan,7059,False,Sylvan
7060,Jaga Jazzist,7060,False,Jaga Jazzist
7061,Bonde da Stronda,7061,False,Bonde da Stronda
7062,Deja Vue,7062,False,Deja Vue
7063,Katherine's Favorites,7063,False,Katherine's Favorites
7064,The K,7064,False,The K
7065,"The ""K""",7065,False,"The ""K"""
7066,Crown Electric Company,7066,False,Crown Electric Company
7067,The K.O. Kid,7067,False,The K.O. Kid
7068,Alison Moyet,7068,False,Alison Moyet
7069,The Blow Monkeys,7069,False,The Blow Monkeys
7070,Imagination,7070,False,Imagination
7071,The Teenagers,7071,False,The Teenagers
7072,Pornomotora,7072,False,Pornomotora
7073,Kinky,7073,False,Kinky
7074,British Sea Power,7074,False,British Sea Power
7075,Mylo,7075,False,Mylo
7076,Gang of Four,7076,False,Gang of Four
7077,Babasónicos,7077,False,Babasónicos
7078,Zeromancer,7078,False,Zeromancer
7079,Moderat,7079,False,Moderat
7080,Snog,7080,False,Snog
7081,Tomahawk,7081,False,Tomahawk
7082,Meg Lee Chin,7082,False,Meg Lee Chin
7083,Rapazolla,7083,False,Rapazolla
7084,Hugo Pena & Gabriel,7084,False,Hugo Pena & Gabriel
7085,João Neto & Frederico,7085,False,João Neto & Frederico
7086,Hori,7086,False,Hori
7087,Maria Cecília e Rodolfo AO VIVO,7087,False,Maria Cecília e Rodolfo AO VIVO
7088,Gusttavo Lima,7088,False,Gusttavo Lima
7089,Cheiro de Amor . Acústico,7089,False,Cheiro de Amor . Acústico
7090,Estudio Base,7090,False,Estudio Base
7091,Michel Teló,7091,False,Michel Teló
7092,Jorge e Mateus (Ao Vivo 2009),7092,False,Jorge e Mateus (Ao Vivo 2009)
7093,Belo,7093,False,Belo
7094,Jammil e uma Noites,7094,False,Jammil e uma Noites
7095,Diwali & Bonde da Stronda,7095,False,Diwali & Bonde da Stronda
7096,Michael Nyman,7096,False,Michael Nyman
7097,Rata Blanca,7097,False,Rata Blanca
7098,WarCry,7098,False,WarCry
7099,Amberian Dawn,7099,False,Amberian Dawn
7100,Haggard,7100,False,Haggard
7101,Shaman,7101,False,Shaman
7102,Kathleen Battle,7102,False,Kathleen Battle
7103,Brother Firetribe,7103,False,Brother Firetribe
7104,Barilari,7104,False,Barilari
7105,Anneke van Gierbergen & Agua d,7105,False,Anneke van Gierbergen & Agua d
7106,Nightwish - Helsinki 2007,7106,False,Nightwish - Helsinki 2007
7107,Saratoga,7107,False,Saratoga
7108,Tierra Santa,7108,False,Tierra Santa
7109,Sumi Jo,7109,False,Sumi Jo
7110,Nuclear Blast Allstars,7110,False,Nuclear Blast Allstars
7111,Gabriel Fauré,7111,False,Gabriel Fauré
7112,Hardline,7112,False,Hardline
7113,Dark Age,7113,False,Dark Age
7114,Carach Angren,7114,False,Carach Angren
7115,Mors Principium Est,7115,False,Mors Principium Est
7116,Eternal Tears of Sorrow,7116,False,Eternal Tears of Sorrow
7117,Sebastian Bach,7117,False,Sebastian Bach
7118,Keep of Kalessin,7118,False,Keep of Kalessin
7119,Johannes Brahms,7119,False,Johannes Brahms
7120,Тараканы!,7120,False,Тараканы!
7121,Billy's Band,7121,False,Billy's Band
7122,天門,7122,False,天門
7123,Chet Baker,7123,False,Chet Baker
7124,川井憲次,7124,False,川井憲次
7125,Single Cell Orchestra,7125,False,Single Cell Orchestra
7126,The Seatbelts,7126,False,The Seatbelts
7127,Carlos Santana,7127,False,Carlos Santana
7128,David Holmes,7128,False,David Holmes
7129,Grand Avenue,7129,False,Grand Avenue
7130,Joe Dassin,7130,False,Joe Dassin
7131,Ann Lee,7131,False,Ann Lee
7132,"Anna Reynolds, Philip Langridge; Neville Marriner: Academy Of St. Martin In The Fields",7132,False,"Anna Reynolds, Philip Langridge; Neville Marriner: Academy Of St. Martin In The Fields"
7133,Afro Celts,7133,False,Afro Celts
7134,Roberto Paternostro: Berlin Radio Symphony Orchestra,7134,False,Roberto Paternostro: Berlin Radio Symphony Orchestra
7135,Strauss Family,7135,False,Strauss Family
7136,Anna Jantar,7136,False,Anna Jantar
7137,Yael Naim,7137,False,Yael Naim
7138,Band Aid,7138,False,Band Aid
7139,The Motherhood,7139,False,The Motherhood
7140,Eva Cassidy,7140,False,Eva Cassidy
7141,Hyper vs. the Crystal Method,7141,False,Hyper vs. the Crystal Method
7142,Afro Celt Sound System,7142,False,Afro Celt Sound System
7143,Gomez,7143,False,Gomez
7144,Camper Van Beethoven,7144,False,Camper Van Beethoven
7145,Robyn Hitchcock,7145,False,Robyn Hitchcock
7146,Cracker,7146,False,Cracker
7147,My Morning Jacket,7147,False,My Morning Jacket
7148,John Barry,7148,False,John Barry
7149,Spouse,7149,False,Spouse
7150,Mystics Anonymous,7150,False,Mystics Anonymous
7151,Sloan,7151,False,Sloan
7152,Thomas Newman,7152,False,Thomas Newman
7153,Cowboy Junkies,7153,False,Cowboy Junkies
7154,Robyn Hitchcock and The Egyptians,7154,False,Robyn Hitchcock and The Egyptians
7155,Luna,7155,False,Luna
7156,Jerry Goldsmith,7156,False,Jerry Goldsmith
7157,Loreena McKennitt,7157,False,Loreena McKennitt
7158,"Junya Nakano, Masashi Hamauzu & Nobuo Uematsu",7158,False,"Junya Nakano, Masashi Hamauzu & Nobuo Uematsu"
7159,崎元仁,7159,False,崎元仁
7160,下村陽子,7160,False,下村陽子
7161,Nature Sound Collection,7161,False,Nature Sound Collection
7162,Nature Ambience,7162,False,Nature Ambience
7163,Pupa,7163,False,Pupa
7164,Lee Holdridge,7164,False,Lee Holdridge
7165,湯川潮音,7165,False,湯川潮音
7166,AmIEvil,7166,False,AmIEvil
7167,Michael Stearns,7167,False,Michael Stearns
7168,Na Fili,7168,False,Na Fili
7169,Noel Quinlan,7169,False,Noel Quinlan
7170,浜渦正志,7170,False,浜渦正志
7171,Nature Sounds,7171,False,Nature Sounds
7172,Enam,7172,False,Enam
7173,Doug Carroll,7173,False,Doug Carroll
7174,Loveholic,7174,False,Loveholic
7175,志方あきこ,7175,False,志方あきこ
7176,Chuck Jonkey,7176,False,Chuck Jonkey
7177,Cage the Elephant,7177,False,Cage the Elephant
7178,Nine Black Alps,7178,False,Nine Black Alps
7179,Eight Legs,7179,False,Eight Legs
7180,The Rifles,7180,False,The Rifles
7181,Harlem,7181,False,Harlem
7182,The Fashion,7182,False,The Fashion
7183,Carolina Liar,7183,False,Carolina Liar
7184,Goldheart Assembly,7184,False,Goldheart Assembly
7185,The Morning Benders,7185,False,The Morning Benders
7186,Reverend and The Makers,7186,False,Reverend and The Makers
7187,Hard-Fi,7187,False,Hard-Fi
7188,The Airborne Toxic Event,7188,False,The Airborne Toxic Event
7189,The Broken West,7189,False,The Broken West
7190,The View,7190,False,The View
7191,Nemesea,7191,False,Nemesea
7192,Umbanda,7192,False,Umbanda
7193,Sonique,7193,False,Sonique
7194,Aqualung,7194,False,Aqualung
7195,Rita Ribeiro,7195,False,Rita Ribeiro
7196,La Rue Kétanou,7196,False,La Rue Kétanou
7197,Renaud,7197,False,Renaud
7198,Ridan,7198,False,Ridan
7199,Déportivo,7199,False,Déportivo
7200,La Tordue,7200,False,La Tordue
7201,Lo'Jo,7201,False,Lo'Jo
7202,Gérard Blanchard,7202,False,Gérard Blanchard
7203,Tryo,7203,False,Tryo
7204,Mes Souliers Sont Rouges,7204,False,Mes Souliers Sont Rouges
7205,Jacques Higelin,7205,False,Jacques Higelin
7206,Georges Brassens,7206,False,Georges Brassens
7207,Les Wriggles,7207,False,Les Wriggles
7208,Boris Vian,7208,False,Boris Vian
7209,Les Blérots de R.A.V.E.L,7209,False,Les Blérots de R.A.V.E.L
7210,Batlik,7210,False,Batlik
7211,Olivia Ruiz,7211,False,Olivia Ruiz
7212,Hubert-Félix Thiéfaine,7212,False,Hubert-Félix Thiéfaine
7213,Java,7213,False,Java
7214,Téléphone,7214,False,Téléphone
7215,Jean-Louis Aubert,7215,False,Jean-Louis Aubert
7216,Alexis HK,7216,False,Alexis HK
7217,Matmatah,7217,False,Matmatah
7218,Teri Moïse,7218,False,Teri Moïse
7219,Louise Attaque,7219,False,Louise Attaque
7220,Les VRP,7220,False,Les VRP
7221,Léo Ferré,7221,False,Léo Ferré
7222,The Krewmen,7222,False,The Krewmen
7223,Didier Super,7223,False,Didier Super
7224,The Brian Setzer Orchestra,7224,False,The Brian Setzer Orchestra
7225,Tom Poisson,7225,False,Tom Poisson
7226,Chamboultou,7226,False,Chamboultou
7227,Alain Bashung,7227,False,Alain Bashung
7228,Boby Lapointe,7228,False,Boby Lapointe
7229,Tété,7229,False,Tété
7230,Allain Leprest,7230,False,Allain Leprest
7231,Laurent Voulzy,7231,False,Laurent Voulzy
7232,Jean-Jacques Goldman,7232,False,Jean-Jacques Goldman
7233,Alain Souchon,7233,False,Alain Souchon
7234,Les Garçons Bouchers,7234,False,Les Garçons Bouchers
7235,Brian Setzer,7235,False,Brian Setzer
7236,Soldat Louis,7236,False,Soldat Louis
7237,Luke,7237,False,Luke
7238,Cali,7238,False,Cali
7239,Stray Cats,7239,False,Stray Cats
7240,Marcel et son Orchestre,7240,False,Marcel et son Orchestre
7241,Marc Lavoine,7241,False,Marc Lavoine
7242,Stephan Eicher,7242,False,Stephan Eicher
7243,Emmy Rossum,7243,False,Emmy Rossum
7244,English Chamber Orchestra/Jean-Yves Thibaudet,7244,False,English Chamber Orchestra/Jean-Yves Thibaudet
7245,Sam Phillips,7245,False,Sam Phillips
7246,Emmy Rossum & Gerard Buttler,7246,False,Emmy Rossum & Gerard Buttler
7247,Minnie Driver,7247,False,Minnie Driver
7248,Joe Cocker,7248,False,Joe Cocker
7249,Paulo César Baruk,7249,False,Paulo César Baruk
7250,Jack Black,7250,False,Jack Black
7251,Komeda,7251,False,Komeda
7252,Fernanda Brum,7252,False,Fernanda Brum
7253,Wax Poetic,7253,False,Wax Poetic
7254,Harry Potter Movie Theme,7254,False,Harry Potter Movie Theme
7255,Michael Dulin,7255,False,Michael Dulin
7256,Adiemus,7256,False,Adiemus
7257,Tuck Everlasting Soundtrack,7257,False,Tuck Everlasting Soundtrack
7258,Ayakashi Japanese Classic Horror,7258,False,Ayakashi Japanese Classic Horror
7259,Gil Scott-Heron,7259,False,Gil Scott-Heron
7260,Flogging Molly,7260,False,Flogging Molly
7261,Vega,7261,False,Vega
7262,Duman,7262,False,Duman
7263,Cruachan,7263,False,Cruachan
7264,Daniel Johnston,7264,False,Daniel Johnston
7265,Bill Hicks,7265,False,Bill Hicks
7266,Pete Townshend,7266,False,Pete Townshend
7267,"Junichi Masuda, Go Inchinose",7267,False,"Junichi Masuda, Go Inchinose"
7268,Alex Gaudino,7268,False,Alex Gaudino
7269,Black Cards,7269,False,Black Cards
7270,Dj Rafael Lelis,7270,False,Dj Rafael Lelis
7271,Annie Stela,7271,False,Annie Stela
7272,Jenny Owen Youngs,7272,False,Jenny Owen Youngs
7273,Damhnait Doyle,7273,False,Damhnait Doyle
7274,Ben Lee,7274,False,Ben Lee
7275,Carly Rae Jepsen,7275,False,Carly Rae Jepsen
7276,Anya Marina,7276,False,Anya Marina
7277,Cory Lee,7277,False,Cory Lee
7278,Lex Land,7278,False,Lex Land
7279,Terra Naomi,7279,False,Terra Naomi
7280,Toby Lightman,7280,False,Toby Lightman
7281,Erin McKeown,7281,False,Erin McKeown
7282,Katie Costello,7282,False,Katie Costello
7283,Krezip,7283,False,Krezip
7284,Kendall Payne,7284,False,Kendall Payne
7285,Rosey,7285,False,Rosey
7286,Chantal Kreviazuk,7286,False,Chantal Kreviazuk
7287,Charlotte Martin,7287,False,Charlotte Martin
7288,Erin McCarley,7288,False,Erin McCarley
7289,Bree Sharp,7289,False,Bree Sharp
7290,Lucie Silvas,7290,False,Lucie Silvas
7291,Elise Estrada,7291,False,Elise Estrada
7292,Lene,7292,False,Lene
7293,David Vendetta,7293,False,David Vendetta
7294,Buy Now,7294,False,Buy Now
7295,Atrocite feat. Mque,7295,False,Atrocite feat. Mque
7296,Erick E,7296,False,Erick E
7297,Chris Lake,7297,False,Chris Lake
7298,Axwell,7298,False,Axwell
7299,S and H Project,7299,False,S and H Project
7300,Axwell & Dirty South feat. Rudy,7300,False,Axwell & Dirty South feat. Rudy
7301,Ian Carey,7301,False,Ian Carey
7302,Gaelle,7302,False,Gaelle
7303,Punch Exciters,7303,False,Punch Exciters
7304,Steve Angello & Laidback Luke,7304,False,Steve Angello & Laidback Luke
7305,Chris Lake & Micky Slim,7305,False,Chris Lake & Micky Slim
7306,Jack White & Alicia Keys,7306,False,Jack White & Alicia Keys
7307,Wideboys feat. Shaznay Lewis,7307,False,Wideboys feat. Shaznay Lewis
7308,Steve Angello & Sebastian Ingrosso,7308,False,Steve Angello & Sebastian Ingrosso
7309,Robin S vs Steve Angello & Laidback Luke,7309,False,Robin S vs Steve Angello & Laidback Luke
7310,David Vendetta vs. Keith Thompson,7310,False,David Vendetta vs. Keith Thompson
7311,129- FLY PROJECT & TOM BOXER & ANCA PARGHEL,7311,False,129- FLY PROJECT & TOM BOXER & ANCA PARGHEL
7312,Âme,7312,False,Âme
7313,Selda,7313,False,Selda
7314,Didier Sinclair feat. Lidy V,7314,False,Didier Sinclair feat. Lidy V
7315,Yves Larock,7315,False,Yves Larock
7316,Rank 1,7316,False,Rank 1
7317,Who's Who,7317,False,Who's Who
7318,Matt Nathanson,7318,False,Matt Nathanson
7319,Frank Turner,7319,False,Frank Turner
7320,The Holloways,7320,False,The Holloways
7321,Howie Day,7321,False,Howie Day
7322,Cidadão Quem,7322,False,Cidadão Quem
7323,Get Cape. Wear Cape. Fly,7323,False,Get Cape. Wear Cape. Fly
7324,Empire of the Sun,7324,False,Empire of the Sun
7325,Elastica,7325,False,Elastica
7326,Plan B,7326,False,Plan B
7327,The Black Ghosts,7327,False,The Black Ghosts
7328,Sugar Kane,7328,False,Sugar Kane
7329,Goldfinger,7329,False,Goldfinger
7330,Pelebrói Não Sei?,7330,False,Pelebrói Não Sei?
7331,Suicidal Tendencies,7331,False,Suicidal Tendencies
7332,The Dirty Heads,7332,False,The Dirty Heads
7333,Transplants,7333,False,Transplants
7334,Relespública,7334,False,Relespública
7335,OSKÃO,7335,False,OSKÃO
7336,Ballyhoo!,7336,False,Ballyhoo!
7337,Long Beach Dub All Stars,7337,False,Long Beach Dub All Stars
7338,Pepper,7338,False,Pepper
7339,AbraSKAdabra,7339,False,AbraSKAdabra
7340,Jay Sean,7340,False,Jay Sean
7341,Eläkeläiset,7341,False,Eläkeläiset
7342,Wall of Voodoo,7342,False,Wall of Voodoo
7343,Fad Gadget,7343,False,Fad Gadget
7344,Boytronic,7344,False,Boytronic
7345,Pete Shelley,7345,False,Pete Shelley
7346,The Icicle Works,7346,False,The Icicle Works
7347,Blancmange,7347,False,Blancmange
7348,Brigitte Bardot,7348,False,Brigitte Bardot
7349,Oh Land,7349,False,Oh Land
7350,Zaza Fournier,7350,False,Zaza Fournier
7351,Mademoiselle K,7351,False,Mademoiselle K
7352,Madeleine Peyroux,7352,False,Madeleine Peyroux
7353,Eiffel,7353,False,Eiffel
7354,Madsen,7354,False,Madsen
7355,Naast,7355,False,Naast
7356,Limp Wrist,7356,False,Limp Wrist
7357,Plasmatics,7357,False,Plasmatics
7362,Ежи И Петруччо,7362,False,Ежи И Петруччо
7363,Ежи и Петруччо,7362,True,Ежи И Петруччо
7364,7Б,7364,False,7Б
7365,Иван Купала,7365,False,Иван Купала
7366,Маша и Медведи,7366,False,Маша и Медведи
7367,эСМэС,7367,False,эСМэС
7368,Приключения Электроников,7368,False,Приключения Электроников
7369,Жанна Агузарова,7369,False,Жанна Агузарова
7370,Bugotak,7370,False,Bugotak
7371,Майя Кристалинская,7371,False,Майя Кристалинская
7372,МС Вспышкин,7372,False,МС Вспышкин
7373,Ёлочные Игрушки,7373,False,Ёлочные Игрушки
7374,Polvo,7374,False,Polvo
7375,Shellac,7375,False,Shellac
7376,Slint,7376,False,Slint
7377,LITE,7377,False,LITE
7378,S.O.M.A.,7378,False,S.O.M.A.
7379,Amusement Parks on Fire,7379,False,Amusement Parks on Fire
7380,Herod Layne,7380,False,Herod Layne
7381,Killing Chainsaw,7381,False,Killing Chainsaw
7382,Efterklang,7382,False,Efterklang
7383,Gray Strawberries,7383,False,Gray Strawberries
7384,Lisabö,7384,False,Lisabö
7385,The Benedictine Monks of Santo Domingo De Silos,7385,False,The Benedictine Monks of Santo Domingo De Silos
7386,Igorrr,7386,False,Igorrr
7387,Glenn Branca,7387,False,Glenn Branca
7388,Scratch Acid,7388,False,Scratch Acid
7389,U.D.R.,7389,False,U.D.R.
7390,Vanilla Ninja,7390,False,Vanilla Ninja
7391,Zac Efron,7391,False,Zac Efron
7392,Zac Efron and Cast,7392,False,Zac Efron and Cast
7393,Bianca Ryan,7393,False,Bianca Ryan
7394,Clique Girlz,7394,False,Clique Girlz
7395,Amy Diamond,7395,False,Amy Diamond
7396,Troy & Gabriella,7396,False,Troy & Gabriella
7397,Alyson Stoner,7397,False,Alyson Stoner
7398,Hairspray,7398,False,Hairspray
7399,Emma Roberts,7399,False,Emma Roberts
7400,Disney Channel Circle of Stars,7400,False,Disney Channel Circle of Stars
7401,Connie Talbot,7401,False,Connie Talbot
7402,Madeline Powell,7402,False,Madeline Powell
7403,Gabriella,7403,False,Gabriella
7404,K's Choice,7404,False,K's Choice
7405,"Ken Kolodner, Laura Risk, Robin Bullock.",7405,False,"Ken Kolodner, Laura Risk, Robin Bullock."
7406,Fountains of Wayne,7406,False,Fountains of Wayne
7407,Meat Puppets,7407,False,Meat Puppets
7408,George Thorogood,7408,False,George Thorogood
7409,The London Philharmonic Orchestra,7409,False,The London Philharmonic Orchestra
7410,Link Wray,7410,False,Link Wray
7411,Buffalo Springfield,7411,False,Buffalo Springfield
7412,Faun,7412,False,Faun
7413,Damh the Bard,7413,False,Damh the Bard
7414,Omnia,7414,False,Omnia
7415,Corvus Corax,7415,False,Corvus Corax
7416,Gaia Consort,7416,False,Gaia Consort
7417,Moving Breath,7417,False,Moving Breath
7418,Inmigrantes,7418,False,Inmigrantes
7419,Corrosion of Conformity,7419,False,Corrosion of Conformity
7420,Viking Skull,7420,False,Viking Skull
7421,Gama Bomb,7421,False,Gama Bomb
7422,Evile,7422,False,Evile
7423,Down,7423,False,Down
7424,Noël Coward,7424,False,Noël Coward
7425,Liam Lynch,7425,False,Liam Lynch
7426,Marek Grechuta,7426,False,Marek Grechuta
7427,Judy Garland,7427,False,Judy Garland
7428,Espers,7428,False,Espers
7429,Robert Downey Jr.,7429,False,Robert Downey Jr.
7430,Al Jolson,7430,False,Al Jolson
7431,John Barrowman,7431,False,John Barrowman
7432,Al Bowlly,7432,False,Al Bowlly
7433,Hugh Laurie,7433,False,Hugh Laurie
7434,The Rocky Horror Picture Show,7434,False,The Rocky Horror Picture Show
7435,Tesco Value,7435,False,Tesco Value
7436,Fred Astaire,7436,False,Fred Astaire
7437,Artie Shaw,7437,False,Artie Shaw
7438,Eugeniusz Bodo,7438,False,Eugeniusz Bodo
7439,Adam Mickiewicz,7439,False,Adam Mickiewicz
7440,Kay Starr,7440,False,Kay Starr
7441,Neoangin,7441,False,Neoangin
7442,Bomb the Bass,7442,False,Bomb the Bass
7443,Anxieteam,7443,False,Anxieteam
7444,frYars,7444,False,frYars
7445,Reni Jusis,7445,False,Reni Jusis
7446,Smolik,7446,False,Smolik
7447,Stephanie McIntosh,7447,False,Stephanie McIntosh
7448,Ana Johnsson,7448,False,Ana Johnsson
7449,Lillix,7449,False,Lillix
7450,Luka,7450,False,Luka
7451,Enrolados(Brasileiro),7451,False,Enrolados(Brasileiro)
7452,Danni Carlos,7452,False,Danni Carlos
7453,Eliana,7453,False,Eliana
7454,Snakeskin,7454,False,Snakeskin
7455,Pettinellis,7455,False,Pettinellis
7456,Detektivbyrån,7456,False,Detektivbyrån
7457,Illuminate,7457,False,Illuminate
7458,Dreams of Sanity,7458,False,Dreams of Sanity
7459,La Banda de los Sueños de Quiebrespejos,7459,False,La Banda de los Sueños de Quiebrespejos
7460,Seven Nations,7460,False,Seven Nations
7461,Jane,7461,False,Jane
7462,DJ Willis (williswho.com),7462,False,DJ Willis (williswho.com)
7463,Cadaveria,7463,False,Cadaveria
7464,Kerli Kõiv,7464,False,Kerli Kõiv
7465,Slander Fall,7465,False,Slander Fall
7466,VHS Head,7466,False,VHS Head
7467,milky toad,7467,False,milky toad
7468,Gescom,7468,False,Gescom
7469,Caustic Window,7469,False,Caustic Window
7470,LFO,7470,False,LFO
7471,Gary McKill,7471,False,Gary McKill
7472,Odd Nosdam,7472,False,Odd Nosdam
7473,Polygon Window,7473,False,Polygon Window
7474,Yrrow,7474,False,Yrrow
7475,Lego Feet,7475,False,Lego Feet
7476,Monster Rally,7476,False,Monster Rally
7477,Orange_T,7477,False,Orange_T
7478,Locust Toybox,7478,False,Locust Toybox
7479,Com Truise,7479,False,Com Truise
7480,EU,7480,False,EU
7481,The Tuss,7481,False,The Tuss
7482,ARM Author,7482,False,ARM Author
7483,Multigen,7483,False,Multigen
7484,Kashmir Boots,7484,False,Kashmir Boots
7485,GAK,7485,False,GAK
7486,Bradley Strider,7486,False,Bradley Strider
7487,Slag Boom Van Loon,7487,False,Slag Boom Van Loon
7488,Ren & Stimpy,7488,False,Ren & Stimpy
7489,Shobaleader One,7489,False,Shobaleader One
7490,Squarepusher (aka Tom Jenkinson),7490,False,Squarepusher (aka Tom Jenkinson)
7491,Squarepusher (aka Chaos A.D.),7491,False,Squarepusher (aka Chaos A.D.)
7492,Soma Sonic,7492,False,Soma Sonic
7493,Luke Vibert,7493,False,Luke Vibert
7494,Universal Indicator,7494,False,Universal Indicator
7495,France & Dom,7495,False,France & Dom
7496,Paracat,7496,False,Paracat
7497,Mike & Rich,7497,False,Mike & Rich
7498,Hell Interface,7498,False,Hell Interface
7499,Jorge Vercilo,7499,False,Jorge Vercilo
7500,Edward Cullen,7500,False,Edward Cullen
7501,Beverley Knight,7501,False,Beverley Knight
7502,Chris Garneau,7502,False,Chris Garneau
7503,Florence + The Machine & Dizzee Rascal,7503,False,Florence + The Machine & Dizzee Rascal
7504,Dave Days,7504,False,Dave Days
7505,Karen O and the Kids,7505,False,Karen O and the Kids
7506,Bond,7506,False,Bond
7507,Graeme Revell,7507,False,Graeme Revell
7509,Virgin Black,7509,False,Virgin Black
7511,Jesus Was Homeless,7511,False,Jesus Was Homeless
7512,Faderhead,7512,False,Faderhead
7513,NorthBorne,7513,False,NorthBorne
7514,KLOQ,7514,False,KLOQ
7515,The Whip,7515,False,The Whip
7516,Fixmer/McCarthy,7516,False,Fixmer/McCarthy
7517,Wast3,7517,False,Wast3
7518,Diskonnekted,7518,False,Diskonnekted
7519,Project/Reject,7519,False,Project/Reject
7520,T. Raumschmiere,7520,False,T. Raumschmiere
7521,autoclav1.1,7521,False,autoclav1.1
7522,Destroid,7522,False,Destroid
7523,Giuliano Palma & The Bluebeaters,7523,False,Giuliano Palma & The Bluebeaters
7524,Hepcat,7524,False,Hepcat
7525,Paul Weller,7525,False,Paul Weller
7526,Desorden Público,7526,False,Desorden Público
7527,The Slackers,7527,False,The Slackers
7528,Bitty McLean,7528,False,Bitty McLean
7529,Yatu,7529,False,Yatu
7530,Café Tacuba,7530,False,Café Tacuba
7531,Adrenalina Caribe,7531,False,Adrenalina Caribe
7532,Los Fabulosos Cadillacs,7532,False,Los Fabulosos Cadillacs
7533,Sinéad O'Connor,7533,False,Sinéad O'Connor
7534,Los Cafres,7534,False,Los Cafres
7535,Sentimiento Muerto,7535,False,Sentimiento Muerto
7536,La Vida Bohème,7536,False,La Vida Bohème
7537,The Hotknives,7537,False,The Hotknives
7538,Alpha Boy School,7538,False,Alpha Boy School
7539,Vic Ruggiero,7539,False,Vic Ruggiero
7540,Cultura Profética,7540,False,Cultura Profética
7541,Flavio Mandinga Project,7541,False,Flavio Mandinga Project
7542,Alphonso S'Entrega,7542,False,Alphonso S'Entrega
7543,Wahala,7543,False,Wahala
7544,Max Tannone,7544,False,Max Tannone
7545,Los Rodríguez,7545,False,Los Rodríguez
7546,La Misma Gente,7546,False,La Misma Gente
7547,Los Paranoias,7547,False,Los Paranoias
7548,The English Beat,7548,False,The English Beat
7549,Luz Verde,7549,False,Luz Verde
7550,Ulises Hadjis,7550,False,Ulises Hadjis
7551,Fidel Nadal,7551,False,Fidel Nadal
7552,Octavio Suñé,7552,False,Octavio Suñé
7553,The International Beat,7553,False,The International Beat
7554,The Dualers,7554,False,The Dualers
7555,Dermis Tatú,7555,False,Dermis Tatú
7556,Femi Kuti,7556,False,Femi Kuti
7557,Tony Allen,7557,False,Tony Allen
7558,Salif Keita,7558,False,Salif Keita
7559,Manu Dibango,7559,False,Manu Dibango
7560,Hugh Masekela,7560,False,Hugh Masekela
7561,Orchestra Baobab,7561,False,Orchestra Baobab
7562,King Sunny Ade,7562,False,King Sunny Ade
7563,Antibalas Afrobeat Orchestra,7563,False,Antibalas Afrobeat Orchestra
7564,Keji Hamilton & the Exousia Band,7564,False,Keji Hamilton & the Exousia Band
7565,Baaba Maal,7565,False,Baaba Maal
7566,Mahmoud Ahmed,7566,False,Mahmoud Ahmed
7567,BLO,7567,False,BLO
7568,Peter King,7568,False,Peter King
7569,Boubacar Traoré,7569,False,Boubacar Traoré
7570,Orlando Julius,7570,False,Orlando Julius
7571,Chicago Afrobeat Project,7571,False,Chicago Afrobeat Project
7572,Tunji Oyelana and the Benders,7572,False,Tunji Oyelana and the Benders
7573,Sir Victor Uwaifo,7573,False,Sir Victor Uwaifo
7574,The Daktaris,7574,False,The Daktaris
7575,Africando,7575,False,Africando
7576,Chief Stephen Osita Osadebe,7576,False,Chief Stephen Osita Osadebe
7577,Mulatu Astatke,7577,False,Mulatu Astatke
7578,Rokia Traoré,7578,False,Rokia Traoré
7579,Ofo The Black Company,7579,False,Ofo The Black Company
7580,Nomo,7580,False,Nomo
7581,Ali Farka Touré,7581,False,Ali Farka Touré
7582,Ali Farka Touré & Toumani Diabaté,7582,False,Ali Farka Touré & Toumani Diabaté
7583,Geraldo Pino,7583,False,Geraldo Pino
7584,Oneness of Juju,7584,False,Oneness of Juju
7585,Dele Sosimi,7585,False,Dele Sosimi
7586,Youssou N'Dour,7586,False,Youssou N'Dour
7587,Angélique Kidjo,7587,False,Angélique Kidjo
7588,Awa-Klash,7588,False,Awa-Klash
7589,Gasper Lawal,7589,False,Gasper Lawal
7590,Osibisa,7590,False,Osibisa
7591,Oscar Sulley & the Uhuru Dance Band,7591,False,Oscar Sulley & the Uhuru Dance Band
7592,Toto Bona Lokua,7592,False,Toto Bona Lokua
7593,Moussa Doumbia,7593,False,Moussa Doumbia
7594,Majek Fashek,7594,False,Majek Fashek
7595,Dorothy Masuka,7595,False,Dorothy Masuka
7596,Mory Kanté,7596,False,Mory Kanté
7597,William Onyeabor,7597,False,William Onyeabor
7598,Konono Nº1,7598,False,Konono Nº1
7599,Monomono,7599,False,Monomono
7600,Ghetto Blaster,7600,False,Ghetto Blaster
7601,Bantu,7601,False,Bantu
7602,2Face Idibia,7602,False,2Face Idibia
7603,The Budos Band,7603,False,The Budos Band
7604,Schelmish,7604,False,Schelmish
7605,WWE & Jim Johnston (feat. Downstait),7605,False,WWE & Jim Johnston (feat. Downstait)
7606,WWE & Jim Johnston (feat. Story Of The Year),7606,False,WWE & Jim Johnston (feat. Story Of The Year)
7607,WWE & Jim Johnston (feat. Adelitas Way),7607,False,WWE & Jim Johnston (feat. Adelitas Way)
7608,WWE & Jim Johnston (feat. Cage 9),7608,False,WWE & Jim Johnston (feat. Cage 9)
7609,Petr Elfimov,7609,False,Petr Elfimov
7610,Тома,7610,False,Тома
7611,AySel & Arash,7611,False,AySel & Arash
7612,Allegro,7612,False,Allegro
7613,이수영(여),7613,False,이수영(여)
7614,張震嶽,7614,False,張震嶽
7615,MC Sniper,7615,False,MC Sniper
7616,李玟,7616,False,李玟
7617,Xhelazz,7617,False,Xhelazz
7618,Macaco,7618,False,Macaco
7619,Rain,7619,False,Rain
7620,비,7620,False,비
7621,¹Ì³ª,7621,False,¹Ì³ª
7622,이수영(여);,7622,False,이수영(여);
7623,Jarabe de Palo,7623,False,Jarabe de Palo
7624,"Yoshitaka Hirota, Yasunori Mitsuda",7624,False,"Yoshitaka Hirota, Yasunori Mitsuda"
7625,The Presidents of the United States of America,7625,False,The Presidents of the United States of America
7626,Mina,7626,False,Mina
7627,Celtas Cortos,7627,False,Celtas Cortos
7628,El Hombre Gancho,7628,False,El Hombre Gancho
7629,Paco Bello,7629,False,Paco Bello
7630,Motoo Fujiwara,7630,False,Motoo Fujiwara
7631,Fede Comin y Fran Fernandez,7631,False,Fede Comin y Fran Fernandez
7632,Mina/심지환/최지호,7632,False,Mina/심지환/최지호
7633,Naomi Yohani,7633,False,Naomi Yohani
7634,CKY,7634,False,CKY
7635,Spiderbait,7635,False,Spiderbait
7636,Bullets and Octane,7636,False,Bullets and Octane
7637,Биопсихоз,7637,False,Биопсихоз
7638,The Real McKenzies,7638,False,The Real McKenzies
7639,Mudvayne,7639,False,Mudvayne
7640,Blind Passengers,7640,False,Blind Passengers
7641,Thom Hell,7641,False,Thom Hell
7642,Tocotronic,7642,False,Tocotronic
7643,Clueso,7643,False,Clueso
7644,Anna Ternheim,7644,False,Anna Ternheim
7645,Friska Viljor,7645,False,Friska Viljor
7646,"Ensemble Orchestral Synaxis, Fréhel, Russ Columbo",7646,False,"Ensemble Orchestral Synaxis, Fréhel, Russ Columbo"
7647,The Grand Island,7647,False,The Grand Island
7648,Tomte,7648,False,Tomte
7649,Whitey,7649,False,Whitey
7650,Beatsteaks,7650,False,Beatsteaks
7651,Thomas Dybdahl,7651,False,Thomas Dybdahl
7652,Peter and the Wolf,7652,False,Peter and the Wolf
7653,Port O'Brien,7653,False,Port O'Brien
7654,"Blod, snått & juling",7654,False,"Blod, snått & juling"
7655,Amanda Jenssen,7655,False,Amanda Jenssen
7656,E.M.D.,7656,False,E.M.D.
7657,Big Japan,7657,False,Big Japan
7658,Carolina Wallin Pérez,7658,False,Carolina Wallin Pérez
7659,Tove Styrke,7659,False,Tove Styrke
7660,I Blame Coco,7660,False,I Blame Coco
7661,The Trash Can Sinatras,7661,False,The Trash Can Sinatras
7662,The Cold Napoleons,7662,False,The Cold Napoleons
7663,The Futureheads,7663,False,The Futureheads
7664,Ryan DeRobertis,7664,False,Ryan DeRobertis
7665,Toro y Moi,7665,False,Toro y Moi
7666,Hungry Kids of Hungary,7666,False,Hungry Kids of Hungary
7667,Tahiti 80,7667,False,Tahiti 80
7668,Wouter Hamel,7668,False,Wouter Hamel
7669,Little Red,7669,False,Little Red
7670,The Chills,7670,False,The Chills
7671,Field Music,7671,False,Field Music
7672,Das Pop,7672,False,Das Pop
7673,The Ruby Suns,7673,False,The Ruby Suns
7674,Smith Westerns,7674,False,Smith Westerns
7675,Beulah,7675,False,Beulah
7676,We Are Virgins,7676,False,We Are Virgins
7677,Patti Page,7677,False,Patti Page
7678,Zombina and the Skeletones,7678,False,Zombina and the Skeletones
7679,The Creepshow,7679,False,The Creepshow
7680,Marilyn Manson & The Spooky Kids,7680,False,Marilyn Manson & The Spooky Kids
7681,Imelda May,7681,False,Imelda May
7682,Kalabrese,7682,False,Kalabrese
7683,Rhythm & Sound,7683,False,Rhythm & Sound
7684,Christian Prommer's DrumLesson,7684,False,Christian Prommer's DrumLesson
7685,Jamie Lidell,7685,False,Jamie Lidell
7686,Tunng,7686,False,Tunng
7687,Move D,7687,False,Move D
7688,Lawrence,7688,False,Lawrence
7689,Quiet Village,7689,False,Quiet Village
7690,Efdemin,7690,False,Efdemin
7691,Ahmad Jamal,7691,False,Ahmad Jamal
7692,Air France,7692,False,Air France
7693,Pole,7693,False,Pole
7694,SCSI-9,7694,False,SCSI-9
7695,Deadbeat,7695,False,Deadbeat
7696,Morgan Geist,7696,False,Morgan Geist
7697,Seelenluft,7697,False,Seelenluft
7698,März,7698,False,März
7699,Matthew Herbert,7699,False,Matthew Herbert
7700,Tosca,7700,False,Tosca
7701,My My,7701,False,My My
7702,Melanie Madge,7702,False,Melanie Madge
7703,Mad Ciccone,7703,False,Mad Ciccone
7704,Disney's Friends For Change,7704,False,Disney's Friends For Change
7705,Back Miller,7705,False,Back Miller
7706,Gaiola Das Popozudas,7706,False,Gaiola Das Popozudas
7707,Threshold,7707,False,Threshold
7708,Эпидемия,7708,False,Эпидемия
7709,Conception,7709,False,Conception
7710,Борис Моисеев,7710,False,Борис Моисеев
7711,Grey Daze,7711,False,Grey Daze
7712,Border Cross,7712,False,Border Cross
7713,Ark,7713,False,Ark
7714,А. Сапковский,7714,False,А. Сапковский
7715,Adam Skorupa,7715,False,Adam Skorupa
7716,Paweł Błaszczak,7716,False,Paweł Błaszczak
7717,Terry Scott Taylor,7717,False,Terry Scott Taylor
7718,М. А. Булгаков,7718,False,М. А. Булгаков
7719,Maven,7719,False,Maven
7720,Paweł Błaszczak / Adam Skorupa,7720,False,Paweł Błaszczak / Adam Skorupa
7721,"Nakaido ""Chabo"" Reichi",7721,False,"Nakaido ""Chabo"" Reichi"
7722,Rootwater,7722,False,Rootwater
7723,Between the Trees,7723,False,Between the Trees
7724,The Almost,7724,False,The Almost
7725,Semisonic,7725,False,Semisonic
7727,Offer Nissim,7727,False,Offer Nissim
7728,Toše Proeski,7728,False,Toše Proeski
7730,Amber,7730,False,Amber
7733,Rhian Sheehan,7733,False,Rhian Sheehan
7734,Magnus Carlsson,7734,False,Magnus Carlsson
7735,This Is Seb Clarke,7735,False,This Is Seb Clarke
7736,The Novellos,7736,False,The Novellos
7737,The Jacobins,7737,False,The Jacobins
7738,The Rumble Strips,7738,False,The Rumble Strips
7739,Tommy Turbo and The Turbervilles,7739,False,Tommy Turbo and The Turbervilles
7740,iko,7740,False,iko
7741,Snowden,7741,False,Snowden
7742,Department of Eagles,7742,False,Department of Eagles
7743,Jamie T,7743,False,Jamie T
7744,Little Man Tate,7744,False,Little Man Tate
7745,Young Knives,7745,False,Young Knives
7746,Rob Dickinson,7746,False,Rob Dickinson
7747,And What Will Be Left of Them?,7747,False,And What Will Be Left of Them?
7748,Pull Tiger Tail,7748,False,Pull Tiger Tail
7749,Countryside,7749,False,Countryside
7750,The Filthy Youth,7750,False,The Filthy Youth
7751,inbirdseye,7751,False,inbirdseye
7752,Deborah Harry,7752,False,Deborah Harry
7753,Donny Hathaway,7753,False,Donny Hathaway
7754,Third Day,7754,False,Third Day
7756,Casting Crowns,7756,False,Casting Crowns
7759,Bushido,7759,False,Bushido
7760,Glamour Of The Kill,7760,False,Glamour Of The Kill
7766,Chingy,7766,False,Chingy
7767,Faithful Darkness,7767,False,Faithful Darkness
7775,10 Years,7775,False,10 Years
7776,Kids In Glass Houses,7776,False,Kids In Glass Houses
7777,Scouting for Girls,7777,False,Scouting for Girls
7778,Blink 182攀,7778,False,Blink 182攀
7779,gravação fenix,7779,False,gravação fenix
7780,Scott Stapp,7780,False,Scott Stapp
7781,Clare Maguire,7781,False,Clare Maguire
7782,Diddy - Dirty Money,7782,False,Diddy - Dirty Money
7787,Sabonetes,7787,False,Sabonetes
7789,Tower of Power,7789,False,Tower of Power
7791,Eloy,7791,False,Eloy
7792,Manfred Mann's Earth Band,7792,False,Manfred Mann's Earth Band
7793,Casa das Máquinas,7793,False,Casa das Máquinas
7794,Módulo 1000,7794,False,Módulo 1000
7795,Sir Lord Baltimore,7795,False,Sir Lord Baltimore
7796,Bang,7796,False,Bang
7797,Steve Hackett,7797,False,Steve Hackett
7798,Dust,7798,False,Dust
7799,O Terço,7799,False,O Terço
7800,Traffic,7800,False,Traffic
7801,Espíritu,7801,False,Espíritu
7802,Premiata Forneria Marconi,7802,False,Premiata Forneria Marconi
7803,Andromeda (60s),7803,False,Andromeda (60s)
7804,Solaris,7804,False,Solaris
7805,Crucis,7805,False,Crucis
7806,Pholhas,7806,False,Pholhas
7807,Toad,7807,False,Toad
7808,Aera,7808,False,Aera
7809,Aphrodite's Child,7809,False,Aphrodite's Child
7810,Elsiane,7810,False,Elsiane
7811,Crustation,7811,False,Crustation
7812,Fino Coletivo,7812,False,Fino Coletivo
7813,Katia B,7813,False,Katia B
7814,Afterlife,7814,False,Afterlife
7815,Marcela Mangabeira,7815,False,Marcela Mangabeira
7816,21 hertz,7816,False,21 hertz
7817,Claudia Dorei,7817,False,Claudia Dorei
7818,Phantogram,7818,False,Phantogram
7819,Nina Becker,7819,False,Nina Becker
7820,Anthea,7820,False,Anthea
7821,Mandalay,7821,False,Mandalay
7822,The Films,7822,False,The Films
7823,Jorge Ben Jor,7823,False,Jorge Ben Jor
7824,Lucas Santtana,7824,False,Lucas Santtana
7825,The Engine Room,7825,False,The Engine Room
7826,The Weepies,7826,False,The Weepies
7827,Twin Sister,7827,False,Twin Sister
7828,Alcoholic Faith Mission,7828,False,Alcoholic Faith Mission
7829,[re:jazz],7829,False,[re:jazz]
7830,Gisa Alves,7830,False,Gisa Alves
7831,Sleeping With Sirens,7831,False,Sleeping With Sirens
7832,Abril,7832,False,Abril
7833,Replace,7833,False,Replace
7834,Esteban,7834,False,Esteban
7835,Fake Number,7835,False,Fake Number
7836,Astrid Hadad,7836,False,Astrid Hadad
7837,Mecano,7837,False,Mecano
7838,Alejandro Fernández,7838,False,Alejandro Fernández
7839,Tin Tan,7839,False,Tin Tan
7840,Edith Márquez,7840,False,Edith Márquez
7841,Guadalupe Pineda,7841,False,Guadalupe Pineda
7842,Marco Antonio Vázquez,7842,False,Marco Antonio Vázquez
7843,Yuri & Mijares,7843,False,Yuri & Mijares
7844,Toñita,7844,False,Toñita
7845,Mijares,7845,False,Mijares
7846,La Quinta Estación,7846,False,La Quinta Estación
7847,Oscar Chávez,7847,False,Oscar Chávez
7848,Ana Torroja y Miguel Bosé,7848,False,Ana Torroja y Miguel Bosé
7849,Susana Zabaleta,7849,False,Susana Zabaleta
7850,CHAYITO VALDEZ,7850,False,CHAYITO VALDEZ
7851,Juan Gabriel,7851,False,Juan Gabriel
7852,Mario Frangoulis,7852,False,Mario Frangoulis
7853,Dina Buendia,7853,False,Dina Buendia
7854,Miguel Angel,7854,False,Miguel Angel
7855,OperaBabes,7855,False,OperaBabes
7856,Chava Flores,7856,False,Chava Flores
7857,Pete Murray,7857,False,Pete Murray
7858,Vitor Araújo,7858,False,Vitor Araújo
7859,Silvertide,7859,False,Silvertide
7860,Strep,7860,False,Strep
7861,Hair,7861,False,Hair
7862,Paul Potts,7862,False,Paul Potts
7863,GRUPO 05,7863,False,GRUPO 05
7864,Charice,7864,False,Charice
7865,Maite Perroni,7865,False,Maite Perroni
7866,Orange Caramel,7866,False,Orange Caramel
7867,소녀시대 ＆ 2PM,7867,False,소녀시대 ＆ 2PM
7868,Mike Posner,7868,False,Mike Posner
7869,Caro Emerald,7869,False,Caro Emerald
7870,Alisa Jones,7870,False,Alisa Jones
7871,Billy Corgan,7871,False,Billy Corgan
7872,Ikuko Kawai,7872,False,Ikuko Kawai
7873,Brian Roebuck,7873,False,Brian Roebuck
7874,Xavier Naidoo,7874,False,Xavier Naidoo
7875,MIND:|:SHREDDER,7875,False,MIND:|:SHREDDER
7876,Violet Indiana,7876,False,Violet Indiana
7877,Julie London,7877,False,Julie London
7878,Pale Saints,7878,False,Pale Saints
7879,Robin Guthrie,7879,False,Robin Guthrie
7880,Bow Wow Wow,7880,False,Bow Wow Wow
7881,Warren Haynes,7881,False,Warren Haynes
7882,Edgar Broughton Band,7882,False,Edgar Broughton Band
7883,Ananda Shake,7883,False,Ananda Shake
7884,Sesto Sento,7884,False,Sesto Sento
7885,Zeigeist,7885,False,Zeigeist
7886,L'elan Vital,7886,False,L'elan Vital
7887,Zoot Woman,7887,False,Zoot Woman
7888,Barcelona,7888,False,Barcelona
7889,Mint,7889,False,Mint
7890,Logh,7890,False,Logh
7891,Sans Arc,7891,False,Sans Arc
7892,Girls in Hawaii,7892,False,Girls in Hawaii
7893,Mêlée,7893,False,Mêlée
7894,September Malevolence,7894,False,September Malevolence
7895,Kwoon,7895,False,Kwoon
7896,Hazen Street,7896,False,Hazen Street
7897,Go:Audio,7897,False,Go:Audio
7898,SafetySuit,7898,False,SafetySuit
7899,Warmen,7899,False,Warmen
7900,The Black Mages,7900,False,The Black Mages
7901,Alph Lyla,7901,False,Alph Lyla
7902,Marty Friedman,7902,False,Marty Friedman
7903,Barren Earth,7903,False,Barren Earth
7904,El Perro del Mar,7904,False,El Perro del Mar
7905,Michiru Yamane,7905,False,Michiru Yamane
7906,Narziss,7906,False,Narziss
7907,Hum,7907,False,Hum
7908,Desert Sessions,7908,False,Desert Sessions
7909,Wellwater Conspiracy,7909,False,Wellwater Conspiracy
7910,Dax Riggs,7910,False,Dax Riggs
7911,Joe Strummer and The Mescaleros,7911,False,Joe Strummer and The Mescaleros
7912,John Paul Jones,7912,False,John Paul Jones
7913,Darkened Nocturn Slaughtercult,7913,False,Darkened Nocturn Slaughtercult
7914,Opera IX,7914,False,Opera IX
7915,Grand Belial's Key,7915,False,Grand Belial's Key
7916,Argentum,7916,False,Argentum
7917,Inquisition,7917,False,Inquisition
7918,Nokturnal Mortum,7918,False,Nokturnal Mortum
7919,Demonoid,7919,False,Demonoid
7920,Astarte,7920,False,Astarte
7921,Stormlord,7921,False,Stormlord
7922,Falkenbach,7922,False,Falkenbach
7923,Xibalba,7923,False,Xibalba
7924,Onslaught,7924,False,Onslaught
7925,Tsjuder,7925,False,Tsjuder
7926,Austin TV,7926,False,Austin TV
7927,Men at Work,7927,False,Men at Work
7928,The Connells,7928,False,The Connells
7929,Procol Harum,7929,False,Procol Harum
7930,Perfect,7930,False,Perfect
7931,I Santo California,7931,False,I Santo California
7932,Jane Birkin & Serge Gainsbourg,7932,False,Jane Birkin & Serge Gainsbourg
7933,Serge Gainsbourg & Brigitte Bardot,7933,False,Serge Gainsbourg & Brigitte Bardot
7934,The Beloved,7934,False,The Beloved
7935,The Monkees,7935,False,The Monkees
7936,Czerwone Gitary,7936,False,Czerwone Gitary
7937,Bill Haley,7937,False,Bill Haley
7938,Agent Orange,7938,False,Agent Orange
7939,Breakout,7939,False,Breakout
7940,7th Floor,7940,False,7th Floor
7941,The Haunted,7941,False,The Haunted
7942,Punk Goes...,7942,False,Punk Goes...
7943,Low Shoulder,7943,False,Low Shoulder
7944,Mark Schultz,7944,False,Mark Schultz
7945,Lissy Trullie,7945,False,Lissy Trullie
7946,Rookie Of The Year,7946,False,Rookie Of The Year
7947,Evans Blue,7947,False,Evans Blue
7948,Cytech,7948,False,Cytech
7949,Numek,7949,False,Numek
7950,Antichristus,7950,False,Antichristus
7951,Raiden,7951,False,Raiden
7952,Gasmask 71,7952,False,Gasmask 71
7953,Core Corp,7953,False,Core Corp
7954,Audio,7954,False,Audio
7955,Evol Intent,7955,False,Evol Intent
7956,Donny,7956,False,Donny
7957,Hemoglobin,7957,False,Hemoglobin
7958,SPL,7958,False,SPL
7959,Mystification,7959,False,Mystification
7960,Counterstrike,7960,False,Counterstrike
7961,Ekaros,7961,False,Ekaros
7962,Unabomber,7962,False,Unabomber
7963,Cooh,7963,False,Cooh
7964,Lorcscyric,7964,False,Lorcscyric
7965,snaper,7965,False,snaper
7966,DJ Hidden,7966,False,DJ Hidden
7967,Resonant Evil,7967,False,Resonant Evil
7968,Coresplittaz,7968,False,Coresplittaz
7969,Rawtekk,7969,False,Rawtekk
7970,Reemo,7970,False,Reemo
7971,T.Z.A.,7971,False,T.Z.A.
7972,B Soul,7972,False,B Soul
7973,ZuBCoRe,7973,False,ZuBCoRe
7974,AXiS & Trank,7974,False,AXiS & Trank
7975,iDOLEAST,7975,False,iDOLEAST
7976,Skynet,7976,False,Skynet
7977,ScreamerClauz,7977,False,ScreamerClauz
7978,Fizyk,7978,False,Fizyk
7979,The Panacea,7979,False,The Panacea
7980,Peter Kurten,7980,False,Peter Kurten
7981,Technical Itch,7981,False,Technical Itch
7982,Dylan,7982,False,Dylan
7983,Paul B,7983,False,Paul B
7984,Krusha,7984,False,Krusha
7985,Temulent,7985,False,Temulent
7986,Plejik,7986,False,Plejik
7987,Vector Burn,7987,False,Vector Burn
7988,Submerged,7988,False,Submerged
7989,ogonek,7989,False,ogonek
7990,Switch Technique,7990,False,Switch Technique
7991,DJ floorclearer,7991,False,DJ floorclearer
7992,Digital Soul,7992,False,Digital Soul
7993,Necron99,7993,False,Necron99
7994,Sergey Lazarev,7994,False,Sergey Lazarev
7995,Smash!!,7995,False,Smash!!
7996,Иван Ургант,7996,False,Иван Ургант
7997,Ирония судьбы,7997,False,Ирония судьбы
7998,Бригада,7998,False,Бригада
7999,Ирония Судьбы. Продолжение,7999,False,Ирония Судьбы. Продолжение
8000,Сергей Безруков,8000,False,Сергей Безруков
8001,Валерия,8001,False,Валерия
8002,Сергей Лазарев,8002,False,Сергей Лазарев
8003,Город 312,8003,False,Город 312
8004,к/ф Адмиралъ,8004,False,к/ф Адмиралъ
8005,Danny Saucedo feat. Therese,8005,False,Danny Saucedo feat. Therese
8006,Leonid Rudenko,8006,False,Leonid Rudenko
8007,Прожекторперисхилтон,8007,False,Прожекторперисхилтон
8008,Полина Гагарина,8008,False,Полина Гагарина
8009,Ласковый Май,8009,False,Ласковый Май
8012,Phish,8012,False,Phish
8013,Petra,8013,False,Petra
8014,Gravity Kills,8014,False,Gravity Kills
8015,Party Ben,8015,False,Party Ben
8016,Five Iron Frenzy,8016,False,Five Iron Frenzy
8017,Velvet,8017,False,Velvet
8018,Natalia,8018,False,Natalia
8019,The Black Eyed Peas,8019,False,The Black Eyed Peas
8020,Giusy Ferreri,8020,False,Giusy Ferreri
8021,Elena Gheorghe,8021,False,Elena Gheorghe
8022,Star Pilots,8022,False,Star Pilots
8023,Demet Akalın,8023,False,Demet Akalın
8024,Samira Said,8024,False,Samira Said
8025,Elliot,8025,False,Elliot
8026,Fuck Buttons,8026,False,Fuck Buttons
8027,Jónsi & Alex,8027,False,Jónsi & Alex
8028,__MaX__,8028,False,__MaX__
8029,Mark Sherry pres Outburst,8029,False,Mark Sherry pres Outburst
8030,The Antlers,8030,False,The Antlers
8031,Nico Muhly,8031,False,Nico Muhly
8032,James Blunt栀,8032,False,James Blunt栀
8033,7 Skies,8033,False,7 Skies
8034,Coordinated Chaos,8034,False,Coordinated Chaos
8035,Kyle Gabler,8035,False,Kyle Gabler
8036,Zack Hemsey,8036,False,Zack Hemsey
8037,James Blunt⃀,8037,False,James Blunt⃀
8038,Nicolaus Esterhazy Sinfonia,8038,False,Nicolaus Esterhazy Sinfonia
8039,Audio Network,8039,False,Audio Network
8040,Blazer Force,8040,False,Blazer Force
8041,Arty,8041,False,Arty
8042,Live,8042,False,Live
8043,Idlewild,8043,False,Idlewild
8044,The Longcut,8044,False,The Longcut
8045,Tapping the Vein,8045,False,Tapping the Vein
8046,Great Northern,8046,False,Great Northern
8047,Plumb,8047,False,Plumb
8048,Screaming Lights,8048,False,Screaming Lights
8049,Beyond the Void,8049,False,Beyond the Void
8050,Le Mystère des voix Bulgares,8050,False,Le Mystère des voix Bulgares
8051,Jia Peng Fang,8051,False,Jia Peng Fang
8052,Madonna & Justin Timberlake & Timbaland,8052,False,Madonna & Justin Timberlake & Timbaland
8053,Cocoon,8053,False,Cocoon
8054,The Dø,8054,False,The Dø
8055,M,8055,False,M
8056,Charlie Winston,8056,False,Charlie Winston
8057,Tin Machine,8057,False,Tin Machine
8058,Gail Ann Dorsey,8058,False,Gail Ann Dorsey
8059,Adam Ficek,8059,False,Adam Ficek
8060,Soan,8060,False,Soan
8061,Flea,8061,False,Flea
8062,Revolver,8062,False,Revolver
8063,Minuscule Hey,8063,False,Minuscule Hey
8064,David Bowie &Moby,8064,False,David Bowie &Moby
8065,Zombie Ghost Train,8065,False,Zombie Ghost Train
8066,Squirrel Nut Zippers,8066,False,Squirrel Nut Zippers
8067,Estelle,8067,False,Estelle
8068,Moloko,8068,False,Moloko
8069,Texas,8069,False,Texas
8070,Voodoo Zombie,8070,False,Voodoo Zombie
8071,Ryan Leslie,8071,False,Ryan Leslie
8072,Bobby Valentino,8072,False,Bobby Valentino
8073,Mashonda,8073,False,Mashonda
8074,Teedra Moses,8074,False,Teedra Moses
8075,Ny,8075,False,Ny
8076,Nivea,8076,False,Nivea
8077,Tiffany Villarreal,8077,False,Tiffany Villarreal
8078,Megan Rochell,8078,False,Megan Rochell
8079,Keshia Chanté,8079,False,Keshia Chanté
8080,Black Buddafly,8080,False,Black Buddafly
8081,Lloyd,8081,False,Lloyd
8082,Asia Cruise,8082,False,Asia Cruise
8083,Cheri Dennis,8083,False,Cheri Dennis
8084,Baby Bash,8084,False,Baby Bash
8085,jhene,8085,False,jhene
8086,Rhea,8086,False,Rhea
8087,Drew Sidora,8087,False,Drew Sidora
8088,Dondria,8088,False,Dondria
8089,Nasri,8089,False,Nasri
8090,Jovan Dais,8090,False,Jovan Dais
8091,Tha' Rayne,8091,False,Tha' Rayne
8092,Mila J,8092,False,Mila J
8093,Auburn,8093,False,Auburn
8094,Steph Jones,8094,False,Steph Jones
8095,Brandon Hines,8095,False,Brandon Hines
8096,Dawn Richard,8096,False,Dawn Richard
8097,Latrelle,8097,False,Latrelle
8098,Court Yard Hounds,8098,False,Court Yard Hounds
8099,Patty Griffin,8099,False,Patty Griffin
8100,Lee Brice,8100,False,Lee Brice
8101,Jamey Johnson,8101,False,Jamey Johnson
8102,Robert Plant & Alison Krauss,8102,False,Robert Plant & Alison Krauss
8103,Ryan Bingham,8103,False,Ryan Bingham
8104,Crystal Bowersox,8104,False,Crystal Bowersox
8105,Jerrod Niemann,8105,False,Jerrod Niemann
8106,Terri Clark,8106,False,Terri Clark
8107,Justin Townes Earle,8107,False,Justin Townes Earle
8108,The Derek Trucks Band,8108,False,The Derek Trucks Band
8109,The Avett Brothers,8109,False,The Avett Brothers
8110,Susan Tedeschi,8110,False,Susan Tedeschi
8111,The Allman Brothers Band,8111,False,The Allman Brothers Band
8112,Ollabelle,8112,False,Ollabelle
8113,Duane Allman,8113,False,Duane Allman
8114,Freddie King,8114,False,Freddie King
8115,Little Feat,8115,False,Little Feat
8116,The Persuasions,8116,False,The Persuasions
8117,Jimmy Herring,8117,False,Jimmy Herring
8118,Hound Dog Taylor & the House Rockers,8118,False,Hound Dog Taylor & the House Rockers
8119,The Meters,8119,False,The Meters
8120,Taj Mahal,8120,False,Taj Mahal
8121,Toots and the Maytals,8121,False,Toots and the Maytals
8122,Derek and the Dominos,8122,False,Derek and the Dominos
8123,Albert King,8123,False,Albert King
8124,Keb' Mo',8124,False,Keb' Mo'
8125,Joe Pug,8125,False,Joe Pug
8126,Little Walter,8126,False,Little Walter
8127,The Campbell Brothers,8127,False,The Campbell Brothers
8128,Barrelhouse,8128,False,Barrelhouse
8129,JJ Grey & Mofro,8129,False,JJ Grey & Mofro
8130,Townes Van Zandt,8130,False,Townes Van Zandt
8136,Danger,8136,False,Danger
8140,Dubstar,8140,False,Dubstar
8141,The Golden Filter,8141,False,The Golden Filter
8142,"Ted Neely, Yvonne Elliman & Others",8142,False,"Ted Neely, Yvonne Elliman & Others"
8143,Kish Mauve,8143,False,Kish Mauve
8144,Rinôçérôse,8144,False,Rinôçérôse
8145,Orchestra,8145,False,Orchestra
8146,Warren Suicide,8146,False,Warren Suicide
8147,Coco Electrik,8147,False,Coco Electrik
8148,Krause,8148,False,Krause
8149,Beborn Beton,8149,False,Beborn Beton
8150,Red Lorry Yellow Lorry,8150,False,Red Lorry Yellow Lorry
8151,Nordstrøm,8151,False,Nordstrøm
8152,Jane Monheit,8152,False,Jane Monheit
8153,"Harry Connick, Jr.",8153,False,"Harry Connick, Jr."
8154,Rychard Century,8154,False,Rychard Century
8155,Justin Nozuka,8155,False,Justin Nozuka
8156,Roberta Sa e Trio Madeira Brasil,8156,False,Roberta Sa e Trio Madeira Brasil
8157,WWO,8157,False,WWO
8158,Bun B,8158,False,Bun B
8159,Lil' Flip,8159,False,Lil' Flip
8160,Slim Thug,8160,False,Slim Thug
8161,T-Pain,8161,False,T-Pain
8162,Bizarre,8162,False,Bizarre
8163,Lady Pank,8163,False,Lady Pank
8164,Peja,8164,False,Peja
8165,Borysewicz-Kukiz,8165,False,Borysewicz-Kukiz
8166,Junior Caldera,8166,False,Junior Caldera
8167,HiFi Banda,8167,False,HiFi Banda
8168,DJ 600V,8168,False,DJ 600V
8169,Michael Jackson & Paul McCartney,8169,False,Michael Jackson & Paul McCartney
8170,Slums Attack,8170,False,Slums Attack
8171,Natalie Bassingthwaighte,8171,False,Natalie Bassingthwaighte
8172,Tata Golosa,8172,False,Tata Golosa
8173,The Notorious B.I.G.,8173,False,The Notorious B.I.G.
8174,Bad Balance,8174,False,Bad Balance
8175,Black Violin,8175,False,Black Violin
8176,Zion I & The Grouch,8176,False,Zion I & The Grouch
8177,MC Lyte,8177,False,MC Lyte
8178,Lil' Kim,8178,False,Lil' Kim
8179,Reks,8179,False,Reks
8180,A-Alikes,8180,False,A-Alikes
8181,Slick Rick,8181,False,Slick Rick
8182,Onyx,8182,False,Onyx
8183,maritza rodriguez,8183,False,maritza rodriguez
8184,Fugees,8184,False,Fugees
8185,8Ball & MJG,8185,False,8Ball & MJG
8186,Инна Steel и Михей,8186,False,Инна Steel и Михей
8187,Big Syke,8187,False,Big Syke
8188,Queen Latifah,8188,False,Queen Latifah
8189,Rap P,8189,False,Rap P
8190,WC,8190,False,WC
8191,Square,8191,False,Square
8192,DOYOULIKE?,8192,False,DOYOULIKE?
8193,レミオロメン,8193,False,レミオロメン
8194,V.O.W.E,8194,False,V.O.W.E
8195,Tihuana,8195,False,Tihuana
8196,No Core,8196,False,No Core
8197,Believe,8197,False,Believe
8198,Aly & Fila,8198,False,Aly & Fila
8199,The Dining Rooms,8199,False,The Dining Rooms
8200,Freakpower,8200,False,Freakpower
8201,Boozoo Bajou,8201,False,Boozoo Bajou
8202,Tape Five,8202,False,Tape Five
8203,Shawn Lee & Clutchy Hopkins,8203,False,Shawn Lee & Clutchy Hopkins
8204,Gare du Nord,8204,False,Gare du Nord
8205,Nekta,8205,False,Nekta
8206,A Vida Azul,8206,False,A Vida Azul
8207,Shawn Lee,8207,False,Shawn Lee
8208,Saint Privat,8208,False,Saint Privat
8209,!deladap,8209,False,!deladap
8210,The Dears,8210,False,The Dears
8211,Snot,8211,False,Snot
8212,Alphawezen,8212,False,Alphawezen
8213,Modular,8213,False,Modular
8214,Gonjasufi,8214,False,Gonjasufi
8215,Datarock,8215,False,Datarock
8216,General Elektriks,8216,False,General Elektriks
8217,Micatone,8217,False,Micatone
8218,Berry Weight,8218,False,Berry Weight
8219,Minus 8,8219,False,Minus 8
8220,Congo Norvell,8220,False,Congo Norvell
8221,Gabin,8221,False,Gabin
8222,Digital Alkemist,8222,False,Digital Alkemist
8223,Vermillion Lies,8223,False,Vermillion Lies
8224,Club Des Belugas,8224,False,Club Des Belugas
8225,Hidden Orchestra,8225,False,Hidden Orchestra
8226,Skeewiff,8226,False,Skeewiff
8227,Watcha Clan,8227,False,Watcha Clan
8228,Дети Picasso,8228,False,Дети Picasso
8229,Astor Piazzolla,8229,False,Astor Piazzolla
8230,Oi Va Voi,8230,False,Oi Va Voi
8231,Soulsavers,8231,False,Soulsavers
8232,"Up, Bustle and Out",8232,False,"Up, Bustle and Out"
8233,Expatriate,8233,False,Expatriate
8234,Kronos Quartet,8234,False,Kronos Quartet
8235,Kronos Quartet & Mogwai,8235,False,Kronos Quartet & Mogwai
8236,Michael Galasso,8236,False,Michael Galasso
8237,Louis Garrel & Clothilde Hesme,8237,False,Louis Garrel & Clothilde Hesme
8238,Happy Together Wong Kar Wai OST,8238,False,Happy Together Wong Kar Wai OST
8239,Shantel,8239,False,Shantel
8240,Dutch,8240,False,Dutch
8241,Solvent,8241,False,Solvent
8242,Isles & Glaciers,8242,False,Isles & Glaciers
8243,Ariana Grande,8243,False,Ariana Grande
8244,FM Static,8244,False,FM Static
8245,Parachute,8245,False,Parachute
8246,The Crown,8246,False,The Crown
8247,Hatesphere,8247,False,Hatesphere
8248,Blood Red Throne,8248,False,Blood Red Throne
8249,Raging Speedhorn,8249,False,Raging Speedhorn
8250,Laxative,8250,False,Laxative
8251,Six Feet Under,8251,False,Six Feet Under
8252,Occult,8252,False,Occult
8253,Debauchery,8253,False,Debauchery
8254,SOiL,8254,False,SOiL
8255,Dew-Scented,8255,False,Dew-Scented
8256,Halo Effect,8256,False,Halo Effect
8257,Terror 2000,8257,False,Terror 2000
8258,Emil Bulls,8258,False,Emil Bulls
8259,Damageplan,8259,False,Damageplan
8260,Final Breath,8260,False,Final Breath
8261,Burning Skies,8261,False,Burning Skies
8262,Donavon Frankenreiter,8262,False,Donavon Frankenreiter
8263,Park,8263,False,Park
8264,William Fitzsimmons,8264,False,William Fitzsimmons
8265,Pavel Nuñez,8265,False,Pavel Nuñez
8266,Chris Botti,8266,False,Chris Botti
8267,Kaki King,8267,False,Kaki King
8268,Aleks Syntek,8268,False,Aleks Syntek
8269,Nature Living,8269,False,Nature Living
8270,Rx Bandits,8270,False,Rx Bandits
8271,This Day & Age,8271,False,This Day & Age
8272,Jean Baudin,8272,False,Jean Baudin
8273,Nuclear Rabbit,8273,False,Nuclear Rabbit
8274,Lydia,8274,False,Lydia
8275,Catch 22,8275,False,Catch 22
8276,Choke,8276,False,Choke
8277,For the Fallen Dreams,8277,False,For the Fallen Dreams
8278,Antoine Dufour,8278,False,Antoine Dufour
8279,Jake Shimabukuro,8279,False,Jake Shimabukuro
8280,Moneen,8280,False,Moneen
8281,RoBERT,8281,False,RoBERT
8282,Ariel Ramírez,8282,False,Ariel Ramírez
8283,Vanessa Paradis,8283,False,Vanessa Paradis
8284,Püdelsi,8284,False,Püdelsi
8285,Henning Pauly,8285,False,Henning Pauly
8286,KSU,8286,False,KSU
8287,Jenifer,8287,False,Jenifer
8288,Zazie,8288,False,Zazie
8289,Wolna Grupa Bukowina,8289,False,Wolna Grupa Bukowina
8290,Natasha St-Pier,8290,False,Natasha St-Pier
8291,Nick Cave,8291,False,Nick Cave
8292,Takanashi Yasuharu,8292,False,Takanashi Yasuharu
8293,Sumatra,8293,False,Sumatra
8294,American Me,8294,False,American Me
8295,The Armed,8295,False,The Armed
8296,Here Comes The Kraken,8296,False,Here Comes The Kraken
8297,The Korea,8297,False,The Korea
8298,Korea,8298,False,Korea
8299,МегамасС,8299,False,МегамасС
8300,Hester Prynne,8300,False,Hester Prynne
8301,I Shot The Sheriff,8301,False,I Shot The Sheriff
8302,+\-,8302,False,+\-
8303,Ruiner,8303,False,Ruiner
8304,Making April,8304,False,Making April
8305,Worthless Without,8305,False,Worthless Without
8306,старов,8306,False,старов
8307,Waking Ashland,8307,False,Waking Ashland
8308,Johnny Hallyday,8308,False,Johnny Hallyday
8309,Jerry Lee Lewis,8309,False,Jerry Lee Lewis
8310,Danielle Peck,8310,False,Danielle Peck
8311,Tom Petty,8311,False,Tom Petty
8312,John Mellencamp,8312,False,John Mellencamp
8313,John Fogerty,8313,False,John Fogerty
8314,The Everly Brothers,8314,False,The Everly Brothers
8315,Vince Taylor,8315,False,Vince Taylor
8316,Dick Rivers,8316,False,Dick Rivers
8317,The Sunny Cowgirls,8317,False,The Sunny Cowgirls
8318,The McClymonts,8318,False,The McClymonts
8319,Taake,8319,False,Taake
8320,Dominia,8320,False,Dominia
8321,Angis,8321,False,Angis
8322,Amžius,8322,False,Amžius
8323,Obtest,8323,False,Obtest
8324,Nahash,8324,False,Nahash
8325,Thundertale,8325,False,Thundertale
8326,Satanic Warmaster,8326,False,Satanic Warmaster
8327,Altorių Šešėliai,8327,False,Altorių Šešėliai
8328,Krabaras,8328,False,Krabaras
8329,Diktatūra,8329,False,Diktatūra
8330,Teurgia,8330,False,Teurgia
8331,Excrementory Grindfuckers,8331,False,Excrementory Grindfuckers
8332,Luctus,8332,False,Luctus
8333,Gorefest,8333,False,Gorefest
8334,MaturzFrum,8334,False,MaturzFrum
8335,egredior,8335,False,egredior
8336,Mirties Dvelksmas,8336,False,Mirties Dvelksmas
8337,Dusk,8337,False,Dusk
8338,D.A.R,8338,False,D.A.R
8339,Anakron,8339,False,Anakron
8340,George Thorogood & The Destroyers,8340,False,George Thorogood & The Destroyers
8341,Beherit,8341,False,Beherit
8342,Šėtonistai,8342,False,Šėtonistai
8343,Urgehal,8343,False,Urgehal
8344,Anubi,8344,False,Anubi
8345,Pastetai,8345,False,Pastetai
8346,Sorrow,8346,False,Sorrow
8347,Mushroomhead,8347,False,Mushroomhead
8348,Passenger,8348,False,Passenger
8349,St. Thomas,8349,False,St. Thomas
8350,Taproot,8350,False,Taproot
8351,Zakk Wylde,8351,False,Zakk Wylde
8352,ourlastbreath,8352,False,ourlastbreath
8353,Lillasyster,8353,False,Lillasyster
8354,Tommy Emmanuel,8354,False,Tommy Emmanuel
8355,Takida,8355,False,Takida
8356,Jason Walker,8356,False,Jason Walker
8357,Juego De Dos,8357,False,Juego De Dos
8358,Tristan Prettyman,8358,False,Tristan Prettyman
8359,The Simpsons,8359,False,The Simpsons
8360,Ximbica,8360,False,Ximbica
8361,Hawk Nelson,8361,False,Hawk Nelson
8362,Chaves,8362,False,Chaves
8363,Flora,8363,False,Flora
8364,Sean Kingston,8364,False,Sean Kingston
8365,Seu Cuca,8365,False,Seu Cuca
8366,Holdcut,8366,False,Holdcut
8367,EMF,8367,False,EMF
8368,Neneh Cherry,8368,False,Neneh Cherry
8369,Faith and the Muse,8369,False,Faith and the Muse
8370,Axel Fernando,8370,False,Axel Fernando
8371,Maná,8371,False,Maná
8372,Ricardo Arjona,8372,False,Ricardo Arjona
8373,Banda El Recodo,8373,False,Banda El Recodo
8374,Luciano Pereyra,8374,False,Luciano Pereyra
8375,Alex Ubago,8375,False,Alex Ubago
8376,Nick Jonas,8376,False,Nick Jonas
8377,La Arrolladora Banda El Limón,8377,False,La Arrolladora Banda El Limón
8378,Demi Lovato & Joe Jonas,8378,False,Demi Lovato & Joe Jonas
8379,Chaqueño Palavecino,8379,False,Chaqueño Palavecino
8380,Carlos Baute,8380,False,Carlos Baute
8381,Deep kick,8381,False,Deep kick
8382,Bumblefoot,8382,False,Bumblefoot
8383,Marcus Miller,8383,False,Marcus Miller
8384,Hopes Die Last,8384,False,Hopes Die Last
8385,Mathewmaokh,8385,False,Mathewmaokh
8386,Metal Church,8386,False,Metal Church
8387,Solitude Aeturnus,8387,False,Solitude Aeturnus
8388,Viking Quest,8388,False,Viking Quest
8389,The Bogmen,8389,False,The Bogmen
8390,she,8390,False,she
8392,Do As Infinity,8392,False,Do As Infinity
8394,D,8394,False,D
8396,12012,8396,False,12012
8397,VIDOLL,8397,False,VIDOLL
8398,Alice Nine,8398,False,Alice Nine
8400,Silver Forest,8400,False,Silver Forest
8401,FACT,8401,False,FACT
8403,Anamanaguchi,8403,False,Anamanaguchi
8404,Sadie,8404,False,Sadie
8405,Schandmaul,8405,False,Schandmaul
8407,Plastic Tree,8407,False,Plastic Tree
8408,m-flo,8408,False,m-flo
8409,Bebe,8409,False,Bebe
8410,Coiffeur,8410,False,Coiffeur
8411,Deplasticoverde,8411,False,Deplasticoverde
8412,María Zion,8412,False,María Zion
8413,Score Deseos Ocultos,8413,False,Score Deseos Ocultos
8414,Score Sonámbulos,8414,False,Score Sonámbulos
8415,Christopher Young,8415,False,Christopher Young
8416,Nathaniel Mechaly,8416,False,Nathaniel Mechaly
8417,theaudience,8417,False,theaudience
8418,The Sunshine Underground,8418,False,The Sunshine Underground
8420,Lake of Tears,8420,False,Lake of Tears
8422,Meat Loaf,8422,False,Meat Loaf
8423,Great White,8423,False,Great White
8424,Khaled Mouzanar,8424,False,Khaled Mouzanar
8425,Kardeş Türküler,8425,False,Kardeş Türküler
8426,Barış Güney,8426,False,Barış Güney
8427,Birsen Tezer,8427,False,Birsen Tezer
8428,Akın Eldes,8428,False,Akın Eldes
8429,Replikas,8429,False,Replikas
8430,bajar,8430,False,bajar
8431,Erkan Oğur,8431,False,Erkan Oğur
8432,Quadro Nuevo,8432,False,Quadro Nuevo
8433,Golden Horn Ensemble,8433,False,Golden Horn Ensemble
8434,Şinasi Çilden & Şebnem Orhan,8434,False,Şinasi Çilden & Şebnem Orhan
8435,"Vedat Yıldırım, Özgür Akgül, Mehmet Erdem",8435,False,"Vedat Yıldırım, Özgür Akgül, Mehmet Erdem"
8436,Yaşar Kurt,8436,False,Yaşar Kurt
8437,Fatih Yaşar,8437,False,Fatih Yaşar
8438,Beth Gibbons & Rustin Man,8438,False,Beth Gibbons & Rustin Man
8439,Metin & Kemal Kahraman,8439,False,Metin & Kemal Kahraman
8440,Asfalt Dünya,8440,False,Asfalt Dünya
8441,Xavier Cugat,8441,False,Xavier Cugat
8442,Ahmad Pejman,8442,False,Ahmad Pejman
8443,Orient Expressions,8443,False,Orient Expressions
8444,Pinhani,8444,False,Pinhani
8445,Niyaz,8445,False,Niyaz
8446,Peyman Yazdanian,8446,False,Peyman Yazdanian
8447,Mikail Aslan,8447,False,Mikail Aslan
8448,Mohammad Reza Aligholi,8448,False,Mohammad Reza Aligholi
8449,Andrea Guerra,8449,False,Andrea Guerra
8450,Tülay German,8450,False,Tülay German
8451,Peter Soleimanipour,8451,False,Peter Soleimanipour
8452,Hossein Alizadeh,8452,False,Hossein Alizadeh
8453,Cihat Aşkın,8453,False,Cihat Aşkın
8454,Bülent Ortaçgil,8454,False,Bülent Ortaçgil
8455,Taksim Trio,8455,False,Taksim Trio
8456,Farhad As'adian,8456,False,Farhad As'adian
8457,Br00talizer,8457,False,Br00talizer
8458,Daïtro,8458,False,Daïtro
8459,mewithoutYou,8459,False,mewithoutYou
8460,Footnotes,8460,False,Footnotes
8461,Sunny Day Real Estate,8461,False,Sunny Day Real Estate
8462,Destroy The Runner,8462,False,Destroy The Runner
8463,Love Like... Electrocution,8463,False,Love Like... Electrocution
8464,Every Time I Die,8464,False,Every Time I Die
8465,Suis La Lune,8465,False,Suis La Lune
8466,MellowHype,8466,False,MellowHype
8467,American Football,8467,False,American Football
8468,The Bled,8468,False,The Bled
8469,The Promise Ring,8469,False,The Promise Ring
8470,The (International) Noise Conspiracy,8470,False,The (International) Noise Conspiracy
8471,Still Remains,8471,False,Still Remains
8472,Earl Sweatshirt,8472,False,Earl Sweatshirt
8473,Memphis May Fire,8473,False,Memphis May Fire
8474,"Tyler, The Creator",8474,False,"Tyler, The Creator"
8475,Mihai Edrisch,8475,False,Mihai Edrisch
8476,Something for Kate,8476,False,Something for Kate
8477,brandun deshay,8477,False,brandun deshay
8478,Tigers Jaw,8478,False,Tigers Jaw
8479,Nada Surf,8479,False,Nada Surf
8480,Sleep Party People,8480,False,Sleep Party People
8481,The Mynabirds,8481,False,The Mynabirds
8482,The Black Box Revelation,8482,False,The Black Box Revelation
8483,Avi Buffalo,8483,False,Avi Buffalo
8484,The Makes Nice,8484,False,The Makes Nice
8485,The Record's,8485,False,The Record's
8486,Datahowler,8486,False,Datahowler
8487,LoveLikeFire,8487,False,LoveLikeFire
8488,The Vacation,8488,False,The Vacation
8489,The Kissaway Trail,8489,False,The Kissaway Trail
8490,The Cheaters,8490,False,The Cheaters
8491,Ty Segall & Mikal Cronin,8491,False,Ty Segall & Mikal Cronin
8492,Fu Manchu,8492,False,Fu Manchu
8493,Sambassadeur,8493,False,Sambassadeur
8494,Quasi,8494,False,Quasi
8495,Marco Borsato,8495,False,Marco Borsato
8496,AoW,8496,False,AoW
8497,Sash!,8497,False,Sash!
8498,Tina Cousins,8498,False,Tina Cousins
8499,Ibens,8499,False,Ibens
8500,Josh Woodward,8500,False,Josh Woodward
8501,Red Warszawa,8501,False,Red Warszawa
8502,Psyched Up Janis,8502,False,Psyched Up Janis
8503,Dúné,8503,False,Dúné
8504,Joshua Radin,8504,False,Joshua Radin
8505,Love Shop,8505,False,Love Shop
8506,Flowers From the Man Who Shot Your Cousin,8506,False,Flowers From the Man Who Shot Your Cousin
8507,Sune Rose Wagner,8507,False,Sune Rose Wagner
8508,Death by Kite,8508,False,Death by Kite
8509,Jahcoozi,8509,False,Jahcoozi
8510,Modeselektor,8510,False,Modeselektor
8511,Voces en el Plasma,8511,False,Voces en el Plasma
8512,Aeon Spoke,8512,False,Aeon Spoke
8513,Fila Brazillia,8513,False,Fila Brazillia
8514,Si*Sé,8514,False,Si*Sé
8515,Last Days of Humanity,8515,False,Last Days of Humanity
8516,Gallhammer,8516,False,Gallhammer
8517,Thorns,8517,False,Thorns
8518,Ossastorium,8518,False,Ossastorium
8519,Poccolus,8519,False,Poccolus
8520,Disiplin,8520,False,Disiplin
8521,Morbid,8521,False,Morbid
8522,Meressin,8522,False,Meressin
8523,Mc Dexnyz,8523,False,Mc Dexnyz
8524,Seagull Overseas,8524,False,Seagull Overseas
8525,Dissimulation,8525,False,Dissimulation
8526,Forgotten Tomb,8526,False,Forgotten Tomb
8527,Haeiresis,8527,False,Haeiresis
8528,Dehydrated Goat,8528,False,Dehydrated Goat
8529,Skepticism,8529,False,Skepticism
8530,Nocturnal Depression,8530,False,Nocturnal Depression
8531,Argharus,8531,False,Argharus
8532,Mutiilation,8532,False,Mutiilation
8533,Shape of Despair,8533,False,Shape of Despair
8534,Surdr,8534,False,Surdr
8535,Raven (pre-Shape Of Despair),8535,False,Raven (pre-Shape Of Despair)
8536,Fallen,8536,False,Fallen
8537,SC,8537,False,SC
8538,žemkentys. CO,8538,False,žemkentys. CO
8539,Budrūs,8539,False,Budrūs
8540,Prakeikimas,8540,False,Prakeikimas
8541,AMBIREP,8541,False,AMBIREP
8542,G&G Sindikatas,8542,False,G&G Sindikatas
8543,Prism,8543,False,Prism
8544,Jan & Dean,8544,False,Jan & Dean
8545,Bill Haley and the Comets,8545,False,Bill Haley and the Comets
8546,The Hollies,8546,False,The Hollies
8547,The Royal Guardsmen,8547,False,The Royal Guardsmen
8548,Paul Revere & the Raiders,8548,False,Paul Revere & the Raiders
8549,Badfinger,8549,False,Badfinger
8550,Lauren Nichols,8550,False,Lauren Nichols
8551,Sha Na Na,8551,False,Sha Na Na
8552,The Partridge Family,8552,False,The Partridge Family
8553,Los Straitjackets,8553,False,Los Straitjackets
8554,The Surfites,8554,False,The Surfites
8555,Pat Benatar,8555,False,Pat Benatar
8556,The Lettermen,8556,False,The Lettermen
8557,Marty Stuart,8557,False,Marty Stuart
8558,The Association,8558,False,The Association
8559,Herman's Hermits,8559,False,Herman's Hermits
8560,Wanda Jackson,8560,False,Wanda Jackson
8561,Van Zant,8561,False,Van Zant
8562,Ralph Rebel,8562,False,Ralph Rebel
8563,Charlie Daniels Band,8563,False,Charlie Daniels Band
8564,Del Shannon,8564,False,Del Shannon
8565,The Grass Roots,8565,False,The Grass Roots
8566,Steve Gaines,8566,False,Steve Gaines
8567,Dick Dale and His Del-Tones,8567,False,Dick Dale and His Del-Tones
8568,1910 Fruitgum Company,8568,False,1910 Fruitgum Company
8569,Kincade,8569,False,Kincade
8570,The Merseybeats,8570,False,The Merseybeats
8571,The Crew Cuts,8571,False,The Crew Cuts
8572,Randy & The Rainbows,8572,False,Randy & The Rainbows
8573,The Archies,8573,False,The Archies
8574,Lobo,8574,False,Lobo
8575,The Swinging Blue Jeans,8575,False,The Swinging Blue Jeans
8576,The Cowsills,8576,False,The Cowsills
8577,De Jeugd van Tegenwoordig,8577,False,De Jeugd van Tegenwoordig
8578,Jasper Erkens,8578,False,Jasper Erkens
8579,Oblique,8579,False,Oblique
8580,Heavens,8580,False,Heavens
8581,The Similou,8581,False,The Similou
8582,Miss Kittin,8582,False,Miss Kittin
8583,Neon Neon,8583,False,Neon Neon
8584,Chicks on Speed,8584,False,Chicks on Speed
8585,Northern Kind,8585,False,Northern Kind
8586,Kleerup,8586,False,Kleerup
8587,Blackbird Blackbird,8587,False,Blackbird Blackbird
8588,Vonda Shepard,8588,False,Vonda Shepard
8589,Frankmusik,8589,False,Frankmusik
8590,Ocean Reid,8590,False,Ocean Reid
8591,Josh Rouse,8591,False,Josh Rouse
8592,Rachael Yamagata,8592,False,Rachael Yamagata
8593,Bob Dylan and The Band,8593,False,Bob Dylan and The Band
8594,Joni Mitchell,8594,False,Joni Mitchell
8595,Joe Purdy,8595,False,Joe Purdy
8596,Neverending White Lights,8596,False,Neverending White Lights
8597,OIH,8597,False,OIH
8598,Kirk Hammett,8598,False,Kirk Hammett
8599,Xentrix,8599,False,Xentrix
8600,Nino Rota,8600,False,Nino Rota
8601,Ryashon,8601,False,Ryashon
8602,Tynisha Keli,8602,False,Tynisha Keli
8603,Nicole Wray,8603,False,Nicole Wray
8604,Richgirl,8604,False,Richgirl
8605,Melanie Fiona,8605,False,Melanie Fiona
8606,Yummy Bingham,8606,False,Yummy Bingham
8607,KOMHATA 101,8607,False,KOMHATA 101
8608,Keny Arkana,8608,False,Keny Arkana
8609,Соль Земли,8609,False,Соль Земли
8610,KRec,8610,False,KRec
8611,Записки Неизвестного,8611,False,Записки Неизвестного
8612,Встреча Рыбы,8612,False,Встреча Рыбы
8613,Телевизор,8613,False,Телевизор
8614,Ryan Harvey,8614,False,Ryan Harvey
8615,ОБЪ'ЛОМКИ,8615,False,ОБЪ'ЛОМКИ
8616,Deviation,8616,False,Deviation
8617,What We Feel,8617,False,What We Feel
8618,Типси Тип,8618,False,Типси Тип
8619,True Star,8619,False,True Star
8620,Invisible Border,8620,False,Invisible Border
8621,Young Heretics,8621,False,Young Heretics
8622,Nekby & Інквізиція,8622,False,Nekby & Інквізиція
8623,naj one,8623,False,naj one
8624,Триада,8624,False,Триада
8625,макулатура,8625,False,макулатура
8626,Алина Сиппс,8626,False,Алина Сиппс
8627,Дядя Женя,8627,False,Дядя Женя
8628,Проверочная Линейка,8628,False,Проверочная Линейка
8629,Владимир Высоцкий,8629,False,Владимир Высоцкий
8630,"Витек, Акустик, Джордан Саддам",8630,False,"Витек, Акустик, Джордан Саддам"
8631,Розовые очки от ferre,16196,True,Розовые Очки От Ferre
8632,11.43,8632,False,11.43
8633,Dianogah,8633,False,Dianogah
8634,Moscow Death Brigade,8634,False,Moscow Death Brigade
8635,Klowns,8635,False,Klowns
8636,Диета!,8636,False,Диета!
8637,Паук (http:/www.XXLife.ru),8637,False,Паук (http:/www.XXLife.ru)
8638,ClockworkPanda,8638,False,ClockworkPanda
8639,Больше Серого,8639,False,Больше Серого
8640,Blok B,8640,False,Blok B
8641,Vanich,8641,False,Vanich
8642,Grammatics,8642,False,Grammatics
8643,Alexis Blue,8643,False,Alexis Blue
8644,Juno (Music from the Motion Picture),8644,False,Juno (Music from the Motion Picture)
8645,Hydria,8645,False,Hydria
8646,Elis,8646,False,Elis
8647,Ari Koivunen,8647,False,Ari Koivunen
8648,Lyriel,8648,False,Lyriel
8649,Kimya Dawson,8649,False,Kimya Dawson
8650,Trevor Morris,8650,False,Trevor Morris
8651,T-ara,8651,False,T-ara
8652,Im Tae Kyung,8652,False,Im Tae Kyung
8653,Davichi,8653,False,Davichi
8654,Kelly Sweet,8654,False,Kelly Sweet
8655,Sick Animation,8655,False,Sick Animation
8656,Mansun,8656,False,Mansun
8657,Buck 65,8657,False,Buck 65
8658,The Pineapple Thief,8658,False,The Pineapple Thief
8659,The Cooper Temple Clause,8659,False,The Cooper Temple Clause
8660,Anekdoten,8660,False,Anekdoten
8661,Khoma,8661,False,Khoma
8662,Killers,8662,False,Killers
8663,Levellers,8663,False,Levellers
8664,Icon & the Black Roses,8664,False,Icon & the Black Roses
8665,All About Eve,8665,False,All About Eve
8666,Gothacoustic Ensemble,8666,False,Gothacoustic Ensemble
8667,all:my:faults,8667,False,all:my:faults
8668,The Mission,8668,False,The Mission
8669,Dark One,8669,False,Dark One
8670,譚盾,8670,False,譚盾
8671,Propellerheads,8671,False,Propellerheads
8672,Ride,8672,False,Ride
8673,The Feelies,8673,False,The Feelies
8674,The Naked and Famous,8674,False,The Naked and Famous
8675,Van She,8675,False,Van She
8676,Au Revoir Simone,8676,False,Au Revoir Simone
8677,Wilderness,8677,False,Wilderness
8678,Neon Indian,8678,False,Neon Indian
8679,Mañana,8679,False,Mañana
8680,Chapterhouse,8680,False,Chapterhouse
8681,Close Your Eyes,8681,False,Close Your Eyes
8682,This Romantic Tragedy,8682,False,This Romantic Tragedy
8684,Broadway,8684,False,Broadway
8689,Karunesh,8689,False,Karunesh
8690,Aghora,8690,False,Aghora
8691,Agatha,8691,False,Agatha
8692,Anomaly,8692,False,Anomaly
8693,Lörihen,8693,False,Lörihen
8694,Rita Indiana y Los Misterios,8694,False,Rita Indiana y Los Misterios
8695,Gordian Knot,8695,False,Gordian Knot
8696,Pestilence,8696,False,Pestilence
8697,La Ley,8697,False,La Ley
8698,Ricardo Montaner,8698,False,Ricardo Montaner
8699,Vas,8699,False,Vas
8700,Cinnamon Chasers,8700,False,Cinnamon Chasers
8701,jj,8701,False,jj
8702,How to Dress Well,8702,False,How to Dress Well
8703,Cold Cave,8703,False,Cold Cave
8704,Teengirl Fantasy,8704,False,Teengirl Fantasy
8705,No Age,8705,False,No Age
8706,Twin Shadow,8706,False,Twin Shadow
8707,Ludov,8707,False,Ludov
8708,Autoramas,8708,False,Autoramas
8709,Ednardo,8709,False,Ednardo
8710,Moptop,8710,False,Moptop
8711,Martha Wainwright,8711,False,Martha Wainwright
8712,Arnaldo Antunes,8712,False,Arnaldo Antunes
8713,Rock Rocket,8713,False,Rock Rocket
8714,Belchior,8714,False,Belchior
8715,Milla Jovovich,8715,False,Milla Jovovich
8716,Glen Hansard & Markéta Irglová,8716,False,Glen Hansard & Markéta Irglová
8718,Måns Zelmerlöw,8718,False,Måns Zelmerlöw
8721,Shane Mack,8721,False,Shane Mack
8722,Everlast,8722,False,Everlast
8724,Nívea Soares,8724,False,Nívea Soares
8725,Quatro Por Um,8725,False,Quatro Por Um
8726,Pleymo,8726,False,Pleymo
8727,Leeland,8727,False,Leeland
8728,Oficina G3,8728,False,Oficina G3
8729,Fiction Family,8729,False,Fiction Family
8730,Times of Grace,8730,False,Times of Grace
8731,Take It Back!,8731,False,Take It Back!
8732,Fernandinho,8732,False,Fernandinho
8733,Nengo Vieira,8733,False,Nengo Vieira
8734,Daniel Alencar,8734,False,Daniel Alencar
8735,Head,8735,False,Head
8736,桜庭統,8736,False,桜庭統
8737,He Is We,8737,False,He Is We
8738,Darius Rucker,8738,False,Darius Rucker
8739,岩垂徳行,8739,False,岩垂徳行
8740,木村明美,8740,False,木村明美
8741,South Park,8741,False,South Park
8742,Gwyneth Paltrow,8742,False,Gwyneth Paltrow
8743,REO Speedwagon,8743,False,REO Speedwagon
8744,Sugimori Masakazu,8744,False,Sugimori Masakazu
8745,Mafalda Veiga,8745,False,Mafalda Veiga
8746,Tim McGraw and Gwyneth Paltrow,8746,False,Tim McGraw and Gwyneth Paltrow
8747,Massacre,8747,False,Massacre
8748,Serú Girán,8748,False,Serú Girán
8749,On a Friday,8749,False,On a Friday
8750,Philip Selway,8750,False,Philip Selway
8751,Justin Vernon,8751,False,Justin Vernon
8752,Frakkur,8752,False,Frakkur
8753,Nick Mason,8753,False,Nick Mason
8754,André Previn,8754,False,André Previn
8755,Evan Rachel Wood,8755,False,Evan Rachel Wood
8756,Mercedes Sosa,8756,False,Mercedes Sosa
8757,John Lennon & Yoko Ono,8757,False,John Lennon & Yoko Ono
8758,Garou,8758,False,Garou
8759,Varius Manx,8759,False,Varius Manx
8760,Patrizio Buanne,8760,False,Patrizio Buanne
8761,Patrycja Markowska,8761,False,Patrycja Markowska
8762,Feel,8762,False,Feel
8763,Tina Arena,8763,False,Tina Arena
8764,Bajm,8764,False,Bajm
8765,Justyna Steczkowska,8765,False,Justyna Steczkowska
8766,Patrick Fiori,8766,False,Patrick Fiori
8767,Michał Lorenc,8767,False,Michał Lorenc
8768,Kasia Cerekwicka,8768,False,Kasia Cerekwicka
8769,Pete Vyler,8769,False,Pete Vyler
8770,Sourire Kabyle,8770,False,Sourire Kabyle
8771,Shaka Ponk,8771,False,Shaka Ponk
8772,Rockabye Baby!,8772,False,Rockabye Baby!
8773,Les Wampas,8773,False,Les Wampas
8774,Nashville Pussy,8774,False,Nashville Pussy
8775,The BellRays,8775,False,The BellRays
8776,Hellsongs,8776,False,Hellsongs
8777,DJ Ph0X,8777,False,DJ Ph0X
8778,C418,8778,False,C418
8779,DJ Dean,8779,False,DJ Dean
8780,DJ Markski,8780,False,DJ Markski
8781,BT,8781,False,BT
8782,Bassnectar,8782,False,Bassnectar
8783,MC Mario,8783,False,MC Mario
8784,Morgan Page,8784,False,Morgan Page
8785,INPHINITY,8785,False,INPHINITY
8786,Kelly Bailey,8786,False,Kelly Bailey
8787,Babak,8787,False,Babak
8788,Dover,8788,False,Dover
8789,Darude,8789,False,Darude
8790,Junkie XL,8790,False,Junkie XL
8791,Dead Celebrity Status,8791,False,Dead Celebrity Status
8792,freshcut,8792,False,freshcut
8793,Los Abuelos de la Nada,8793,False,Los Abuelos de la Nada
8794,Nazareth,8794,False,Nazareth
8795,Foghat,8795,False,Foghat
8796,Juha Tapio,8796,False,Juha Tapio
8797,Pete Parkkonen,8797,False,Pete Parkkonen
8798,Popeda,8798,False,Popeda
8799,Scars on 45,8799,False,Scars on 45
8800,Johnny Flynn,8800,False,Johnny Flynn
8801,Todd Hunter Band,8801,False,Todd Hunter Band
8802,Kitaro,8802,False,Kitaro
8803,The Platters,8803,False,The Platters
8804,Miguel Aceves Mejía,8804,False,Miguel Aceves Mejía
8805,Luther Allison,8805,False,Luther Allison
8806,The Drifters,8806,False,The Drifters
8807,Brenda Lee,8807,False,Brenda Lee
8808,B.B. King & Eric Clapton,8808,False,B.B. King & Eric Clapton
8809,Rita Pavone,8809,False,Rita Pavone
8810,The Royal Philharmonic Orchestra,8810,False,The Royal Philharmonic Orchestra
8811,Pat Boone,8811,False,Pat Boone
8812,Fats Domino,8812,False,Fats Domino
8813,"Clarence ""Gatemouth"" Brown",8813,False,"Clarence ""Gatemouth"" Brown"
8814,Mike Dowling,8814,False,Mike Dowling
8815,Willie Dixon,8815,False,Willie Dixon
8816,Toto Cutugno,8816,False,Toto Cutugno
8817,Big Mama Thornton / Muddy Waters Blues Band,8817,False,Big Mama Thornton / Muddy Waters Blues Band
8818,Harry Belafonte,8818,False,Harry Belafonte
8819,Alberto Lizzio/Baroque Festival Orchestra,8819,False,Alberto Lizzio/Baroque Festival Orchestra
8820,Commodores,8820,False,Commodores
8821,Charlie Musselwhite,8821,False,Charlie Musselwhite
8822,Gigliola Cinquetti,8822,False,Gigliola Cinquetti
8823,Al Bano & Romina Power,8823,False,Al Bano & Romina Power
8824,Carlos Gardel,8824,False,Carlos Gardel
8825,Julio Sosa,8825,False,Julio Sosa
8826,The Chamber Strings,8826,False,The Chamber Strings
8827,Dorian,8827,False,Dorian
8828,Georges Delerue,8828,False,Georges Delerue
8829,梅林茂,8829,False,梅林茂
8830,The Coral,8830,False,The Coral
8831,The House of Love,8831,False,The House of Love
8832,Beach Fossils,8832,False,Beach Fossils
8833,Javier Barría,8833,False,Javier Barría
8834,Love of Lesbian,8834,False,Love of Lesbian
8835,La Sonrisa de Julia,8835,False,La Sonrisa de Julia
8836,Rökkurró,8836,False,Rökkurró
8837,Charlie Parker,8837,False,Charlie Parker
8838,Sigur Rós & Steindór Andersen,8838,False,Sigur Rós & Steindór Andersen
8839,Los Tres,8839,False,Los Tres
8840,Cajun Dance Party,8840,False,Cajun Dance Party
8841,Sigur Rós / Hilmar Örn Hilmarsson,8841,False,Sigur Rós / Hilmar Örn Hilmarsson
8842,Siavash,8842,False,Siavash
8843,Glenn Gould,8843,False,Glenn Gould
8844,Charlotte Church,8844,False,Charlotte Church
8845,Sara Gazarek,8845,False,Sara Gazarek
8846,George Papavgeris,8846,False,George Papavgeris
8847,Chiara Civello,8847,False,Chiara Civello
8848,Hayley Westenra,8848,False,Hayley Westenra
8849,Laura Fygi,8849,False,Laura Fygi
8850,Amici Forever,8850,False,Amici Forever
8851,Arturo Benedetti Michelangeli,8851,False,Arturo Benedetti Michelangeli
8852,Vladimir Horowitz,8852,False,Vladimir Horowitz
8853,Secret Garden,8853,False,Secret Garden
8854,Lesiëm,8854,False,Lesiëm
8855,Patrizia Laquidara & Hotel Rif,8855,False,Patrizia Laquidara & Hotel Rif
8856,Tierney Sutton,8856,False,Tierney Sutton
8857,Silje Nergaard,8857,False,Silje Nergaard
8858,Filippa Giordano,8858,False,Filippa Giordano
8859,Sviatoslav Richter,8859,False,Sviatoslav Richter
8860,Lesley Garrett,8860,False,Lesley Garrett
8861,Nnenna Freelon,8861,False,Nnenna Freelon
8862,Lucio Dalla,8862,False,Lucio Dalla
8863,Cast of Camp Rock 2,8863,False,Cast of Camp Rock 2
8864,Club 8,8864,False,Club 8
8865,The Innocence Mission,8865,False,The Innocence Mission
8866,Red House Painters,8866,False,Red House Painters
8867,Blueboy,8867,False,Blueboy
8868,I Am Robot and Proud,8868,False,I Am Robot and Proud
8869,Speedmarket Avenue,8869,False,Speedmarket Avenue
8870,Loss of a Child,8870,False,Loss of a Child
8871,The Postmarks,8871,False,The Postmarks
8873,Matchbook Romance,8873,False,Matchbook Romance
8876,Last Winter,8876,False,Last Winter
8878,Moulin Rouge,8878,False,Moulin Rouge
8881,Solution .45,8881,False,Solution .45
8882,Solerrain,8882,False,Solerrain
8883,Pezet,8883,False,Pezet
8884,Madina Lake,8884,False,Madina Lake
8885,Pezet-Noon,8885,False,Pezet-Noon
8886,Buka,8886,False,Buka
8887,Marika,8887,False,Marika
8888,MBrother,8888,False,MBrother
8889,Double Nation,8889,False,Double Nation
8890,Alchemist Project,8890,False,Alchemist Project
8891,BRITNEY & MADONNA,8891,False,BRITNEY & MADONNA
8892,DJ Magic,8892,False,DJ Magic
8893,Beattraax,8893,False,Beattraax
8894,Discotronic,8894,False,Discotronic
8895,John Marks,8895,False,John Marks
8896,C-Bool,8896,False,C-Bool
8897,Activ,8897,False,Activ
8898,DJ Remo,8898,False,DJ Remo
8899,Alex C. feat. Yass,8899,False,Alex C. feat. Yass
8900,East West Rockerz,8900,False,East West Rockerz
8901,Jeckyll & Hyde,8901,False,Jeckyll & Hyde
8902,美少女戦士セーラームーンシリーズ,8902,False,美少女戦士セーラームーンシリーズ
8903,Pretty Soldier Sailormoon Series,8903,False,Pretty Soldier Sailormoon Series
8904,Dog Fashion Disco,8904,False,Dog Fashion Disco
8905,Ventana,8905,False,Ventana
8906,Polkadot Cadaver,8906,False,Polkadot Cadaver
8907,Motograter,8907,False,Motograter
8908,wc olo garb,8908,False,wc olo garb
8909,Pitch Black Forecast,8909,False,Pitch Black Forecast
8910,Electric Six,8910,False,Electric Six
8911,The Alter Boys,8911,False,The Alter Boys
8912,Crossbreed,8912,False,Crossbreed
8913,El-Creepo!,8913,False,El-Creepo!
8914,Jeffrey Nothing,8914,False,Jeffrey Nothing
8915,How to Destroy Angels,8915,False,How to Destroy Angels
8916,Jonathan Davis,8916,False,Jonathan Davis
8917,Authority To Proceed,8917,False,Authority To Proceed
8918,Demagolka,8918,False,Demagolka
8919,Trent Reznor,8919,False,Trent Reznor
8920,Moanaa,8920,False,Moanaa
8921,Youth of Today,8921,False,Youth of Today
8925,The Wonder Years,8925,False,The Wonder Years
8927,Paint It Black,8927,False,Paint It Black
8929,Del tha Funkee Homosapien,8929,False,Del tha Funkee Homosapien
8930,Earth Crisis,8930,False,Earth Crisis
8931,Cruel Hand,8931,False,Cruel Hand
8932,The Mongoloids,8932,False,The Mongoloids
8933,Lemuria,8933,False,Lemuria
8934,Screeching Weasel,8934,False,Screeching Weasel
8936,Sam & Dave,8936,False,Sam & Dave
8937,Carry On,8937,False,Carry On
8945,Minor Threat,8945,False,Minor Threat
8947,Death Before Dishonor,8947,False,Death Before Dishonor
8948,Kids Like Us,8948,False,Kids Like Us
8951,Ceremony,8951,False,Ceremony
8953,ShamRain,8953,False,ShamRain
8954,Estatic Fear,8954,False,Estatic Fear
8955,Hossein Panahi,8955,False,Hossein Panahi
8956,Googoosh,8956,False,Googoosh
8957,AaRON,8957,False,AaRON
8958,127 Band,8958,False,127 Band
8959,Aida Shamlou,8959,False,Aida Shamlou
8960,Eisblume,8960,False,Eisblume
8961,Nasser Cheshmazar,8961,False,Nasser Cheshmazar
8962,Javier Navarrete,8962,False,Javier Navarrete
8963,Mano Solo,8963,False,Mano Solo
8964,O-HUM,8964,False,O-HUM
8965,Zooey Deschanel,8965,False,Zooey Deschanel
8966,Nina,8966,False,Nina
8967,Rebbecca,8967,False,Rebbecca
8968,Rebecca,8968,False,Rebecca
8969,Nas featuring Will.I.Am,8969,False,Nas featuring Will.I.Am
8970,Timbaland featuring Justin Timberlake,8970,False,Timbaland featuring Justin Timberlake
8971,Elisa Hale,8971,False,Elisa Hale
8972,The Flawboreds,8972,False,The Flawboreds
8973,"Snoop Dogg, Charlie Wilson & Justin Timberlake",8973,False,"Snoop Dogg, Charlie Wilson & Justin Timberlake"
8974,Harbor feast,8974,False,Harbor feast
8975,Bobby Womack,8975,False,Bobby Womack
8976,Melissa Manchester,8976,False,Melissa Manchester
8977,Raul Midón,8977,False,Raul Midón
8978,Nicole Takahashi,8978,False,Nicole Takahashi
8979,Rufus,8979,False,Rufus
8980,Christina Mason,8980,False,Christina Mason
8981,Marcy Marxer,8981,False,Marcy Marxer
8982,Timbaland Featuring Justin Timberlake & Nelly Furtado,8982,False,Timbaland Featuring Justin Timberlake & Nelly Furtado
8983,Randy Crawford,8983,False,Randy Crawford
8984,Brothers Johnson,8984,False,Brothers Johnson
8985,Nat King Cole & Natalie Cole,8985,False,Nat King Cole & Natalie Cole
8986,The King of France,8986,False,The King of France
8987,The Polynesians,8987,False,The Polynesians
8988,Prince & The Revolution,8988,False,Prince & The Revolution
8989,Prince and the New Power Generation,8989,False,Prince and the New Power Generation
8990,Jayne Mansfield,8990,False,Jayne Mansfield
8991,Boyz II Men,8991,False,Boyz II Men
8992,Bobby Brown,8992,False,Bobby Brown
8993,Cameo,8993,False,Cameo
8994,Loverboy,8994,False,Loverboy
8995,Andy Taylor,8995,False,Andy Taylor
8996,Wa Wa Nee,8996,False,Wa Wa Nee
8997,Jill Jones,8997,False,Jill Jones
8998,Kool & The Gang,8998,False,Kool & The Gang
8999,аутside,8999,False,аутside
9000,Beat Hackers,9000,False,Beat Hackers
9001,ZeRo-BaSs,9001,False,ZeRo-BaSs
9002,Meg,9002,False,Meg
9003,W.K.?,9003,False,W.K.?
9004,AphelionX,9004,False,AphelionX
9005,Дети Олимпиады,9005,False,Дети Олимпиады
9006,Yogo!Yogo!,9006,False,Yogo!Yogo!
9007,Anoraak,9007,False,Anoraak
9008,Breakbot,9008,False,Breakbot
9009,Ou Est Le Swimming Pool,9009,False,Ou Est Le Swimming Pool
9010,Grum,9010,False,Grum
9011,Filthy Dukes,9011,False,Filthy Dukes
9012,Music Go Music,9012,False,Music Go Music
9013,鷺巣詩郎,9013,False,鷺巣詩郎
9014,Manca Špik,9014,False,Manca Špik
9015,Preslava,9015,False,Preslava
9016,Halina Frąckowiak,9016,False,Halina Frąckowiak
9017,Irena Jarocka,9017,False,Irena Jarocka
9018,Five Colors,9018,False,Five Colors
9019,Borys,9019,False,Borys
9020,Halina Benedyk,9020,False,Halina Benedyk
9021,Hera Björk,9021,False,Hera Björk
9022,Code Red,9022,False,Code Red
9023,Helena Vondráčková,9023,False,Helena Vondráčková
9024,Sofia Rotaru,9024,False,Sofia Rotaru
9025,Urszula Sipińska,9025,False,Urszula Sipińska
9026,Candy Girl,9026,False,Candy Girl
9027,Paulla,9027,False,Paulla
9028,Army of Lovers,9028,False,Army of Lovers
9029,DQ,9029,False,DQ
9030,Mad'House,9030,False,Mad'House
9031,Urban Symphony,9031,False,Urban Symphony
9032,France Gall,9032,False,France Gall
9033,Man Meadow,9033,False,Man Meadow
9034,Bimbo Boy,9034,False,Bimbo Boy
9035,Krystyna Giżowska,9035,False,Krystyna Giżowska
9036,Magda Femme & Iwona Węgrowska,9036,False,Magda Femme & Iwona Węgrowska
9037,Baccara,9037,False,Baccara
9038,Krzysztof Krawczyk,9038,False,Krzysztof Krawczyk
9039,Kristína,9039,False,Kristína
9040,Maryla Rodowicz,9040,False,Maryla Rodowicz
9041,L'Ham de Foc,9041,False,L'Ham de Foc
9042,Ünol Büyükgönenç,9042,False,Ünol Büyükgönenç
9043,Irfan,9043,False,Irfan
9044,Mara Aranda & Solatge,9044,False,Mara Aranda & Solatge
9045,Bandista,9045,False,Bandista
9046,Visa,9046,False,Visa
9047,CIRЯUS,9047,False,CIRЯUS
9048,Lhasa de Sela,9048,False,Lhasa de Sela
9049,Trio Soulaÿrès,9049,False,Trio Soulaÿrès
9050,Sema,9050,False,Sema
9051,Düşbaz,9051,False,Düşbaz
9052,Cantodiscanto,9052,False,Cantodiscanto
9053,Houria Aïchi & L'Hijâz'Car,9053,False,Houria Aïchi & L'Hijâz'Car
9054,Fikret Kızılok,9054,False,Fikret Kızılok
9055,maliétès,9055,False,maliétès
9056,Aziza Mustafa Zadeh,9056,False,Aziza Mustafa Zadeh
9057,MELIKE,9057,False,MELIKE
9058,Round Mountain,9058,False,Round Mountain
9059,Esra Dalfidan,9059,False,Esra Dalfidan
9060,Akli D,9060,False,Akli D
9061,Tanju Duru,9061,False,Tanju Duru
9062,Oneira,9062,False,Oneira
9063,Almora,9063,False,Almora
9064,Mor Karbasi,9064,False,Mor Karbasi
9065,Anita Livstrand,9065,False,Anita Livstrand
9066,Hava Narghile,9066,False,Hava Narghile
9067,Alamut,9067,False,Alamut
9068,Vlada Tomova,9068,False,Vlada Tomova
9069,Nawel & Lilabox,9069,False,Nawel & Lilabox
9070,Cécile Corbel,9070,False,Cécile Corbel
9071,Heval,9071,False,Heval
9072,Los Desterrados,9072,False,Los Desterrados
9073,Shezar,9073,False,Shezar
9074,Aljub + Krama,9074,False,Aljub + Krama
9075,Eleni Karaindrou,9075,False,Eleni Karaindrou
9076,Yavuz Çetin,9076,False,Yavuz Çetin
9077,Ojos de Brujo,9077,False,Ojos de Brujo
9078,Adissabeba,9078,False,Adissabeba
9079,Bethany Joy Lenz,9079,False,Bethany Joy Lenz
9080,Dr. Horrible Cast,9080,False,Dr. Horrible Cast
9081,Umbrellas,9081,False,Umbrellas
9082,Thriving Ivory,9082,False,Thriving Ivory
9083,Jackson Waters,9083,False,Jackson Waters
9084,Tyler Hilton,9084,False,Tyler Hilton
9085,Radford,9085,False,Radford
9086,NEEDTOBREATHE,9086,False,NEEDTOBREATHE
9087,島みやえい子,9087,False,島みやえい子
9088,Cocco,9088,False,Cocco
9089,川田まみ,9089,False,川田まみ
9090,スピッツ,9090,False,スピッツ
9091,Lia,9091,False,Lia
9092,平原綾香,9092,False,平原綾香
9093,奥井雅美,9093,False,奥井雅美
9094,下川みくに,9094,False,下川みくに
9095,angela,9095,False,angela
9096,樹海,9096,False,樹海
9097,박정현,9097,False,박정현
9098,day after tomorrow,9098,False,day after tomorrow
9099,米倉千尋,9099,False,米倉千尋
9100,FictionJunction YUUKA,9100,False,FictionJunction YUUKA
9101,夏川りみ,9101,False,夏川りみ
9102,Suara,9102,False,Suara
9103,BeForU,9103,False,BeForU
9104,GARNET CROW,9104,False,GARNET CROW
9105,Every Little Thing,9105,False,Every Little Thing
9106,HΛL,9106,False,HΛL
9107,佐藤ひろ美,9107,False,佐藤ひろ美
9108,Sowelu,9108,False,Sowelu
9109,石川智晶,9109,False,石川智晶
9110,彩音,9110,False,彩音
9111,工藤静香,9111,False,工藤静香
9112,スガシカオ,9112,False,スガシカオ
9113,有里知花,9113,False,有里知花
9114,彩菜,9114,False,彩菜
9115,栗林みな実,9115,False,栗林みな実
9116,絢香,9116,False,絢香
9117,Themselves,9117,False,Themselves
9118,Eyedea & Abilities,9118,False,Eyedea & Abilities
9119,Swami Niranjanananda Saraswati,9119,False,Swami Niranjanananda Saraswati
9120,Iron Lung,9120,False,Iron Lung
9121,Corn on Macabre,9121,False,Corn on Macabre
9122,Insect Warfare,9122,False,Insect Warfare
9123,Agents Of Abhorrence,9123,False,Agents Of Abhorrence
9124,Sole,9124,False,Sole
9125,Cage,9125,False,Cage
9126,Eyedea,9126,False,Eyedea
9127,art doom,9127,False,art doom
9128,Magrudergrind,9128,False,Magrudergrind
9129,Cannabis Corpse,9129,False,Cannabis Corpse
9130,The Art of Fact,9130,False,The Art of Fact
9131,Boom Bip & Doseone,9131,False,Boom Bip & Doseone
9132,Elefant,9132,False,Elefant
9133,Catupecu Machu,9133,False,Catupecu Machu
9134,Tanghetto,9134,False,Tanghetto
9135,Bad Lieutenant,9135,False,Bad Lieutenant
9136,Varios(Bajofondo),9136,False,Varios(Bajofondo)
9137,Odd Nordstoga,9137,False,Odd Nordstoga
9138,Beats Antique,9138,False,Beats Antique
9139,Roy Harper,9139,False,Roy Harper
9140,The Upper Egypt Ensemble,9140,False,The Upper Egypt Ensemble
9141,Android Lust,9141,False,Android Lust
9142,Solace,9142,False,Solace
9143,Arcangelo Corelli,9143,False,Arcangelo Corelli
9144,Switchblade Symphony,9144,False,Switchblade Symphony
9145,Raquy and the Cavemen,9145,False,Raquy and the Cavemen
9146,Steve Roach,9146,False,Steve Roach
9147,And Also the Trees,9147,False,And Also the Trees
9148,Hildegard von Bingen,9148,False,Hildegard von Bingen
9149,Guillaume de Machaut,9149,False,Guillaume de Machaut
9150,Knossos,9150,False,Knossos
9151,The Vanishing,9151,False,The Vanishing
9152,David Helpling & Jon Jenkins,9152,False,David Helpling & Jon Jenkins
9153,Victor & Léo,9153,False,Victor & Léo
9154,Rafael Wanyer,9154,False,Rafael Wanyer
9155,Diego Boneta,9155,False,Diego Boneta
9156,Libra,9156,False,Libra
9157,Nicole Natalino,9157,False,Nicole Natalino
9158,Sum,9158,False,Sum
9159,Kishe,9159,False,Kishe
9160,Mark Ronson,9160,False,Mark Ronson
9161,Ewelina Flinta,9161,False,Ewelina Flinta
9162,Kenna,9162,False,Kenna
9163,Fox,9163,False,Fox
9164,Ao Cubo,9164,False,Ao Cubo
9165,Sam Tsui & Christina Grimmie,9165,False,Sam Tsui & Christina Grimmie
9166,Marcos e Belutti,9166,False,Marcos e Belutti
9167,Leandro Lopes,9167,False,Leandro Lopes
9168,Sampa Crew,9168,False,Sampa Crew
9169,Sam Tsui,9169,False,Sam Tsui
9170,Só Pra Contrariar,9170,False,Só Pra Contrariar
9171,Mc Martinho,9171,False,Mc Martinho
9172,Bonde da Stronda & Diwali,9172,False,Bonde da Stronda & Diwali
9173,Bonde da Stronda & Mr.Catra,9173,False,Bonde da Stronda & Mr.Catra
9174,Dbs E A Quadrilha,9174,False,Dbs E A Quadrilha
9175,Salaam-E-Ishq,9175,False,Salaam-E-Ishq
9176,Justin Bieber  ft Rascal Flatts,9176,False,Justin Bieber  ft Rascal Flatts
9177,ProJota,9177,False,ProJota
9178,Super Junior M,9178,False,Super Junior M
9179,CD Sertanejo 2010 - NusinhoCDS,9179,False,CD Sertanejo 2010 - NusinhoCDS
9180,Bonde da Stronda e DH (CINE),9180,False,Bonde da Stronda e DH (CINE)
9181,Living Language,9181,False,Living Language
9182,Fiel a la Vega,9182,False,Fiel a la Vega
9183,El Canto del Loco,9183,False,El Canto del Loco
9184,Arautos do Rei,9184,False,Arautos do Rei
9185,Resgate,9185,False,Resgate
9186,Novo Tom,9186,False,Novo Tom
9187,Hillsong United,9187,False,Hillsong United
9188,Carlinhos Félix,9188,False,Carlinhos Félix
9189,Raiz Coral,9189,False,Raiz Coral
9190,Dave Koz,9190,False,Dave Koz
9191,Coral Resgate,9191,False,Coral Resgate
9192,Salzburg Chamber Soloists,9192,False,Salzburg Chamber Soloists
9193,Vertical Horizon,9193,False,Vertical Horizon
9194,Kirk Whalum,9194,False,Kirk Whalum
9195,Ludmila Ferber,9195,False,Ludmila Ferber
9196,DJ Antoine,9196,False,DJ Antoine
9197,Kleber Lucas,9197,False,Kleber Lucas
9198,레인보우,9198,False,레인보우
9199,나르샤,9199,False,나르샤
9200,남녀공학,9200,False,남녀공학
9201,Dark Prince,9201,False,Dark Prince
9202,Glass Vaults,9202,False,Glass Vaults
9203,ETERNITY ∞,9203,False,ETERNITY ∞
9204,Fischer-Z,9204,False,Fischer-Z
9205,Simon Beckett,9205,False,Simon Beckett
9206,Frank Black,9206,False,Frank Black
9207,Haemorrhage,9207,False,Haemorrhage
9208,Cripple Bastards,9208,False,Cripple Bastards
9209,Von,9209,False,Von
9210,Archgoat,9210,False,Archgoat
9211,Ahumado Granujo,9211,False,Ahumado Granujo
9212,Autopsy,9212,False,Autopsy
9213,Terrorizer,9213,False,Terrorizer
9214,Impaled,9214,False,Impaled
9215,Repulsion,9215,False,Repulsion
9216,Folkearth,9216,False,Folkearth
9217,Dragonball & Dragonball Z,9217,False,Dragonball & Dragonball Z
9218,Anal Vomit,9218,False,Anal Vomit
9219,Kroda,9219,False,Kroda
9220,Lividity,9220,False,Lividity
9221,Nunslaughter,9221,False,Nunslaughter
9222,Windir,9222,False,Windir
9223,Birdflesh,9223,False,Birdflesh
9224,Mutilator,9224,False,Mutilator
9225,Anal Blast,9225,False,Anal Blast
9226,Horna,9226,False,Horna
9227,Absurd,9227,False,Absurd
9228,Zé Ramalho,9228,False,Zé Ramalho
9229,Ventania,9229,False,Ventania
9230,Gram,9230,False,Gram
9231,Soccx,9231,False,Soccx
9232,beFour,9232,False,beFour
9233,Die Happy,9233,False,Die Happy
9234,Lasgo,9234,False,Lasgo
9235,Lady Dana,9235,False,Lady Dana
9236,Manos de Topo,9236,False,Manos de Topo
9237,Sr. Chinarro,9237,False,Sr. Chinarro
9238,Rabones,9238,False,Rabones
9239,Naughty Zombies,9239,False,Naughty Zombies
9240,Putilatex,9240,False,Putilatex
9241,ディル アン グレイ,9241,False,ディル アン グレイ
9242,Kittie,9242,False,Kittie
9243,Gufi,9243,False,Gufi
9244,Txus Di Fellatio,9244,False,Txus Di Fellatio
9245,Stina Nordenstam,9245,False,Stina Nordenstam
9246,Mono Mono,9246,False,Mono Mono
9247,A Palo Seko,9247,False,A Palo Seko
9248,Tronic,9248,False,Tronic
9249,Manu Gavassi,9249,False,Manu Gavassi
9250,Lee DeWyze,9250,False,Lee DeWyze
9251,Cee Farrow,9251,False,Cee Farrow
9252,Zaine Griff,9252,False,Zaine Griff
9253,Classix Nouveaux,9253,False,Classix Nouveaux
9254,Tik and Tok,9254,False,Tik and Tok
9255,Wang Chung,9255,False,Wang Chung
9256,Asylum Party,9256,False,Asylum Party
9257,Ceca,9257,False,Ceca
9258,Nataša Bekvalac,9258,False,Nataša Bekvalac
9259,Ana Nikolić,9259,False,Ana Nikolić
9260,Kylesa,9260,False,Kylesa
9261,Institute,9261,False,Institute
9262,Gavin Rossdale,9262,False,Gavin Rossdale
9263,ASP,9263,False,ASP
9264,Ray Wilson,9264,False,Ray Wilson
9265,Lesbian Bed Death,9265,False,Lesbian Bed Death
9266,Tigertailz,9266,False,Tigertailz
9267,Parálisis Permanente,9267,False,Parálisis Permanente
9268,Décima Víctima,9268,False,Décima Víctima
9269,H. Zombie,9269,False,H. Zombie
9270,EROTIC SEXY MUSIC,9270,False,EROTIC SEXY MUSIC
9271,Franz Schubert,9271,False,Franz Schubert
9272,Steve Stevens,9272,False,Steve Stevens
9273,The Jim Jones Revue,9273,False,The Jim Jones Revue
9274,Jason Becker,9274,False,Jason Becker
9275,Play Dead,9275,False,Play Dead
9276,Stiv Bators,9276,False,Stiv Bators
9277,Across The Universe Soundtrack,9277,False,Across The Universe Soundtrack
9278,Paulino Chacon,9278,False,Paulino Chacon
9279,33Miles,9279,False,33Miles
9280,"De Oliveira, Daniel",9280,False,"De Oliveira, Daniel"
9281,Beyoncé e Lady Gaga,9281,False,Beyoncé e Lady Gaga
9282,David Quinlan,9282,False,David Quinlan
9283,Igreja Batista da Lagoinha,9283,False,Igreja Batista da Lagoinha
9284,Adrian Lux,9284,False,Adrian Lux
9285,Jamie Woon,9285,False,Jamie Woon
9286,The Tornados,9286,False,The Tornados
9287,Ricky Nelson,9287,False,Ricky Nelson
9288,Bucks Fizz,9288,False,Bucks Fizz
9289,Wendy Carlos,9289,False,Wendy Carlos
9290,Glenda Collins,9290,False,Glenda Collins
9291,The Brady Bunch,9291,False,The Brady Bunch
9292,Silver Convention,9292,False,Silver Convention
9293,The Pete Best Band,9293,False,The Pete Best Band
9294,Goto80,9294,False,Goto80
9295,Billy Murray,9295,False,Billy Murray
9296,The Buggles,9296,False,The Buggles
9297,Herb Alpert and The Tijuana Brass,9297,False,Herb Alpert and The Tijuana Brass
9298,The Pete Best Combo,9298,False,The Pete Best Combo
9299,Lesley Gore,9299,False,Lesley Gore
9300,The Fourmost,9300,False,The Fourmost
9301,Dinah Shore,9301,False,Dinah Shore
9302,Bing Crosby,9302,False,Bing Crosby
9303,Torley Wong,9303,False,Torley Wong
9304,I Heart Hiroshima,9304,False,I Heart Hiroshima
9305,An Horse,9305,False,An Horse
9306,Jenny and Johnny,9306,False,Jenny and Johnny
9307,Emmy the Great,9307,False,Emmy the Great
9308,Iron On,9308,False,Iron On
9309,char2d2,9309,False,char2d2
9310,Reverie In Me,9310,False,Reverie In Me
9311,The Jealous Girlfriends,9311,False,The Jealous Girlfriends
9312,Chris Lambert,9312,False,Chris Lambert
9313,Camp Out,9313,False,Camp Out
9314,Grey's Anatomy,9314,False,Grey's Anatomy
9315,Letters From a Tinman,9315,False,Letters From a Tinman
9316,Fences,9316,False,Fences
9317,Holly Miranda,9317,False,Holly Miranda
9318,A.C. Newman,9318,False,A.C. Newman
9319,Ohbijou,9319,False,Ohbijou
9320,The Muffs,9320,False,The Muffs
9321,The The,9321,False,The The
9322,Sigue Sigue Sputnik,9322,False,Sigue Sigue Sputnik
9323,T3CHN0PH0B1A,9323,False,T3CHN0PH0B1A
9324,Ian McCulloch,9324,False,Ian McCulloch
9325,Michigan,9325,False,Michigan
9326,Jason Ferris,9326,False,Jason Ferris
9327,Myrmidon Process,9327,False,Myrmidon Process
9328,The Hannibals,9328,False,The Hannibals
9329,The Pinker Tones,9329,False,The Pinker Tones
9330,Sister Machine Gun,9330,False,Sister Machine Gun
9331,Great Lakes Myth Society,9331,False,Great Lakes Myth Society
9332,The Breeders,9332,False,The Breeders
9333,Rho,9333,False,Rho
9334,Tesla,9334,False,Tesla
9335,The Samples,9335,False,The Samples
9336,Saxon Shore,9336,False,Saxon Shore
9337,Tardiss,9337,False,Tardiss
9338,The Church,9338,False,The Church
9339,orange crush,9339,False,orange crush
9340,Lynch Mob,9340,False,Lynch Mob
9341,Marconi Union,9341,False,Marconi Union
9342,The Evpatoria Report,9342,False,The Evpatoria Report
9343,Airbag,9343,False,Airbag
9344,Screaming Trees,9344,False,Screaming Trees
9345,Babylon A.D.,9345,False,Babylon A.D.
9346,Temple of the Dog,9346,False,Temple of the Dog
9347,Bad Company,9347,False,Bad Company
9348,Stevie Nicks,9348,False,Stevie Nicks
9349,Paul Rodgers,9349,False,Paul Rodgers
9350,The Firm,9350,False,The Firm
9351,Page & Plant,9351,False,Page & Plant
9352,The Jeff Healey Band,9352,False,The Jeff Healey Band
9353,Entheogenic,9353,False,Entheogenic
9354,Zero Cult,9354,False,Zero Cult
9355,Alpha,9355,False,Alpha
9356,Ishq,9356,False,Ishq
9357,Androcell,9357,False,Androcell
9358,Sensorica,9358,False,Sensorica
9359,Bauri,9359,False,Bauri
9360,Sweet Coffee,9360,False,Sweet Coffee
9361,Jon Kennedy,9361,False,Jon Kennedy
9362,dZihan & Kamien,9362,False,dZihan & Kamien
9363,X-Ray Dog,9363,False,X-Ray Dog
9364,Future World Music,9364,False,Future World Music
9365,Aereda,9365,False,Aereda
9366,Kenny G,9366,False,Kenny G
9367,Martin Phipps,9367,False,Martin Phipps
9368,Pfeifer Broz. Music,9368,False,Pfeifer Broz. Music
9369,Charlie Clouser,9369,False,Charlie Clouser
9370,Clay Aiken,9370,False,Clay Aiken
9371,Fugative,9371,False,Fugative
9372,Kesha ft. 30H!3,9372,False,Kesha ft. 30H!3
9373,Glee䮥,9373,False,Glee䮥
9374,Britney Spears㞦,9374,False,Britney Spears㞦
9375,Britney Spears⊼,9375,False,Britney Spears⊼
9376,Timbiriche,9376,False,Timbiriche
9377,Screen Biers,9377,False,Screen Biers
9378,Rihannà,9378,False,Rihannà
9379,Thayruka,9379,False,Thayruka
9380,Britney Spears씨,9380,False,Britney Spears씨
9381,Rick Aziago,9381,False,Rick Aziago
9382,Yelawolf,9382,False,Yelawolf
9383,Native Deen,9383,False,Native Deen
9384,Young Money,9384,False,Young Money
9385,EMINƎM,9385,False,EMINƎM
9386,Abou Elleef,9386,False,Abou Elleef
9387,Nancy Ajram,9387,False,Nancy Ajram
9388,Slaughterhouse,9388,False,Slaughterhouse
9389,Yo Gotti,9389,False,Yo Gotti
9390,Tamer Hosny,9390,False,Tamer Hosny
9391,Juelz Santana,9391,False,Juelz Santana
9392,Dam,9392,False,Dam
9393,Donnis,9393,False,Donnis
9394,Paul Wall,9394,False,Paul Wall
9395,Ziad Borji,9395,False,Ziad Borji
9396,ئلبي وعمري,9396,False,ئلبي وعمري
9397,Ramallah Underground,9397,False,Ramallah Underground
9398,Carole Samaha,9398,False,Carole Samaha
9399,David Arkenstone,9399,False,David Arkenstone
9400,tobyMac,9400,False,tobyMac
9401,Boomkat,9401,False,Boomkat
9402,Alan Menken,9402,False,Alan Menken
9403,Karmina,9403,False,Karmina
9404,Dario Marianelli,9404,False,Dario Marianelli
9405,Lifescapes,9405,False,Lifescapes
9406,Alexandre Desplat & Aaron Zigman,9406,False,Alexandre Desplat & Aaron Zigman
9407,Burning Brides,9407,False,Burning Brides
9408,ozzy,9408,False,ozzy
9409,Marilyn Mansoon,9409,False,Marilyn Mansoon
9410,Blinded Colony,9410,False,Blinded Colony
9411,Arthur Brown,9411,False,Arthur Brown
9412,Daath,9412,False,Daath
9413,{F.B.R},9413,False,{F.B.R}
9414,April March,9414,False,April March
9415,fbrlist.com - My Chemical Romance,9415,False,fbrlist.com - My Chemical Romance
9416,Urge Overkill,9416,False,Urge Overkill
9417,Don Henley,9417,False,Don Henley
9418,Three Dog Night,9418,False,Three Dog Night
9419,.38 Special,9419,False,.38 Special
9420,The Mavericks,9420,False,The Mavericks
9421,Seals & Crofts,9421,False,Seals & Crofts
9422,Órla Fallon,9422,False,Órla Fallon
9423,Steve Miller Band,9423,False,Steve Miller Band
9424,Tommy James & The Shondells,9424,False,Tommy James & The Shondells
9425,Carlene Carter,9425,False,Carlene Carter
9426,Joe Walsh,9426,False,Joe Walsh
9427,The Lovin' Spoonful,9427,False,The Lovin' Spoonful
9428,Dan Fogelberg,9428,False,Dan Fogelberg
9429,Little River Band,9429,False,Little River Band
9430,Pure Prairie League,9430,False,Pure Prairie League
9431,Elvin Bishop,9431,False,Elvin Bishop
9432,Michael Buble & Holly Palmer,9432,False,Michael Buble & Holly Palmer
9433,James Taylor,9433,False,James Taylor
9434,Nicholas Gunn,9434,False,Nicholas Gunn
9435,The Marshall Tucker Band,9435,False,The Marshall Tucker Band
9436,Lisa Kelly,9436,False,Lisa Kelly
9437,Jackson Browne,9437,False,Jackson Browne
9438,Khanate,9438,False,Khanate
9439,Wolf Eyes,9439,False,Wolf Eyes
9440,High on Fire,9440,False,High on Fire
9441,Melvins/Lustmord,9441,False,Melvins/Lustmord
9442,Goatsnake,9442,False,Goatsnake
9443,Big Business,9443,False,Big Business
9444,Ground Zero,9444,False,Ground Zero
9445,Earth,9445,False,Earth
9446,Black Dice,9446,False,Black Dice
9447,Thrones,9447,False,Thrones
9448,Om,9448,False,Om
9449,Oxbow,9449,False,Oxbow
9450,Harvey Milk,9450,False,Harvey Milk
9451,Shora,9451,False,Shora
9452,The Locust,9452,False,The Locust
9453,Behold... the Arctopus,9453,False,Behold... the Arctopus
9454,El Grupo Nuevo de Omar Rodriguez Lopez,9454,False,El Grupo Nuevo de Omar Rodriguez Lopez
9455,Sun Ra,9455,False,Sun Ra
9456,Masada,9456,False,Masada
9457,Lightning Bolt,9457,False,Lightning Bolt
9458,Hella,9458,False,Hella
9459,The Quireboys,9459,False,The Quireboys
9460,Vince Neil,9460,False,Vince Neil
9461,Lee Aaron,9461,False,Lee Aaron
9462,Steel Panther,9462,False,Steel Panther
9463,Megattack,9463,False,Megattack
9464,AB/CD,9464,False,AB/CD
9465,Michael Angelo Batio,9465,False,Michael Angelo Batio
9466,Missing Tide,9466,False,Missing Tide
9467,Veruca Salt,9467,False,Veruca Salt
9468,Babes in Toyland,9468,False,Babes in Toyland
9469,X-Ray Spex,9469,False,X-Ray Spex
9470,Poe,9470,False,Poe
9471,CrashDďet,9471,False,CrashDďet
9472,Hot Rod Crimson,9472,False,Hot Rod Crimson
9473,Korn | www.arcannos.net,9473,False,Korn | www.arcannos.net
9474,06 Children Of The Cross,9474,False,06 Children Of The Cross
9475,Phemon,9475,False,Phemon
9476,Nico Stai,9476,False,Nico Stai
9477,The Little Ones,9477,False,The Little Ones
9478,Chad & Jeremy,9478,False,Chad & Jeremy
9479,Collin Raye,9479,False,Collin Raye
9480,Portastatic,9480,False,Portastatic
9481,Cass McCombs,9481,False,Cass McCombs
9482,Outfunk,9482,False,Outfunk
9483,Funky 4 + 1,9483,False,Funky 4 + 1
9484,The Duke Spirit,9484,False,The Duke Spirit
9485,Voxtrot,9485,False,Voxtrot
9486,Scarlet Soho,9486,False,Scarlet Soho
9487,Love Is All,9487,False,Love Is All
9488,Oppenheimer,9488,False,Oppenheimer
9489,Primus Inter Pares,9489,False,Primus Inter Pares
9490,A.M. Architect,9490,False,A.M. Architect
9491,The Ultrasonics,9491,False,The Ultrasonics
9492,Tartar Lamb,9492,False,Tartar Lamb
9493,(We Are) Performance,9493,False,(We Are) Performance
9494,Donnie Klang,9494,False,Donnie Klang
9495,iiO,9495,False,iiO
9496,Terence Fixmer,9496,False,Terence Fixmer
9497,12 Rounds,9497,False,12 Rounds
9498,Miss Kittin & The Hacker,9498,False,Miss Kittin & The Hacker
9499,Anders Manga,9499,False,Anders Manga
9500,Violet Stigmata,9500,False,Violet Stigmata
9501,The Rorschach Garden,9501,False,The Rorschach Garden
9502,I Love You But I've Chosen Darkness,9502,False,I Love You But I've Chosen Darkness
9503,Neon,9503,False,Neon
9504,Spectra Paris,9504,False,Spectra Paris
9505,The Neon Judgement,9505,False,The Neon Judgement
9506,Ceramic Hello,9506,False,Ceramic Hello
9507,Tobias Bernstrup,9507,False,Tobias Bernstrup
9508,IGO,9508,False,IGO
9509,CETI,9509,False,CETI
9510,Helix,9510,False,Helix
9511,Monstrum,9511,False,Monstrum
9512,Tokyo Blade,9512,False,Tokyo Blade
9513,Budka Suflera,9513,False,Budka Suflera
9514,Richard Clayderman,9514,False,Richard Clayderman
9515,Lower Definition,9515,False,Lower Definition
9516,Of Machines,9516,False,Of Machines
9517,Inner Side,9517,False,Inner Side
9518,Guilherme Zucconi,9518,False,Guilherme Zucconi
9519,Tiffany Evans,9519,False,Tiffany Evans
9520,Deceptikon,9520,False,Deceptikon
9521,Blues Traveler,9521,False,Blues Traveler
9522,John Popper,9522,False,John Popper
9523,Cacophony,9523,False,Cacophony
9524,Divine Weeks,9524,False,Divine Weeks
9525,串田アキラ,9525,False,串田アキラ
9526,The Blues Brothers 2000,9526,False,The Blues Brothers 2000
9527,One Day as a Lion,9527,False,One Day as a Lion
9528,Sonny & Cher,9528,False,Sonny & Cher
9529,Elf,9529,False,Elf
9530,Saturnus,9530,False,Saturnus
9531,Luna Amara,9531,False,Luna Amara
9532,Vama Veche,9532,False,Vama Veche
9533,Yoshihisa Hirano and Hideki Taniuchi,9533,False,Yoshihisa Hirano and Hideki Taniuchi
9534,Negură Bunget,9534,False,Negură Bunget
9535,The Felice Brothers,9535,False,The Felice Brothers
9536,Dan Bern,9536,False,Dan Bern
9537,John Prine,9537,False,John Prine
9538,The Duke & The King,9538,False,The Duke & The King
9539,Indigo Girls,9539,False,Indigo Girls
9540,Nox Arcana,9540,False,Nox Arcana
9541,Monsters of Folk,9541,False,Monsters of Folk
9542,Bill Callahan,9542,False,Bill Callahan
9543,Neil Young & Crazy Horse,9543,False,Neil Young & Crazy Horse
9544,Conor Oberst and the Mystic Valley Band,9544,False,Conor Oberst and the Mystic Valley Band
9545,Smog,9545,False,Smog
9546,Sara Bareilles & Ingrid Michaelson,9546,False,Sara Bareilles & Ingrid Michaelson
9547,Mariza,9547,False,Mariza
9548,Angélico & Diana,9548,False,Angélico & Diana
9549,Hope,9549,False,Hope
9550,Ahmed Bukhatir,9550,False,Ahmed Bukhatir
9551,Leonard J. Paul,9551,False,Leonard J. Paul
9552,Gustav Mahler,9552,False,Gustav Mahler
9553,Sheila Chandra,9553,False,Sheila Chandra
9554,Jai Uttal,9554,False,Jai Uttal
9555,芸能山城組,9555,False,芸能山城組
9556,Sami Yusuf,9556,False,Sami Yusuf
9557,Geinoh Yamashiro-gumi,9557,False,Geinoh Yamashiro-gumi
9558,Auktyon,9558,False,Auktyon
9559,Emad Sayyah,9559,False,Emad Sayyah
9560,Lester Flatt & Earl Scruggs,9560,False,Lester Flatt & Earl Scruggs
9561,Trancendental Anarchists,9561,False,Trancendental Anarchists
9562,David Arnold,9562,False,David Arnold
9563,Warner Bros.,9563,False,Warner Bros.
9564,Dinesh D'Souza,9564,False,Dinesh D'Souza
9565,Frank Luntz,9565,False,Frank Luntz
9566,土屋アンナ,9566,False,土屋アンナ
9567,BONNIE PINK,9567,False,BONNIE PINK
9568,ayaka,9568,False,ayaka
9569,Angela Aki,9569,False,Angela Aki
9570,아이비,9570,False,아이비
9571,Mindless Faith,9571,False,Mindless Faith
9572,坂本美雨,9572,False,坂本美雨
9573,Hironosuke Satou,9573,False,Hironosuke Satou
9574,SoulJa,9574,False,SoulJa
9575,Jackie Chan & Kim,9575,False,Jackie Chan & Kim
9576,ANNA TSUCHIYA inspi' NANA (BLACK STONES),9576,False,ANNA TSUCHIYA inspi' NANA (BLACK STONES)
9577,Spin Aqua,9577,False,Spin Aqua
9578,Ivy,9578,False,Ivy
9579,B2K,9579,False,B2K
9580,MISIA,9580,False,MISIA
9581,Jin-Roh,9581,False,Jin-Roh
9582,Twinkle,9582,False,Twinkle
9583,Caroline,9583,False,Caroline
9584,Alize,9584,False,Alize
9585,椎名林檎,9585,False,椎名林檎
9586,姫神,9586,False,姫神
9587,東京事変,9587,False,東京事変
9588,笹川美和,9588,False,笹川美和
9589,Symarip,9589,False,Symarip
9590,The Pioneers,9590,False,The Pioneers
9591,Prince Buster,9591,False,Prince Buster
9592,The Offenders,9592,False,The Offenders
9593,Derrick Morgan,9593,False,Derrick Morgan
9594,The Kingstonians,9594,False,The Kingstonians
9595,Desmond Dekker,9595,False,Desmond Dekker
9596,Alton Ellis,9596,False,Alton Ellis
9597,The Ethiopians,9597,False,The Ethiopians
9598,Jimmy Cliff,9598,False,Jimmy Cliff
9599,Scrapy,9599,False,Scrapy
9600,The Clarendonians,9600,False,The Clarendonians
9601,Judge Dread,9601,False,Judge Dread
9602,The Upsessions,9602,False,The Upsessions
9603,The Kings of Nuthin',9603,False,The Kings of Nuthin'
9604,Perkele,9604,False,Perkele
9605,Hub City Stompers,9605,False,Hub City Stompers
9606,The Upsetters,9606,False,The Upsetters
9607,The Tennors,9607,False,The Tennors
9608,Justin Hinds & The Dominoes,9608,False,Justin Hinds & The Dominoes
9609,The Techniques,9609,False,The Techniques
9610,Phyllis Dillon,9610,False,Phyllis Dillon
9611,Clancy Eccles,9611,False,Clancy Eccles
9612,Mr. Symarip,9612,False,Mr. Symarip
9613,Skarface,9613,False,Skarface
9614,Dandy Livingstone,9614,False,Dandy Livingstone
9615,The Hot Rod All Stars,9615,False,The Hot Rod All Stars
9616,Slim Smith,9616,False,Slim Smith
9617,The Blues Busters,9617,False,The Blues Busters
9618,Evil Conduct,9618,False,Evil Conduct
9619,Loikaemie,9619,False,Loikaemie
9620,The Pepper Pots,9620,False,The Pepper Pots
9621,The Maytals,9621,False,The Maytals
9622,8°6 Crew,9622,False,8°6 Crew
9623,Stomper 98,9623,False,Stomper 98
9624,Pat Kelly,9624,False,Pat Kelly
9625,Dr. Ring-Ding & The Senior Allstars,9625,False,Dr. Ring-Ding & The Senior Allstars
9626,The Melodians,9626,False,The Melodians
9627,The Versatiles,9627,False,The Versatiles
9628,The Silvertones,9628,False,The Silvertones
9629,Edwyn Collins,9629,False,Edwyn Collins
9630,The Gutter Twins,9630,False,The Gutter Twins
9631,The Divine Comedy,9631,False,The Divine Comedy
9632,Kula Shaker,9632,False,Kula Shaker
9633,Brett Anderson,9633,False,Brett Anderson
9634,Mono Inc.,9634,False,Mono Inc.
9635,Peter Fox,9635,False,Peter Fox
9636,Jesus on Extasy,9636,False,Jesus on Extasy
9637,Zeraphine,9637,False,Zeraphine
9638,Joachim Witt,9638,False,Joachim Witt
9639,End of Green,9639,False,End of Green
9640,Manuel Antoni,9640,False,Manuel Antoni
9641,mono inc. & lisa middelhauve,9641,False,mono inc. & lisa middelhauve
9642,Transvision Vamp,9642,False,Transvision Vamp
9643,Eisheilig,9643,False,Eisheilig
9644,The Dreamside,9644,False,The Dreamside
9645,Schock,9645,False,Schock
9646,Karat,9646,False,Karat
9647,Manfred Mann,9647,False,Manfred Mann
9648,The Butterfly Effect,9648,False,The Butterfly Effect
9649,Baroness,9649,False,Baroness
9650,Stone Gods,9650,False,Stone Gods
9651,stonecollar,9651,False,stonecollar
9652,Ірина Білик,9652,False,Ірина Білик
9653,Quentin Mosimann,9653,False,Quentin Mosimann
9654,Natalia Oreiro,9654,False,Natalia Oreiro
9655,Amanda Lepore,9655,False,Amanda Lepore
9656,Patricia Kaas,9656,False,Patricia Kaas
9657,Крихітка,9657,False,Крихітка
9658,Despina Vandi,9658,False,Despina Vandi
9659,Лама,9659,False,Лама
9660,Danny Gokey,9660,False,Danny Gokey
9661,Alex Lambert,9661,False,Alex Lambert
9662,Michael Johns,9662,False,Michael Johns
9663,Matt Willis,9663,False,Matt Willis
9664,Mackenzie 1st,9664,False,Mackenzie 1st
9665,Flotation Toy Warning,9665,False,Flotation Toy Warning
9666,Moving Mountains,9666,False,Moving Mountains
9667,Au4,9667,False,Au4
9668,Ctrl-Alt-Delete,9668,False,Ctrl-Alt-Delete
9669,Chris Bathgate,9669,False,Chris Bathgate
9670,Todd Barry,9670,False,Todd Barry
9671,Border Patrol,9671,False,Border Patrol
9672,Lights Out Asia,9672,False,Lights Out Asia
9673,The Helio Sequence,9673,False,The Helio Sequence
9674,Elvis Crespo,9674,False,Elvis Crespo
9675,Pedra,9675,False,Pedra
9676,Varias,9676,False,Varias
9677,Sonny Black & Frank White,9677,False,Sonny Black & Frank White
9678,Pyranja,9678,False,Pyranja
9679,Chakuza,9679,False,Chakuza
9680,Sookee,9680,False,Sookee
9681,Kool Savas,9681,False,Kool Savas
9682,The Rock,9682,False,The Rock
9683,Lili,9683,False,Lili
9684,Travie McCoy,9684,False,Travie McCoy
9685,Jan Delay,9685,False,Jan Delay
9686,Samy Deluxe,9686,False,Samy Deluxe
9687,Absolute Beginner,9687,False,Absolute Beginner
9688,FILMharmonic Orchestra Prague,9688,False,FILMharmonic Orchestra Prague
9689,Israel Kamakawiwo'ole,9689,False,Israel Kamakawiwo'ole
9690,Dynamite Deluxe,9690,False,Dynamite Deluxe
9691,Dale Schacker,9691,False,Dale Schacker
9692,Bodo Wartke,9692,False,Bodo Wartke
9693,Das Bo,9693,False,Das Bo
9694,Azad,9694,False,Azad
9695,Russell Watson,9695,False,Russell Watson
9696,Beginner,9696,False,Beginner
9697,Curse,9697,False,Curse
9698,Grand Magus,9698,False,Grand Magus
9699,Joan Baez,9699,False,Joan Baez
9700,Nara Leão,9700,False,Nara Leão
9701,Francisca Valenzuela,9701,False,Francisca Valenzuela
9702,Griffin House,9702,False,Griffin House
9703,Etana,9703,False,Etana
9704,Joan Baez & Bob Dylan,9704,False,Joan Baez & Bob Dylan
9705,8 Femmes,9705,False,8 Femmes
9706,Violeta Parra,9706,False,Violeta Parra
9707,Ceumar,9707,False,Ceumar
9708,Judy Collins,9708,False,Judy Collins
9709,J. Tillman,9709,False,J. Tillman
9710,Rosario Mena,9710,False,Rosario Mena
9711,Rose,9711,False,Rose
9712,Luz Casal,9712,False,Luz Casal
9713,Milton Nascimento,9713,False,Milton Nascimento
9715,Tim and Eric,9715,False,Tim and Eric
9716,Buckethead,9716,False,Buckethead
9717,Paul Gilbert,9717,False,Paul Gilbert
9718,Magnetic Man,9718,False,Magnetic Man
9719,Beth Ditto,9719,False,Beth Ditto
9720,Natacha Atlas,9720,False,Natacha Atlas
9721,Johanna Kurkela,9721,False,Johanna Kurkela
9722,Birdy,9722,False,Birdy
9723,Ensemble,9723,False,Ensemble
9724,Anika Moa,9724,False,Anika Moa
9725,Diana Navarro,9725,False,Diana Navarro
9726,Rosanna,9726,False,Rosanna
9727,Wild Beasts,9727,False,Wild Beasts
9728,The Overtones,9728,False,The Overtones
9729,Sunday Girl,9729,False,Sunday Girl
9730,Benjamin Francis Leftwich,9730,False,Benjamin Francis Leftwich
9731,Christian Walz,9731,False,Christian Walz
9732,Fenech-Soler,9732,False,Fenech-Soler
9733,Jai Paul,9733,False,Jai Paul
9734,Mustafa Sandal,9734,False,Mustafa Sandal
9735,Edvin Marton,9735,False,Edvin Marton
9736,Untouchable,9736,False,Untouchable
9737,Superbus,9737,False,Superbus
9738,dragon ball z,9738,False,dragon ball z
9739,Move,9739,False,Move
9740,周杰倫,9740,False,周杰倫
9741,Afshin,9741,False,Afshin
9742,Najoua Belyzel,9742,False,Najoua Belyzel
9743,Zero Assoluto,9743,False,Zero Assoluto
9744,Initial D,9744,False,Initial D
9745,Etienne Daho,9745,False,Etienne Daho
9746,Saurom,9746,False,Saurom
9747,The Murmurs,9747,False,The Murmurs
9748,Davut Güloğlu,9748,False,Davut Güloğlu
9749,Killerpilze,9749,False,Killerpilze
9750,Marius,9750,False,Marius
9751,The Kelly Family,9751,False,The Kelly Family
9752,Stunt,9752,False,Stunt
9753,B.o.B  ft. Hayley Williams,9753,False,B.o.B  ft. Hayley Williams
9754,Маша Фокина,9754,False,Маша Фокина
9755,Алина Гросу,9755,False,Алина Гросу
9756,Макс Барских,9756,False,Макс Барских
9757,Наталья Могилевская,9757,False,Наталья Могилевская
9758,REAL O,9758,False,REAL O
9759,Потап и Настя,9759,False,Потап и Настя
9760,Павел Зибров,9760,False,Павел Зибров
9761,Raunchy,9761,False,Raunchy
9762,Darkstar,9762,False,Darkstar
9763,FaltyDL,9763,False,FaltyDL
9764,Autopilot Off,9764,False,Autopilot Off
9765,Element Eighty,9765,False,Element Eighty
9766,Gui Boratto,9766,False,Gui Boratto
9767,The Legion of Doom,9767,False,The Legion of Doom
9768,Dead and Divine,9768,False,Dead and Divine
9769,Sydney,9769,False,Sydney
9770,The Morning Of,9770,False,The Morning Of
9771,The Holly Springs Disaster,9771,False,The Holly Springs Disaster
9772,Farewell to Freeway,9772,False,Farewell to Freeway
9773,Boys Night Out,9773,False,Boys Night Out
9774,Everlea,9774,False,Everlea
9775,Straight Reads The Line,9775,False,Straight Reads The Line
9776,Sonny Moore,9776,False,Sonny Moore
9777,Pereza,9777,False,Pereza
9779,Omar A. Rodriguez-Lopez,9779,False,Omar A. Rodriguez-Lopez
9780,Dhal,9780,False,Dhal
9781,los ex,9781,False,los ex
9782,Holy Molar,9782,False,Holy Molar
9783,The Kilimanjaro Darkjazz Ensemble,9783,False,The Kilimanjaro Darkjazz Ensemble
9784,The Ganjas,9784,False,The Ganjas
9785,House of Low Culture,9785,False,House of Low Culture
9786,Hielo Negro,9786,False,Hielo Negro
9787,夢中夢,9787,False,夢中夢
9788,Карандаш,9788,False,Карандаш
9789,СД,9789,False,СД
9790,AL Hammer,9790,False,AL Hammer
9791,Смоки Мо,9791,False,Смоки Мо
9792,LiCK MY SCaRS,9792,False,LiCK MY SCaRS
9793,MaryJane,9793,False,MaryJane
9794,Fireworks,9794,False,Fireworks
9795,A Loss For Words,9795,False,A Loss For Words
9796,Trash Talk,9796,False,Trash Talk
9797,The Years Gone By,9797,False,The Years Gone By
9798,Ligeia,9798,False,Ligeia
9799,Just Surrender,9799,False,Just Surrender
9800,Daggermouth,9800,False,Daggermouth
9801,Cold World,9801,False,Cold World
9802,Deny Everything,9802,False,Deny Everything
9803,Heart To Heart,9803,False,Heart To Heart
9804,MyChildren MyBride,9804,False,MyChildren MyBride
9805,Another Breath,9805,False,Another Breath
9806,Jungle Fever,9806,False,Jungle Fever
9807,Man Overboard,9807,False,Man Overboard
9808,Dead Hearts,9808,False,Dead Hearts
9809,Act As One,9809,False,Act As One
9810,Lions Lions,9810,False,Lions Lions
9811,Heartsounds,9811,False,Heartsounds
9812,Crucial Dudes,9812,False,Crucial Dudes
9813,Carpathian,9813,False,Carpathian
9814,50 Lions,9814,False,50 Lions
9815,Let Down,9815,False,Let Down
9816,Cockpunch!,9816,False,Cockpunch!
9817,Bravo,9817,False,Bravo
9818,Mother Love Bone,9818,False,Mother Love Bone
9819,Tuff,9819,False,Tuff
9820,Diego Torres,9820,False,Diego Torres
9821,Run-D.M.C.,9821,False,Run-D.M.C.
9822,Firehouse,9822,False,Firehouse
9823,Teenage Fanclub,9823,False,Teenage Fanclub
9824,The Smithereens,9824,False,The Smithereens
9825,Big Star,9825,False,Big Star
9826,Del Amitri,9826,False,Del Amitri
9827,Cosmic Rough Riders,9827,False,Cosmic Rough Riders
9828,Mercenary,9828,False,Mercenary
9829,Steel Pulse,9829,False,Steel Pulse
9830,Ky-Mani Marley,9830,False,Ky-Mani Marley
9831,Soldiers of Jah Army,9831,False,Soldiers of Jah Army
9833,Black Uhuru,9833,False,Black Uhuru
9834,Israel Vibration,9834,False,Israel Vibration
9836,Gregory Isaacs,9836,False,Gregory Isaacs
9837,Sizzla,9837,False,Sizzla
9838,Anthony B,9838,False,Anthony B
9839,Burning Spear,9839,False,Burning Spear
9840,Gentleman,9840,False,Gentleman
9843,Barrington Levy,9843,False,Barrington Levy
9844,Karl Wolf,9844,False,Karl Wolf
9845,Outlandish,9845,False,Outlandish
9846,Cameron Cartio,9846,False,Cameron Cartio
9847,Kardinal Offishall,9847,False,Kardinal Offishall
9848,Shreya Ghoshal & Shaan,9848,False,Shreya Ghoshal & Shaan
9849,Miley Cyrus and Billy Ray Cyrus,9849,False,Miley Cyrus and Billy Ray Cyrus
9850,K.K.,9850,False,K.K.
9851,Sunidhi Chauhan,9851,False,Sunidhi Chauhan
9852,Sense Field,9852,False,Sense Field
9853,אריק ברמן,9853,False,אריק ברמן
9854,CPM 22 -  MTV AO VIVO,9854,False,CPM 22 -  MTV AO VIVO
9855,Garotos Podres,9855,False,Garotos Podres
9856,U2 and Green Day,9856,False,U2 and Green Day
9857,Visite [www.musikawarez.com],9857,False,Visite [www.musikawarez.com]
9858,Republica,9858,False,Republica
9859,Red Red Groovy,9859,False,Red Red Groovy
9860,Felix da Housecat,9860,False,Felix da Housecat
9861,The Shamen,9861,False,The Shamen
9862,Meat Beat Manifesto,9862,False,Meat Beat Manifesto
9863,Tones on Tail,9863,False,Tones on Tail
9864,The Cuts,9864,False,The Cuts
9865,B-Movie,9865,False,B-Movie
9866,Kombi,9866,False,Kombi
9867,Ice Machine,9867,False,Ice Machine
9868,Peter Heppner,9868,False,Peter Heppner
9869,Elegant Machinery,9869,False,Elegant Machinery
9870,Reveille,9870,False,Reveille
9871,Basko Sthlm,9871,False,Basko Sthlm
9872,Fear,9872,False,Fear
9873,Black Oak Arkansas,9873,False,Black Oak Arkansas
9874,Hjaltalín,9874,False,Hjaltalín
9875,Sudden Weather Change,9875,False,Sudden Weather Change
9876,Sin Fang Bous,9876,False,Sin Fang Bous
9877,I'm from Barcelona,9877,False,I'm from Barcelona
9878,Útidúr,9878,False,Útidúr
9879,Sprengjuhöllin,9879,False,Sprengjuhöllin
9880,Agent Fresco,9880,False,Agent Fresco
9882,Laura Veirs,9882,False,Laura Veirs
9886,"Raz, Dwa, Trzy",9886,False,"Raz, Dwa, Trzy"
9887,Agnieszka Osiecka,9887,False,Agnieszka Osiecka
9888,Die Fantastischen Vier,9888,False,Die Fantastischen Vier
9889,Verba,9889,False,Verba
9890,25 LAT LISTY PRZEBOJÓW TRÓJKI,9890,False,25 LAT LISTY PRZEBOJÓW TRÓJKI
9891,vir,9891,False,vir
9892,Roger Sanchez,9892,False,Roger Sanchez
9893,KSM,9893,False,KSM
9894,Robh Hokum,9894,False,Robh Hokum
9895,Taylor Swfit ft. Tyler Hilton,9895,False,Taylor Swfit ft. Tyler Hilton
9896,Calogero,9896,False,Calogero
9897,Hednoize,9897,False,Hednoize
9898,ENUR feat. Natasja,9898,False,ENUR feat. Natasja
9899,Timbaland ft.Nelly Furtado and Soshy,9899,False,Timbaland ft.Nelly Furtado and Soshy
9900,Rick GhraphiXxX,9900,False,Rick GhraphiXxX
9901,Rick Ross,9901,False,Rick Ross
9902,Young Jeezy,9902,False,Young Jeezy
9903,Fred Hammond,9903,False,Fred Hammond
9904,Raheem DeVaughn,9904,False,Raheem DeVaughn
9905,Plies,9905,False,Plies
9906,Bilal,9906,False,Bilal
9907,R. Kelly,9907,False,R. Kelly
9908,Black&Mouse,9908,False,Black&Mouse
9909,Fred Hammond & Radical for Christ,9909,False,Fred Hammond & Radical for Christ
9910,Jay-Z & Coldplay,9910,False,Jay-Z & Coldplay
9911,Freddie Jackson,9911,False,Freddie Jackson
9912,Q-Tip,9912,False,Q-Tip
9913,Andre 3000,9913,False,Andre 3000
9914,Jay-Blaze,9914,False,Jay-Blaze
9915,Truckfighters,9915,False,Truckfighters
9916,Colour Haze,9916,False,Colour Haze
9917,Monkey3,9917,False,Monkey3
9918,Hermano,9918,False,Hermano
9919,Triumph,9919,False,Triumph
9920,Brant Bjork,9920,False,Brant Bjork
9921,Nebula,9921,False,Nebula
9922,The Atomic Bitchwax,9922,False,The Atomic Bitchwax
9923,Astroqueen,9923,False,Astroqueen
9924,Blind Dog,9924,False,Blind Dog
9925,Rotor,9925,False,Rotor
9926,Ted Nugent,9926,False,Ted Nugent
9927,Jacek Kaczmarski,9927,False,Jacek Kaczmarski
9928,Stare Dobre Małżeństwo,9928,False,Stare Dobre Małżeństwo
9929,石井妥師,9929,False,石井妥師
9930,Kabaret Starszych Panów,9930,False,Kabaret Starszych Panów
9931,The Mighty Boosh,9931,False,The Mighty Boosh
9932,Grabaż i Strachy Na Lachy,9932,False,Grabaż i Strachy Na Lachy
9933,Bielizna,9933,False,Bielizna
9934,The Amity Affliction,9934,False,The Amity Affliction
9936,Yashin,9936,False,Yashin
9940,Yasuharu Takanashi,9940,False,Yasuharu Takanashi
9941,Endeverafter,9941,False,Endeverafter
9943,Vanna,9943,False,Vanna
9944,Egypt Central,9944,False,Egypt Central
9947,Beans on Toast,9947,False,Beans on Toast
9948,Willy Mason,9948,False,Willy Mason
9951,The Arcade Fire,9951,False,The Arcade Fire
9952,Tellison,9952,False,Tellison
9953,The Dykeenies,9953,False,The Dykeenies
9955,The Twilight Sad,9955,False,The Twilight Sad
9959,The Stills,9959,False,The Stills
9960,Tiger Army,9960,False,Tiger Army
9961,Nasty,9961,False,Nasty
9962,Deadbolt,9962,False,Deadbolt
9963,Your Demise,9963,False,Your Demise
9964,The Lively Ones,9964,False,The Lively Ones
9965,The Ghastly Ones,9965,False,The Ghastly Ones
9966,Bigwig,9966,False,Bigwig
9967,Discharger,9967,False,Discharger
9968,November Növelet,9968,False,November Növelet
9969,Bronski Beat,9969,False,Bronski Beat
9970,Flesh & Space,9970,False,Flesh & Space
9971,Nina Nastasia,9971,False,Nina Nastasia
9972,Pride of Mind,9972,False,Pride of Mind
9973,FabrikC,9973,False,FabrikC
9974,Amorphous Androgynous,9974,False,Amorphous Androgynous
9975,Ice Ages,9975,False,Ice Ages
9976,Nerina Pallot,9976,False,Nerina Pallot
9977,The Hoosiers,9977,False,The Hoosiers
9978,Subway to Sally,9978,False,Subway to Sally
9979,Tanzwut,9979,False,Tanzwut
9980,Anne Clark,9980,False,Anne Clark
9981,Geoff Zanelli,9981,False,Geoff Zanelli
9982,Evermore,9982,False,Evermore
9983,Christian Bruhn,9983,False,Christian Bruhn
9984,goJA moon ROCKAH,9984,False,goJA moon ROCKAH
9985,HANSA ROSTOCK,9985,False,HANSA ROSTOCK
9986,Jesper Kyd,9986,False,Jesper Kyd
9987,Pulsedriver,9987,False,Pulsedriver
9988,West End Girls,9988,False,West End Girls
9989,Pet Shop Boys ft Brandon Flowers Lady GaGa,9989,False,Pet Shop Boys ft Brandon Flowers Lady GaGa
9990,Steve Winwood,9990,False,Steve Winwood
9991,Andrew Gold,9991,False,Andrew Gold
9992,Mel & Kim,9992,False,Mel & Kim
9993,The Korgis,9993,False,The Korgis
9994,Arrowwood,9994,False,Arrowwood
9995,Шмели,9995,False,Шмели
9996,Ruxpin,9996,False,Ruxpin
9997,Pan Sonic,9997,False,Pan Sonic
9998,múm & Úrú Búrú Sextettinn,9998,False,múm & Úrú Búrú Sextettinn
9999,Mortiis,9999,False,Mortiis
10000,Mantis Psi,10000,False,Mantis Psi
10001,Kría Brekkan,10001,False,Kría Brekkan
10002,Hildur Guðnadóttir,10002,False,Hildur Guðnadóttir
10003,aho,10003,False,aho
10004,#2 Orchestra,10004,False,#2 Orchestra
10005,Borko,10005,False,Borko
10006,klyxn,10006,False,klyxn
10007,Dvar,10007,False,Dvar
10008,novemthree,10008,False,novemthree
10009,Múm Músikvatur,10009,False,Múm Músikvatur
10010,Camerata Mediolanense,10010,False,Camerata Mediolanense
10011,Solanaceae,10011,False,Solanaceae
10012,OST Tension,10012,False,OST Tension
10013,Ocarina,10013,False,Ocarina
10014,Ólöf Arnalds,10014,False,Ólöf Arnalds
10015,Yerzmyey,10015,False,Yerzmyey
10016,Nikka Costa,10016,False,Nikka Costa
10017,Michel Polnareff,10017,False,Michel Polnareff
10020,Beautiful Small Machines,10020,False,Beautiful Small Machines
10022,Amy Jo Johnson,10022,False,Amy Jo Johnson
10023,Emma Lahana,10023,False,Emma Lahana
10024,The Left Rights,10024,False,The Left Rights
10025,Max Tundra,10025,False,Max Tundra
10026,Richard Cheese,10026,False,Richard Cheese
10027,Ike & Tina Turner,10027,False,Ike & Tina Turner
10028,Zélia Duncan,10028,False,Zélia Duncan
10029,Naive New Beaters,10029,False,Naive New Beaters
10030,Digimortal,10030,False,Digimortal
10031,Shiva in Exile,10031,False,Shiva in Exile
10032,ТЕХНИКА : НЕИСПРАВНА,10032,False,ТЕХНИКА : НЕИСПРАВНА
10033,The Death Set,10033,False,The Death Set
10034,Evo,10034,False,Evo
10035,InVekTiva,10035,False,InVekTiva
10036,Breakdown Of Sanity,10036,False,Breakdown Of Sanity
10037,BiopsyhoZ,10037,False,BiopsyhoZ
10038,Young Guns,10038,False,Young Guns
10039,A Silent Film,10039,False,A Silent Film
10040,Days of the New,10040,False,Days of the New
10041,The Four Tops,10041,False,The Four Tops
10042,Collective Soul,10042,False,Collective Soul
10043,Grammatik,10043,False,Grammatik
10044,Trzeci Wymiar,10044,False,Trzeci Wymiar
10045,Fenomen,10045,False,Fenomen
10046,AbradAb,10046,False,AbradAb
10047,Kasia Wilk,10047,False,Kasia Wilk
10048,Mesajah,10048,False,Mesajah
10049,Andiman,10049,False,Andiman
10050,Kaliber 44,10050,False,Kaliber 44
10051,Junior Stress,10051,False,Junior Stress
10052,W Witrynach Odbicia,10052,False,W Witrynach Odbicia
10053,Dna & Gal,10053,False,Dna & Gal
10054,Bas Tajpan & Miuosh,10054,False,Bas Tajpan & Miuosh
10055,Scarface,10055,False,Scarface
10056,Daz Dillinger,10056,False,Daz Dillinger
10057,Jaime Camil,10057,False,Jaime Camil
10058,Daniela Herrero,10058,False,Daniela Herrero
10059,Bandana,10059,False,Bandana
10060,Lucy Walsh,10060,False,Lucy Walsh
10061,Las Pastillas del Abuelo,10061,False,Las Pastillas del Abuelo
10062,Fabiana Cantilo,10062,False,Fabiana Cantilo
10063,Subsonica,10063,False,Subsonica
10064,Rain Tree Crow,10064,False,Rain Tree Crow
10065,Motel Connection,10065,False,Motel Connection
10066,David Sylvian & Robert Fripp,10066,False,David Sylvian & Robert Fripp
10067,Devils,10067,False,Devils
10068,The Bastard Sons of Dioniso,10068,False,The Bastard Sons of Dioniso
10069,Finger Eleven,10069,False,Finger Eleven
10070,Gob,10070,False,Gob
10071,Mariottide,10071,False,Mariottide
10072,Prozac+,10072,False,Prozac+
10073,Лаванда,10073,False,Лаванда
10074,Дима Билан,10074,False,Дима Билан
10075,Чи-Ли,10075,False,Чи-Ли
10076,Giorgia,10076,False,Giorgia
10077,Negrita,10077,False,Negrita
10078,Jovanotti,10078,False,Jovanotti
10080,The Tears,10080,False,The Tears
10086,Dies Irae,10086,False,Dies Irae
10087,The Witcher Soundtrack,10087,False,The Witcher Soundtrack
10088,One Man Army and the Undead Quartet,10088,False,One Man Army and the Undead Quartet
10089,Post Scriptum,10089,False,Post Scriptum
10090,Maigra,10090,False,Maigra
10091,Diablo,10091,False,Diablo
10092,Sonic Mayhem,10092,False,Sonic Mayhem
10093,Heroes Of Might & Magic III Soundtrack,10093,False,Heroes Of Might & Magic III Soundtrack
10094,Yattering,10094,False,Yattering
10095,Vital Remains,10095,False,Vital Remains
10096,Gothic II Soundtrack,10096,False,Gothic II Soundtrack
10097,Inon Zur,10097,False,Inon Zur
10098,Pitbulls In The Nursery,10098,False,Pitbulls In The Nursery
10099,Suffocation,10099,False,Suffocation
10100,Abysmal Dawn,10100,False,Abysmal Dawn
10101,Trauma,10101,False,Trauma
10102,Revocation,10102,False,Revocation
10103,Jung jae hwan,10103,False,Jung jae hwan
10104,Amorphous,10104,False,Amorphous
10105,The Sound,10105,False,The Sound
10106,Stockholm Monsters,10106,False,Stockholm Monsters
10107,Tear Down The Lies!,10107,False,Tear Down The Lies!
10108,Real Estate,10108,False,Real Estate
10109,The Male Pattern Band,10109,False,The Male Pattern Band
10110,Electrelane,10110,False,Electrelane
10111,The Durutti Column,10111,False,The Durutti Column
10112,MP Band/ Tear Down The Lies!,10112,False,MP Band/ Tear Down The Lies!
10113,Alex Chilton,10113,False,Alex Chilton
10114,John Leyton,10114,False,John Leyton
10115,Minny Pops,10115,False,Minny Pops
10116,Tamaryn,10116,False,Tamaryn
10117,Dean Wareham,10117,False,Dean Wareham
10118,Longview,10118,False,Longview
10119,Chris Bell,10119,False,Chris Bell
10120,E.S.G.,10120,False,E.S.G.
10121,Anni Rossi,10121,False,Anni Rossi
10122,Small Black,10122,False,Small Black
10123,The Raincoats,10123,False,The Raincoats
10124,Zumbis do Espaço,10124,False,Zumbis do Espaço
10125,Axxis,10125,False,Axxis
10126,Attaque 77,10126,False,Attaque 77
10127,The Toy Dolls,10127,False,The Toy Dolls
10128,Matell,10128,False,Matell
10129,Shirley Bassey,10129,False,Shirley Bassey
10130,The Supremes,10130,False,The Supremes
10131,Thomas Nicholas,10131,False,Thomas Nicholas
10132,Sylvester,10132,False,Sylvester
10133,Diana Ross and The Supremes,10133,False,Diana Ross and The Supremes
10134,Lou Rawls,10134,False,Lou Rawls
10135,Robin Thicke & Mary J. Blige,10135,False,Robin Thicke & Mary J. Blige
10136,Chaka Khan Album,10136,False,Chaka Khan Album
10137,Victor Matell,10137,False,Victor Matell
10138,"Diana Ross, Michael Jackson & Quincy Jones",10138,False,"Diana Ross, Michael Jackson & Quincy Jones"
10139,Diana Ross and Lionel Richie,10139,False,Diana Ross and Lionel Richie
10140,Charlie Wilson,10140,False,Charlie Wilson
10141,Barbra Streisand & Barry Gibb,10141,False,Barbra Streisand & Barry Gibb
10142,Dionne Warwick,10142,False,Dionne Warwick
10143,Stephanie Mills,10143,False,Stephanie Mills
10144,Tyrone Davis,10144,False,Tyrone Davis
10145,George Benson,10145,False,George Benson
10146,Karyn White,10146,False,Karyn White
10147,Ashford & Simpson,10147,False,Ashford & Simpson
10148,MaFadden & Whitehead,10148,False,MaFadden & Whitehead
10149,Roberta Flack & Donny Hathaway,10149,False,Roberta Flack & Donny Hathaway
10150,Patti LaBelle,10150,False,Patti LaBelle
10151,Gladys Knight & The Pips,10151,False,Gladys Knight & The Pips
10152,Barry Gibb,10152,False,Barry Gibb
10153,Mary J Blige & C.L. Smooth,10153,False,Mary J Blige & C.L. Smooth
10154,MICHAAEL JACKSON,10154,False,MICHAAEL JACKSON
10155,Elton John & Leon Russell,10155,False,Elton John & Leon Russell
10156,Ce Ce Peniston,10156,False,Ce Ce Peniston
10157,S.O.S. Band,10157,False,S.O.S. Band
10158,Dino,10158,False,Dino
10159,Sylvia,10159,False,Sylvia
10160,The Noise Affinity,10160,False,The Noise Affinity
10161,Scorn,10161,False,Scorn
10162,Pig,10162,False,Pig
10163,Chemlab,10163,False,Chemlab
10164,Muslimgauze,10164,False,Muslimgauze
10165,Chris & Cosey,10165,False,Chris & Cosey
10166,Richard H. Kirk,10166,False,Richard H. Kirk
10167,Premature Ejaculation,10167,False,Premature Ejaculation
10168,Combat Astronomy,10168,False,Combat Astronomy
10169,Z'EV,10169,False,Z'EV
10170,Elektric Music,10170,False,Elektric Music
10171,Uniform,10171,False,Uniform
10172,Pati Yang,10172,False,Pati Yang
10173,Älymystö,10173,False,Älymystö
10174,Severed Heads,10174,False,Severed Heads
10176,Marius Müller-Westernhagen,10176,False,Marius Müller-Westernhagen
10181,Virginia Jetzt!,10181,False,Virginia Jetzt!
10182,Herbert Grönemeyer,10182,False,Herbert Grönemeyer
10184,Lorrie Morgan,10184,False,Lorrie Morgan
10185,Steve Appleton,10185,False,Steve Appleton
10186,"Zac Efron, Cast of High School Musical",10186,False,"Zac Efron, Cast of High School Musical"
10187,Kevin Bazinet,10187,False,Kevin Bazinet
10188,Maria Lawson,10188,False,Maria Lawson
10189,Cipes And The People,10189,False,Cipes And The People
10190,Greg Raposo,10190,False,Greg Raposo
10191,Joseph LoDuca,10191,False,Joseph LoDuca
10192,Terramara,10192,False,Terramara
10193,Cepia,10193,False,Cepia
10194,Epic45,10194,False,Epic45
10195,"Halloween, Alaska",10195,False,"Halloween, Alaska"
10196,Dungen,10196,False,Dungen
10197,Fiction Plane,10197,False,Fiction Plane
10198,Mason Jennings,10198,False,Mason Jennings
10199,The Jayhawks,10199,False,The Jayhawks
10200,Alicia Wiley,10200,False,Alicia Wiley
10201,Galactic,10201,False,Galactic
10202,Kiln,10202,False,Kiln
10203,David Ford,10203,False,David Ford
10204,An Explorer,10204,False,An Explorer
10205,Adam Johnson,10205,False,Adam Johnson
10206,Arc Angels,10206,False,Arc Angels
10207,The Pines,10207,False,The Pines
10208,梶芽衣子,10208,False,梶芽衣子
10209,Heitor Villa-Lobos,10209,False,Heitor Villa-Lobos
10210,Dengue Fever,10210,False,Dengue Fever
10211,Popol Vuh,10211,False,Popol Vuh
10212,Nathan Barr,10212,False,Nathan Barr
10213,Sergei Prokofiev,10213,False,Sergei Prokofiev
10214,Sleater-Kinney,10214,False,Sleater-Kinney
10215,Manfred Hübler & Siegfried Schwab,10215,False,Manfred Hübler & Siegfried Schwab
10216,Kaname Kawachi,10216,False,Kaname Kawachi
10217,Bernard Herrmann,10217,False,Bernard Herrmann
10218,Abel Korzeniowski,10218,False,Abel Korzeniowski
10219,Fabio Frizzi,10219,False,Fabio Frizzi
10220,Montage,10220,False,Montage
10221,Philippe Rombi,10221,False,Philippe Rombi
10222,Elliot Goldenthal,10222,False,Elliot Goldenthal
10223,Jo Yeong-wook,10223,False,Jo Yeong-wook
10224,Giacomo Puccini,10224,False,Giacomo Puccini
10225,Georges Bizet,10225,False,Georges Bizet
10226,鈴木あみ,10226,False,鈴木あみ
10227,けちゃっぷmania,10227,False,けちゃっぷmania
10228,水樹奈々,10228,False,水樹奈々
10229,オレスカバンド,10229,False,オレスカバンド
10230,Ketchup Mania,10230,False,Ketchup Mania
10231,HALCALI,10231,False,HALCALI
10232,YUKI,10232,False,YUKI
10233,Buono!,10233,False,Buono!
10234,Yum!Yum!ORANGE,10234,False,Yum!Yum!ORANGE
10235,田村ゆかり,10235,False,田村ゆかり
10236,Puukko-Allu,10236,False,Puukko-Allu
10237,HINOIチーム,10237,False,HINOIチーム
10238,Paffendorf,10238,False,Paffendorf
10239,岡本玲,10239,False,岡本玲
10240,Julma-Henri & Syrjäytyneet,10240,False,Julma-Henri & Syrjäytyneet
10241,ステレオポニー,10241,False,ステレオポニー
10242,詩月カオリ,10242,False,詩月カオリ
10243,やなわらばー,10243,False,やなわらばー
10244,misono,10244,False,misono
10245,S.E.S.,10245,False,S.E.S.
10246,Satou Rina & Inoue Marina & Chihara Minori,10246,False,Satou Rina & Inoue Marina & Chihara Minori
10247,RIP SLYME,10247,False,RIP SLYME
10248,Lo-Fi-Fnk,10248,False,Lo-Fi-Fnk
10249,Akeboshi,10249,False,Akeboshi
10250,Şevval Sam,10250,False,Şevval Sam
10251,Uma Thurman,10251,False,Uma Thurman
10252,Pamela,10252,False,Pamela
10253,Kıraç,10253,False,Kıraç
10254,Ayla Dikmen,10254,False,Ayla Dikmen
10255,Murat Kekilli,10255,False,Murat Kekilli
10256,GÜlay,10256,False,GÜlay
10257,Şenay,10257,False,Şenay
10258,Hatice,10258,False,Hatice
10259,13,10259,False,13
10260,Füsun Önal,10260,False,Füsun Önal
10261,Intizar,10261,False,Intizar
10262,Gül Erda,10262,False,Gül Erda
10263,Rafet El Roman,10263,False,Rafet El Roman
10264,Yui Makino,10264,False,Yui Makino
10265,Elveda Rumeli,10265,False,Elveda Rumeli
10266,Nil Burak,10266,False,Nil Burak
10267,İntizar,10267,False,İntizar
10268,İclal Aydın,10268,False,İclal Aydın
10269,Guelay74,10269,False,Guelay74
10270,paylas.de,10270,False,paylas.de
10271,Hakan Peker,10271,False,Hakan Peker
10272,KiraÇ,10272,False,KiraÇ
10273,Kader,10273,False,Kader
10274,Cici Kızlar,10274,False,Cici Kızlar
10275,SİNAN ÖZEN,10275,False,SİNAN ÖZEN
10276,Tabir,10276,False,Tabir
10277,Zeynep Başkan,10277,False,Zeynep Başkan
10278,Murat Kekİllİ,10278,False,Murat Kekİllİ
10279,BariŞ ManÇo,10279,False,BariŞ ManÇo
10280,Sessizlik,10280,False,Sessizlik
10281,Ebru Yaşar,10281,False,Ebru Yaşar
10282,Cansu Koç,10282,False,Cansu Koç
10289,Fisz,10289,False,Fisz
10295,Jeden Osiem L,10295,False,Jeden Osiem L
10299,Corpore,10299,False,Corpore
10300,Tourniquet,10300,False,Tourniquet
10301,Skunk D.F.,10301,False,Skunk D.F.
10302,Hamlet,10302,False,Hamlet
10303,SKIZOO,10303,False,SKIZOO
10304,Marcos Witt,10304,False,Marcos Witt
10305,Sôber,10305,False,Sôber
10306,dc Talk,10306,False,dc Talk
10307,Tired Of Waiting,10307,False,Tired Of Waiting
10308,Savia,10308,False,Savia
10309,The Red Chord,10309,False,The Red Chord
10310,Sevendust,10310,False,Sevendust
10311,Stravaganzza,10311,False,Stravaganzza
10312,Govinda,10312,False,Govinda
10313,Francis and the Lights,10313,False,Francis and the Lights
10314,Chairlift,10314,False,Chairlift
10315,Mugison,10315,False,Mugison
10316,Allstar Weekend,10316,False,Allstar Weekend
10317,Joe Jonas,10317,False,Joe Jonas
10318,The Friday Night Boys,10318,False,The Friday Night Boys
10319,Lady Gaga feat Beyoncé,10319,False,Lady Gaga feat Beyoncé
10320,Helge Schneider,10320,False,Helge Schneider
10321,Ginger Ninja,10321,False,Ginger Ninja
10322,O.A.R.,10322,False,O.A.R.
10323,The Floor Is Made Of Lava,10323,False,The Floor Is Made Of Lava
10324,Moi Caprice,10324,False,Moi Caprice
10325,Absynthe Minded,10325,False,Absynthe Minded
10326,Yevgueni,10326,False,Yevgueni
10327,Air Traffic,10327,False,Air Traffic
10328,Admiral Freebee,10328,False,Admiral Freebee
10329,Waii,10329,False,Waii
10330,มาช่า วัฒนพานิช,10330,False,มาช่า วัฒนพานิช
10331,Alan Hawkshaw,10331,False,Alan Hawkshaw
10332,Keith Mansfield,10332,False,Keith Mansfield
10333,Piero Umiliani,10333,False,Piero Umiliani
10334,Peter Thomas,10334,False,Peter Thomas
10335,Syd Dale,10335,False,Syd Dale
10336,Hugo Montenegro,10336,False,Hugo Montenegro
10337,Piero Piccioni,10337,False,Piero Piccioni
10338,Armando Trovaioli,10338,False,Armando Trovaioli
10339,Gianni Ferrio,10339,False,Gianni Ferrio
10340,Bruno Nicolai,10340,False,Bruno Nicolai
10341,Perrey & Kingsley,10341,False,Perrey & Kingsley
10342,James Clarke,10342,False,James Clarke
10343,Johnny Pearson,10343,False,Johnny Pearson
10344,Gert Wilden & Orchestra,10344,False,Gert Wilden & Orchestra
10345,Stelvio Cipriani,10345,False,Stelvio Cipriani
10346,The Digs,10346,False,The Digs
10347,Emitt Rhodes,10347,False,Emitt Rhodes
10348,David Lindup,10348,False,David Lindup
10349,Peter Thomas Sound Orchestra,10349,False,Peter Thomas Sound Orchestra
10350,Brian Bennett,10350,False,Brian Bennett
10351,Lalo Schifrin,10351,False,Lalo Schifrin
10352,First Moog Quartet,10352,False,First Moog Quartet
10353,Laurie Johnson,10353,False,Laurie Johnson
10354,Steve Gray,10354,False,Steve Gray
10355,François de Roubaix,10355,False,François de Roubaix
10356,Pino Donaggio,10356,False,Pino Donaggio
10357,Alan Moorhouse,10357,False,Alan Moorhouse
10358,Henry Mancini,10358,False,Henry Mancini
10359,Bruce Haack,10359,False,Bruce Haack
10360,Roy Budd,10360,False,Roy Budd
10361,Nelson Riddle,10361,False,Nelson Riddle
10362,Mort Garson,10362,False,Mort Garson
10363,Martin Denny,10363,False,Martin Denny
10364,Dennis Coffey,10364,False,Dennis Coffey
10365,Walter Wanderley,10365,False,Walter Wanderley
10366,Francesco De Masi,10366,False,Francesco De Masi
10367,The Millennium,10367,False,The Millennium
10368,John Schroeder,10368,False,John Schroeder
10369,Burt Bacharach,10369,False,Burt Bacharach
10370,Goblin,10370,False,Goblin
10371,Margo Guryan,10371,False,Margo Guryan
10372,John Carpenter,10372,False,John Carpenter
10373,John Buzon Trio,10373,False,John Buzon Trio
10374,David Axelrod,10374,False,David Axelrod
10375,Al Caiola,10375,False,Al Caiola
10376,Gil Trythall,10376,False,Gil Trythall
10377,Alain Goraguer,10377,False,Alain Goraguer
10378,girls in the eighties,10378,False,girls in the eighties
10379,Teen Daze,10379,False,Teen Daze
10380,The Wagner logic,10380,False,The Wagner logic
10381,Entertainment For The Braindead,10381,False,Entertainment For The Braindead
10382,False Awakening,10382,False,False Awakening
10383,Esben and the Witch,10383,False,Esben and the Witch
10384,Memoryhouse,10384,False,Memoryhouse
10385,A Place to Bury Strangers,10385,False,A Place to Bury Strangers
10386,Eternal Summers,10386,False,Eternal Summers
10387,Vanda.,10387,False,Vanda.
10388,seabright,10388,False,seabright
10389,Trent Reznor and Atticus Ross,10389,False,Trent Reznor and Atticus Ross
10390,Hurt,10390,False,Hurt
10391,Coyote Clean Up,10391,False,Coyote Clean Up
10392,Jay Dee,10392,False,Jay Dee
10393,Jean Grae,10393,False,Jean Grae
10394,Curtis Mayfield,10394,False,Curtis Mayfield
10395,Roots Manuva,10395,False,Roots Manuva
10396,Citizen Cope,10396,False,Citizen Cope
10397,Cool Calm Pete,10397,False,Cool Calm Pete
10398,Reflection Eternal,10398,False,Reflection Eternal
10399,Jay Electronica,10399,False,Jay Electronica
10400,Jehst,10400,False,Jehst
10401,The Vincent Black Shadow,10401,False,The Vincent Black Shadow
10402,Mad Sin,10402,False,Mad Sin
10403,Bloodsucking Zombies From Outer Space,10403,False,Bloodsucking Zombies From Outer Space
10404,Calabrese,10404,False,Calabrese
10405,Nim Vind,10405,False,Nim Vind
10406,Rezurex,10406,False,Rezurex
10407,Bert Jansch,10407,False,Bert Jansch
10408,The Crimson Ghosts,10408,False,The Crimson Ghosts
10409,Kaddisfly,10409,False,Kaddisfly
10410,Frankenstein Drag Queens From Planet 13,10410,False,Frankenstein Drag Queens From Planet 13
10411,THE VICKERS,10411,False,THE VICKERS
10412,"Crosby, Stills, Nash & Young",10412,False,"Crosby, Stills, Nash & Young"
10413,Tom Zé,10413,False,Tom Zé
10414,The Gerbils,10414,False,The Gerbils
10415,Orquestra Imperial,10415,False,Orquestra Imperial
10416,Katchafire,10416,False,Katchafire
10417,Impacto Cinco,10417,False,Impacto Cinco
10418,Novos Baianos,10418,False,Novos Baianos
10419,Firebug,10419,False,Firebug
10420,Do Amor,10420,False,Do Amor
10421,2AM Club,10421,False,2AM Club
10422,Nonpalidece,10422,False,Nonpalidece
10423,Elza Soares,10423,False,Elza Soares
10424,Silvia Machete,10424,False,Silvia Machete
10425,El Efecto,10425,False,El Efecto
10426,Red Dons,10426,False,Red Dons
10427,3 na Massa,10427,False,3 na Massa
10428,Thinking Fellers Union Local 282,10428,False,Thinking Fellers Union Local 282
10429,Alexandra Stan,10429,False,Alexandra Stan
10430,Otto Dix,10430,False,Otto Dix
10431,Слава,10431,False,Слава
10432,Aya Ueto,10432,False,Aya Ueto
10433,Bomfunk MC's,10433,False,Bomfunk MC's
10434,Izumi Katou,10434,False,Izumi Katou
10435,Мара,10435,False,Мара
10436,Dune,10436,False,Dune
10437,Kabát,10437,False,Kabát
10438,Chaoskinder,10438,False,Chaoskinder
10439,Shakira Ft. Lil Wayne & Timbaland,10439,False,Shakira Ft. Lil Wayne & Timbaland
10440,Dschinghis Khan,10440,False,Dschinghis Khan
10441,The Heart Attacks,10441,False,The Heart Attacks
10442,Glorious Bankrobbers,10442,False,Glorious Bankrobbers
10443,Falling Red,10443,False,Falling Red
10444,The Heartbreakers,10444,False,The Heartbreakers
10445,Graveyard,10445,False,Graveyard
10446,Addiction For Destruction,10446,False,Addiction For Destruction
10447,Peter Pan Speedrock,10447,False,Peter Pan Speedrock
10448,OFF!,10448,False,OFF!
10449,Orchid,10449,False,Orchid
10450,Panzer Princess,10450,False,Panzer Princess
10451,Cowboy Prostitutes,10451,False,Cowboy Prostitutes
10452,Night Fever,10452,False,Night Fever
10453,Magnum,10453,False,Magnum
10454,Argent,10454,False,Argent
10455,Michael Schenker Group,10455,False,Michael Schenker Group
10456,Masters of Reality,10456,False,Masters of Reality
10457,The Union,10457,False,The Union
10458,The Reasoning,10458,False,The Reasoning
10459,Fábio Jr.,10459,False,Fábio Jr.
10460,LS Jack,10460,False,LS Jack
10461,Jazzkantine,10461,False,Jazzkantine
10462,Söhne Mannheims,10462,False,Söhne Mannheims
10463,BAP,10463,False,BAP
10464,Dub Incorporation,10464,False,Dub Incorporation
10465,Alliance Ethnik,10465,False,Alliance Ethnik
10466,Fonky Family,10466,False,Fonky Family
10467,IAM,10467,False,IAM
10468,Incognito,10468,False,Incognito
10469,Wolf Maahn,10469,False,Wolf Maahn
10470,Pride of Lions,10470,False,Pride of Lions
10471,Bob Catley,10471,False,Bob Catley
10472,The Flower Kings,10472,False,The Flower Kings
10473,Redemption,10473,False,Redemption
10474,Liza Marklund,10474,False,Liza Marklund
10475,Pretty Maids,10475,False,Pretty Maids
10476,Arena,10476,False,Arena
10478,The Crowns,10478,False,The Crowns
10479,Spinvis,10479,False,Spinvis
10482,40 УКВ,10482,False,40 УКВ
10483,Свиньи В Космосе,10483,False,Свиньи В Космосе
10484,Torment Day,10484,False,Torment Day
10485,Газон,10485,False,Газон
10486,Пурген,10486,False,Пурген
10487,40 градусов,10487,False,40 градусов
10488,Стингер,10488,False,Стингер
10489,Фантастика,10489,False,Фантастика
10490,The Joystick,10490,False,The Joystick
10491,Кирпичи,10491,False,Кирпичи
10492,Molecul,10492,False,Molecul
10493,Sektor Gaza,10493,False,Sektor Gaza
10494,Элизиум,10494,False,Элизиум
10495,Dёргать!,10495,False,Dёргать!
10496,Karate High School,10496,False,Karate High School
10497,БРИГАДНЫЙ ПОДРЯД,2736,True,Бригадный Подряд
10498,Plush Fish,10498,False,Plush Fish
10499,Паразиты,10499,False,Паразиты
10500,Ray,10500,False,Ray
10501,MUTAGEN,10501,False,MUTAGEN
10502,ГРЕЧКА,10502,False,ГРЕЧКА
10503,10-20 БЕЗ ВЫХОДНЫХ,10503,False,10-20 БЕЗ ВЫХОДНЫХ
10504,Король И Шут,11170,True,Король и Шут
10505,Таке-Тшо,10505,False,Таке-Тшо
10506,Адаптация,10506,False,Адаптация
10507,Насморк,10507,False,Насморк
10508,Marselle,10508,False,Marselle
10509,Duff McKagan,10509,False,Duff McKagan
10510,Ricky Martin & Christina Aguilera,10510,False,Ricky Martin & Christina Aguilera
10511,Great Expectations,10511,False,Great Expectations
10512,E. Górniak /  M. Szcześniak,10512,False,E. Górniak /  M. Szcześniak
10513,Kate Winslet,10513,False,Kate Winslet
10514,Anna Maria Jopek,10514,False,Anna Maria Jopek
10515,dEUS,10515,False,dEUS
10516,Murcof,10516,False,Murcof
10517,Dntel,10517,False,Dntel
10518,Nathan Fake,10518,False,Nathan Fake
10519,Skalpel,10519,False,Skalpel
10520,Soldout,10520,False,Soldout
10521,Bitcrush,10521,False,Bitcrush
10522,Mouse on Mars,10522,False,Mouse on Mars
10523,Gustavo Santaolalla,10523,False,Gustavo Santaolalla
10524,Death in Vegas,10524,False,Death in Vegas
10525,Spineshank,10525,False,Spineshank
10526,Crash Test Dummies,10526,False,Crash Test Dummies
10527,Parque En El Espacio,10527,False,Parque En El Espacio
10528,PerroZompopo,10528,False,PerroZompopo
10529,Federico Miranda,10529,False,Federico Miranda
10530,María Pretiz,10530,False,María Pretiz
10531,José Capmany,10531,False,José Capmany
10532,Santos & Zurdo,10532,False,Santos & Zurdo
10533,Editus,10533,False,Editus
10534,Gandhi,10534,False,Gandhi
10535,The Music,10535,False,The Music
10536,Úztari,10536,False,Úztari
10537,Mad Season,10537,False,Mad Season
10538,Malpaís,10538,False,Malpaís
10539,Kurt Dyer,10539,False,Kurt Dyer
10540,Inconsciente Colectivo,10540,False,Inconsciente Colectivo
10541,Fernando Delgadillo,10541,False,Fernando Delgadillo
10542,Sao Paulo Futebol Clube,10542,False,Sao Paulo Futebol Clube
10543,Joaquin Phoenix,10543,False,Joaquin Phoenix
10544,Vibe Tribe,10544,False,Vibe Tribe
10545,Stolen Babies,10545,False,Stolen Babies
10546,Mezo i Kasia Wilk,10546,False,Mezo i Kasia Wilk
10547,TOKiMONSTA,10547,False,TOKiMONSTA
10548,Epik High,10548,False,Epik High
10549,Lil B,10549,False,Lil B
10550,Freddie Joachim,10550,False,Freddie Joachim
10551,Knxwledge,10551,False,Knxwledge
10552,Blu,10552,False,Blu
10553,Panacea,10553,False,Panacea
10554,Shoji Meguro,10554,False,Shoji Meguro
10555,Curren$y,10555,False,Curren$y
10556,Cannibal Ox,10556,False,Cannibal Ox
10557,Michita,10557,False,Michita
10558,Hudson Mohawke,10558,False,Hudson Mohawke
10559,Crown City Rockers,10559,False,Crown City Rockers
10560,Shin-Ski,10560,False,Shin-Ski
10561,Samiyam,10561,False,Samiyam
10562,Dibiase,10562,False,Dibiase
10563,Trapped Under Ice,10563,False,Trapped Under Ice
10564,Big D and the Kids Table,10564,False,Big D and the Kids Table
10565,Teenage Bottlerocket,10565,False,Teenage Bottlerocket
10566,Down to Nothing,10566,False,Down to Nothing
10567,International Superheroes of Hardcore,10567,False,International Superheroes of Hardcore
10568,True Colors,10568,False,True Colors
10569,Kingdom,10569,False,Kingdom
10570,Blood for Blood,10570,False,Blood for Blood
10571,Mustard Plug,10571,False,Mustard Plug
10572,Guttermouth,10572,False,Guttermouth
10573,All For Nothing,10573,False,All For Nothing
10574,Jaya the Cat,10574,False,Jaya the Cat
10575,Righteous Jams,10575,False,Righteous Jams
10576,Frostbite,10576,False,Frostbite
10577,Internal Affairs,10577,False,Internal Affairs
10578,Hellmouth,10578,False,Hellmouth
10579,The Vandals,10579,False,The Vandals
10580,Furious Styles,10580,False,Furious Styles
10581,All Or Nothing H.C.,10581,False,All Or Nothing H.C.
10582,LM.C,10582,False,LM.C
10583,ORANGE RANGE,10583,False,ORANGE RANGE
10584,Cliff Burton,10584,False,Cliff Burton
10585,Turisas,10585,False,Turisas
10586,Jesus Christ Superstar O.S.T.,10586,False,Jesus Christ Superstar O.S.T.
10587,Gustav Holst,10587,False,Gustav Holst
10588,Ian Anderson,10588,False,Ian Anderson
10589,Trop Tard,10589,False,Trop Tard
10590,Ludovic,10590,False,Ludovic
10591,Vzyadoq Moe,10591,False,Vzyadoq Moe
10592,Nene Altro & O Mal de Caim,10592,False,Nene Altro & O Mal de Caim
10593,DODDODO,10593,False,DODDODO
10594,Norma Loy,10594,False,Norma Loy
10595,Sick Terror,10595,False,Sick Terror
10596,Poésie Noire,10596,False,Poésie Noire
10597,One Less Reason,10597,False,One Less Reason
10598,The Gossip,10598,False,The Gossip
10599,Fabian Buch,10599,False,Fabian Buch
10600,Mario Vazquez,10600,False,Mario Vazquez
10601,Joseph Vincent,10601,False,Joseph Vincent
10602,Digga,10602,False,Digga
10603,Massari,10603,False,Massari
10604,Juli,10604,False,Juli
10605,ashe watson,10605,False,ashe watson
10606,Taio Cruz Feat. Kylie Minogue,10606,False,Taio Cruz Feat. Kylie Minogue
10607,Tinie Tempah feat. Kelly Rowland,10607,False,Tinie Tempah feat. Kelly Rowland
10608,Mario,10608,False,Mario
10609,Titus Andronicus,10609,False,Titus Andronicus
10610,Menomena,10610,False,Menomena
10611,Fang Island,10611,False,Fang Island
10612,Das Racist,10612,False,Das Racist
10613,Carissa's Wierd,10613,False,Carissa's Wierd
10614,High Places,10614,False,High Places
10615,Wavves,10615,False,Wavves
10616,Bear in Heaven,10616,False,Bear in Heaven
10617,Superguidis,10617,False,Superguidis
10618,Shout Out Louds,10618,False,Shout Out Louds
10619,Gluecifer,10619,False,Gluecifer
10620,MC5,10620,False,MC5
10621,Paul Anka,10621,False,Paul Anka
10622,Welle:Erdball,10622,False,Welle:Erdball
10623,Beverly Kenney,10623,False,Beverly Kenney
10624,Joni James,10624,False,Joni James
10625,Andy Bell,10625,False,Andy Bell
10626,Cliff Richard,10626,False,Cliff Richard
10627,Andy Williams,10627,False,Andy Williams
10628,Doris Day,10628,False,Doris Day
10629,T.O.Y.,10629,False,T.O.Y.
10630,Neil Sedaka,10630,False,Neil Sedaka
10631,Vacuum,10631,False,Vacuum
10632,Jo Stafford,10632,False,Jo Stafford
10633,Marc and the Mambas,10633,False,Marc and the Mambas
10634,Engelbert Humperdinck,10634,False,Engelbert Humperdinck
10635,!DISTAIN,10635,False,!DISTAIN
10636,Dark Voices,10636,False,Dark Voices
10637,Pernilla Wahlgren,10637,False,Pernilla Wahlgren
10638,Connie Francis,10638,False,Connie Francis
10639,Slimmy,10639,False,Slimmy
10640,Lesley Roy,10640,False,Lesley Roy
10641,Savannah Outen,10641,False,Savannah Outen
10642,N-O-D,10642,False,N-O-D
10643,M.A.N.,10643,False,M.A.N.
10644,Tenkan,10644,False,Tenkan
10645,M.A.N,10645,False,M.A.N
10646,Icon In Me,10646,False,Icon In Me
10647,Synthetic Breed,10647,False,Synthetic Breed
10648,Stuck In Kaos,10648,False,Stuck In Kaos
10649,Blooms,10649,False,Blooms
10650,Oceana,10650,False,Oceana
10651,TriaGrutriKa,10651,False,TriaGrutriKa
10652,Au Pairs,10652,False,Au Pairs
10653,Dion & The Belmonts,10653,False,Dion & The Belmonts
10654,Mongrel,10654,False,Mongrel
10655,Dominic Chianese,10655,False,Dominic Chianese
10656,Ben E. King,10656,False,Ben E. King
10657,The Like,10657,False,The Like
10658,Cassius,10658,False,Cassius
10659,Juj,10659,False,Juj
10660,Coockoo,10660,False,Coockoo
10661,The Cadillacs,10661,False,The Cadillacs
10662,Hüsker Dü,10662,False,Hüsker Dü
10663,Easy Star All-Stars,10663,False,Easy Star All-Stars
10664,Drakula,10664,False,Drakula
10668,Alex Band,10668,False,Alex Band
10670,Taylor Lautner,10670,False,Taylor Lautner
10671,Jason Derulo,10671,False,Jason Derulo
10672,Voivod,10672,False,Voivod
10673,Steve Von Till,10673,False,Steve Von Till
10674,Tragedy,10674,False,Tragedy
10675,maudlin of the Well,10675,False,maudlin of the Well
10676,Wolves in the Throne Room,10676,False,Wolves in the Throne Room
10677,The Wreckers,10677,False,The Wreckers
10678,I Nine,10678,False,I Nine
10679,Jessica Harp,10679,False,Jessica Harp
10680,Joanna Pacitti,10680,False,Joanna Pacitti
10681,Morningwood,10681,False,Morningwood
10682,Jonna Lee,10682,False,Jonna Lee
10683,Daisy Dares You,10683,False,Daisy Dares You
10684,Colette Carr,10684,False,Colette Carr
10685,Electrocute,10685,False,Electrocute
10686,U.D.O.,10686,False,U.D.O.
10687,Blue Tears,10687,False,Blue Tears
10688,Baton Rouge,10688,False,Baton Rouge
10689,Kix,10689,False,Kix
10690,Catch the Rainbow,10690,False,Catch the Rainbow
10691,Madredeus,10691,False,Madredeus
10693,Canto dos Malditos na Terra do Nunca,10693,False,Canto dos Malditos na Terra do Nunca
10694,Bobina,10694,False,Bobina
10695,Jan A.P. Kaczmarek,10695,False,Jan A.P. Kaczmarek
10696,Tiesto pres. Alone In The Dark,10696,False,Tiesto pres. Alone In The Dark
10697,Audible,10697,False,Audible
10698,System F,10698,False,System F
10699,Antoine Clamaran,10699,False,Antoine Clamaran
10700,J:МОРС,10700,False,J:МОРС
10701,Dash Berlin Feat Solid Sessions,10701,False,Dash Berlin Feat Solid Sessions
10702,Nadia Ali,10702,False,Nadia Ali
10703,Dakota,10703,False,Dakota
10704,Cosmic Gate feat. Emma Hewitt,10704,False,Cosmic Gate feat. Emma Hewitt
10705,The Sound of Arrows,10705,False,The Sound of Arrows
10706,Tiesto feat. Charlotte Martin,10706,False,Tiesto feat. Charlotte Martin
10707,Tiesto feat. Christian Burns,10707,False,Tiesto feat. Christian Burns
10708,Lyapis Trubetskoy,10708,False,Lyapis Trubetskoy
10709,Laurent Wolf,10709,False,Laurent Wolf
10710,Moonbeam feat. Avis Vox,10710,False,Moonbeam feat. Avis Vox
10711,Tasadi,10711,False,Tasadi
10712,Hotwire,10712,False,Hotwire
10713,Sapo Banjo,10713,False,Sapo Banjo
10714,New Artist (91),10714,False,New Artist (91)
10715,The Outfield,10715,False,The Outfield
10716,Synesthesia,10716,False,Synesthesia
10717,Juan Luis Guerra,10717,False,Juan Luis Guerra
10718,The Datsuns,10718,False,The Datsuns
10719,Arms and Sleepers,10719,False,Arms and Sleepers
10720,We Have Band,10720,False,We Have Band
10722,Sexy Sushi,10722,False,Sexy Sushi
10724,Ken,10724,False,Ken
10729,Gotye,10729,False,Gotye
10730,Деси Слава,10730,False,Деси Слава
10731,Галена,10731,False,Галена
10732,Преслава,10732,False,Преслава
10733,Анелия,10733,False,Анелия
10734,Камелия,10734,False,Камелия
10735,Райна,10735,False,Райна
10736,Trouble Over Tokyo,10736,False,Trouble Over Tokyo
10737,Blindside,10737,False,Blindside
10738,Lali Puna,10738,False,Lali Puna
10739,F.A.Q.,10739,False,F.A.Q.
10740,Blackmail,10740,False,Blackmail
10741,Kaukázus,10741,False,Kaukázus
10742,The Germs,10742,False,The Germs
10743,Dolly Mixture,10743,False,Dolly Mixture
10744,The Spits,10744,False,The Spits
10745,The Standells,10745,False,The Standells
10746,The Weirdos,10746,False,The Weirdos
10747,Marine Girls,10747,False,Marine Girls
10748,The Seeds,10748,False,The Seeds
10749,The Sex Pistols,10749,False,The Sex Pistols
10750,The Lurkers,10750,False,The Lurkers
10751,The Barbarians,10751,False,The Barbarians
10752,Ian Hunter,10752,False,Ian Hunter
10753,Sham 69,10753,False,Sham 69
10754,The Music Machine,10754,False,The Music Machine
10755,The Templars,10755,False,The Templars
10756,Television Personalities,10756,False,Television Personalities
10757,Slaughter and The Dogs,10757,False,Slaughter and The Dogs
10758,The Carpettes,10758,False,The Carpettes
10759,Adolescents,10759,False,Adolescents
10760,Link Wray & the Raymen,10760,False,Link Wray & the Raymen
10761,The Adverts,10761,False,The Adverts
10762,The Litter,10762,False,The Litter
10763,Big Boys,10763,False,Big Boys
10764,The Dictators,10764,False,The Dictators
10765,D.I.,10765,False,D.I.
10766,The Monochrome Set,10766,False,The Monochrome Set
10767,Richard Hell & The Voidoids,10767,False,Richard Hell & The Voidoids
10768,Razor,10768,False,Razor
10769,Evildead,10769,False,Evildead
10770,Raven,10770,False,Raven
10771,Holy Moses,10771,False,Holy Moses
10772,Dark Angel,10772,False,Dark Angel
10773,Tank,10773,False,Tank
10774,Protector,10774,False,Protector
10775,Whiplash,10775,False,Whiplash
10776,Tygers of Pan Tang,10776,False,Tygers of Pan Tang
10777,Angel Witch,10777,False,Angel Witch
10778,Aubrey O'Day,10778,False,Aubrey O'Day
10779,"Demi Lovato, Alyson Stoner, Anna Maria Perez de Taglé & Char Ligera",10779,False,"Demi Lovato, Alyson Stoner, Anna Maria Perez de Taglé & Char Ligera"
10780,Kim Kardashian,10780,False,Kim Kardashian
10781,"Demi Lovato, Meaghan Martin, Jordan Francis, Alyson Stoner, Matthew ""Mdot"" Finley & Roshon Fegan",10781,False,"Demi Lovato, Meaghan Martin, Jordan Francis, Alyson Stoner, Matthew ""Mdot"" Finley & Roshon Fegan"
10782,"Aaron Doyle, Demi Lovato & Meaghan Martin",10782,False,"Aaron Doyle, Demi Lovato & Meaghan Martin"
10783,The Coverband,10783,False,The Coverband
10784,LoveHateHero,10784,False,LoveHateHero
10785,XIII. Století,10785,False,XIII. Století
10793,Michale Graves,10793,False,Michale Graves
10794,X-Mal Deutschland,10794,False,X-Mal Deutschland
10797,Cinedisco,10797,False,Cinedisco
10798,Phone Trio,10798,False,Phone Trio
10799,Polara,10799,False,Polara
10800,Dandara,10800,False,Dandara
10801,Discoteque,10801,False,Discoteque
10802,Noção de Nada,10802,False,Noção de Nada
10803,Deluxe Trio,10803,False,Deluxe Trio
10804,Blitz,10804,False,Blitz
10805,Malni,10805,False,Malni
10806,Dibob,10806,False,Dibob
10807,SuG,10807,False,SuG
10808,Travis Garland,10808,False,Travis Garland
10809,miss A,10809,False,miss A
10810,島谷ひとみ,10810,False,島谷ひとみ
10811,Janne Da Arc,10811,False,Janne Da Arc
10812,Jarboe,10812,False,Jarboe
10814,John Parish and Polly Jean Harvey,10814,False,John Parish and Polly Jean Harvey
10820,Aereogramme,10820,False,Aereogramme
10821,Beyoncé (I Am Tour@Edmonton),10821,False,Beyoncé (I Am Tour@Edmonton)
10822,Wilmie,10822,False,Wilmie
10823,Michele Adamson,10823,False,Michele Adamson
10824,David Hodges,10824,False,David Hodges
10825,Noctura,10825,False,Noctura
10826,Solstice,10826,False,Solstice
10827,Amy Lee,10827,False,Amy Lee
10828,Mostly Autumn,10828,False,Mostly Autumn
10829,Pekka Pohjola,10829,False,Pekka Pohjola
10830,Ass,10830,False,Ass
10831,Amesoeurs,10831,False,Amesoeurs
10832,Cathis Ord,10832,False,Cathis Ord
10833,Edge of Sanity,10833,False,Edge of Sanity
10834,Hiroshi Miyagawa,10834,False,Hiroshi Miyagawa
10835,Gösta Berlings Saga,10835,False,Gösta Berlings Saga
10836,Working for a Nuclear Free City,10836,False,Working for a Nuclear Free City
10837,Matthew Good,10837,False,Matthew Good
10838,Santerna,10838,False,Santerna
10839,Gaia,10839,False,Gaia
10840,Olivier Deriviere,10840,False,Olivier Deriviere
10841,Michael Tsukerman,10841,False,Michael Tsukerman
10842,The Blizzard,10842,False,The Blizzard
10843,Rolfe Kent,10843,False,Rolfe Kent
10844,Susana,10844,False,Susana
10845,Capcom Sound Team,10845,False,Capcom Sound Team
10846,III,10846,False,III
10847,The Replacements,10847,False,The Replacements
10848,Minutemen,10848,False,Minutemen
10849,Daisuke Ishiwatari,10849,False,Daisuke Ishiwatari
10850,William Lane Craig,10850,False,William Lane Craig
10851,Soul Asylum,10851,False,Soul Asylum
10852,Guns N Roses &Alice Cooper,10852,False,Guns N Roses &Alice Cooper
10853,Mr. Lawrence,10853,False,Mr. Lawrence
10854,Tinyfolk,10854,False,Tinyfolk
10855,Richard Gibbs,10855,False,Richard Gibbs
10856,ZYGONOCK!,10856,False,ZYGONOCK!
10857,Stabbing Westward,10857,False,Stabbing Westward
10858,Wuffles,10858,False,Wuffles
10859,Orgy,10859,False,Orgy
10860,Halo33,10860,False,Halo33
10861,Ike Yoshihiro,10861,False,Ike Yoshihiro
10864,Entwine,10864,False,Entwine
10865,Lunatica,10865,False,Lunatica
10867,For My Pain...,10867,False,For My Pain...
10870,Beseech,10870,False,Beseech
10871,D-Bo,10871,False,D-Bo
10872,Tua,10872,False,Tua
10873,Nazar & Raf Camora,10873,False,Nazar & Raf Camora
10874,RAF Camora,10874,False,RAF Camora
10875,Maeckes,10875,False,Maeckes
10876,Bizzy Montana,10876,False,Bizzy Montana
10877,Taichi,10877,False,Taichi
10878,Shiml,10878,False,Shiml
10879,Saad,10879,False,Saad
10880,Kay One,10880,False,Kay One
10881,Tua und Vasee,10881,False,Tua und Vasee
10882,Maeckes und Plan B,10882,False,Maeckes und Plan B
10883,Nate57,10883,False,Nate57
10884,Sonny Black und Frank White,10884,False,Sonny Black und Frank White
10885,Fler,10885,False,Fler
10886,Aggro Berlin,10886,False,Aggro Berlin
10889,Claudio Monteverdi,10889,False,Claudio Monteverdi
10890,Amenra,10890,False,Amenra
10891,Charles Mingus,10891,False,Charles Mingus
10892,Tesa,10892,False,Tesa
10893,Viktor Vaughn,10893,False,Viktor Vaughn
10894,Peste Noire,10894,False,Peste Noire
10895,Gorod,10895,False,Gorod
10897,Farben Lehre,10897,False,Farben Lehre
10898,Zespół Reprezentacyjny,10898,False,Zespół Reprezentacyjny
10899,Łąki Łan,10899,False,Łąki Łan
10900,Insite,10900,False,Insite
10901,Thermo,10901,False,Thermo
10902,Shirobon,10902,False,Shirobon
10903,Elli Noise,10903,False,Elli Noise
10904,Course for teenagers,10904,False,Course for teenagers
10905,hummersqueal,10905,False,hummersqueal
10906,Peter Cincotti,10906,False,Peter Cincotti
10907,Damien Saez,10907,False,Damien Saez
10908,Hindi Zahra,10908,False,Hindi Zahra
10909,Djezma,10909,False,Djezma
10910,Keziah Jones,10910,False,Keziah Jones
10911,Hugh Coltman,10911,False,Hugh Coltman
10912,Balkan Beat Box,10912,False,Balkan Beat Box
10913,Matt Dusk,10913,False,Matt Dusk
10914,Hocus Pocus,10914,False,Hocus Pocus
10915,Harcsa Veronika,10915,False,Harcsa Veronika
10916,Cheikh Sidi Bemol,10916,False,Cheikh Sidi Bemol
10917,David Garrett,10917,False,David Garrett
10918,Bebel Gilberto,10918,False,Bebel Gilberto
10919,Artist Vs Poet,10919,False,Artist Vs Poet
10920,Scenes And Sirens,10920,False,Scenes And Sirens
10921,Josephine Collective,10921,False,Josephine Collective
10922,Watchout! Theres Ghosts,10922,False,Watchout! Theres Ghosts
10923,Brighten,10923,False,Brighten
10924,Sing It Loud,10924,False,Sing It Loud
10925,黃立行,10925,False,黃立行
10926,ALI PROJECT,10926,False,ALI PROJECT
10927,Acoustic Cafe,10927,False,Acoustic Cafe
10928,Mario Galaxy Orchestra,10928,False,Mario Galaxy Orchestra
10929,有澤孝紀,10929,False,有澤孝紀
10930,Lemon Room Project,10930,False,Lemon Room Project
10931,分島花音,10931,False,分島花音
10932,Bishoujo Senshi,10932,False,Bishoujo Senshi
10933,河野伸,10933,False,河野伸
10934,劉德華,10934,False,劉德華
10935,서태지,10935,False,서태지
10936,Yo-Yo Ma,10936,False,Yo-Yo Ma
10937,HAKUEI,10937,False,HAKUEI
10938,Mr.,10938,False,Mr.
10939,Vanilla Unity,10939,False,Vanilla Unity
10940,闇の末裔,10940,False,闇の末裔
10941,school food punishment,10941,False,school food punishment
10942,菅野祐悟,10942,False,菅野祐悟
10943,Chester French,10943,False,Chester French
10952,Ultima Thule,10952,False,Ultima Thule
10953,Dimension Zero,10953,False,Dimension Zero
10954,Imperanon,10954,False,Imperanon
10955,Andrew W.K.,10955,False,Andrew W.K.
10956,Before the Dawn,10956,False,Before the Dawn
10957,Wolfchant,10957,False,Wolfchant
10958,Helltrain,10958,False,Helltrain
10959,Missing Hours,10959,False,Missing Hours
10960,Jam & Spoon,10960,False,Jam & Spoon
10961,Embrace,10961,False,Embrace
10962,7 Days Away,10962,False,7 Days Away
10963,Ultraviolet Sound,10963,False,Ultraviolet Sound
10964,T. Mills,10964,False,T. Mills
10965,Rusko Star,10965,False,Rusko Star
10966,Histeria,10966,False,Histeria
10967,Chris Crocker,10967,False,Chris Crocker
10968,Rino Gaetano,10968,False,Rino Gaetano
10969,Françoise Hardy,10969,False,Françoise Hardy
10970,Fairport Convention,10970,False,Fairport Convention
10971,Keith Moon,10971,False,Keith Moon
10972,The Mooney Suzuki,10972,False,The Mooney Suzuki
10973,Draconian,10973,False,Draconian
10974,Beati Mortui,10974,False,Beati Mortui
10975,Leandra,10975,False,Leandra
10976,The LoveCrave,10976,False,The LoveCrave
10977,My Ruin,10977,False,My Ruin
10978,Dark Princess,10978,False,Dark Princess
10979,Mandragora Scream,10979,False,Mandragora Scream
10980,Trail of Tears,10980,False,Trail of Tears
10981,Betty X,10981,False,Betty X
10982,Lullacry,10982,False,Lullacry
10983,Brendon Urie,10983,False,Brendon Urie
10984,Black Gold,10984,False,Black Gold
10985,Brendon Urie and Dresden Dolls,10985,False,Brendon Urie and Dresden Dolls
10986,Paniс At The Disco,10986,False,Paniс At The Disco
10987,Brodka,10987,False,Brodka
10988,Kayah,10988,False,Kayah
10989,Fantasia,10989,False,Fantasia
10990,Vanessa Amorosi,10990,False,Vanessa Amorosi
10991,Ramona Rey,10991,False,Ramona Rey
10992,Swedish House Mafia,10992,False,Swedish House Mafia
10993,Rosa Tattooada,10993,False,Rosa Tattooada
10994,Garotos da Rua,10994,False,Garotos da Rua
10995,Camisa de Vênus,10995,False,Camisa de Vênus
10996,Uns e Outros,10996,False,Uns e Outros
10997,Anthony Hamilton,10997,False,Anthony Hamilton
10998,X-Rx,10998,False,X-Rx
10999,Hopesfall,10999,False,Hopesfall
11000,Neil Perry,11000,False,Neil Perry
11001,Fim do Silêncio,11001,False,Fim do Silêncio
11002,Bezerra Da Silva,11002,False,Bezerra Da Silva
11003,And None of Them Knew They Were Robots,11003,False,And None of Them Knew They Were Robots
11004,An Albatross,11004,False,An Albatross
11005,Danse Macabre,11005,False,Danse Macabre
11006,Belle Epoque,11006,False,Belle Epoque
11007,Spring Awakening Original Broadway Cast,11007,False,Spring Awakening Original Broadway Cast
11008,Legally Blonde,11008,False,Legally Blonde
11009,Wicked (2003 Original Broadway Cast),11009,False,Wicked (2003 Original Broadway Cast)
11010,High School Musical Cast,11010,False,High School Musical Cast
11011,Felipe Dylon,11011,False,Felipe Dylon
11012,Sandy & Júnior,11012,False,Sandy & Júnior
11013,Eduardo Carnevale,11013,False,Eduardo Carnevale
11014,2009 Broadway Revival Cast,11014,False,2009 Broadway Revival Cast
11015,Nxzero,11015,False,Nxzero
11016,Wicked Original Broadway Cast,11016,False,Wicked Original Broadway Cast
11017,Miss Saigon,11017,False,Miss Saigon
11018,TRUSTcompany,11018,False,TRUSTcompany
11019,Brokenkites,11019,False,Brokenkites
11020,Buddha Bar,11020,False,Buddha Bar
11021,Augie March,11021,False,Augie March
11023,Xavier Rudd,11023,False,Xavier Rudd
11024,Brian McFadden,11024,False,Brian McFadden
11030,†‡†,11030,False,†‡†
11031,Tying Tiffany,11031,False,Tying Tiffany
11032,The Human Abstract,11032,False,The Human Abstract
11033,Cookie Monsta,11033,False,Cookie Monsta
11034,The Bronx,11034,False,The Bronx
11035,Tower of Rome,11035,False,Tower of Rome
11036,The Fartz,11036,False,The Fartz
11037,Big H,11037,False,Big H
11038,Skepta,11038,False,Skepta
11039,Flipper,11039,False,Flipper
11040,Durrty Goodz,11040,False,Durrty Goodz
11041,XBXRX,11041,False,XBXRX
11042,Circle Jerks,11042,False,Circle Jerks
11043,Hell Razah,11043,False,Hell Razah
11044,JME,11044,False,JME
11045,Masta Killa,11045,False,Masta Killa
11046,Youth Brigade,11046,False,Youth Brigade
11047,Jammer,11047,False,Jammer
11048,Chillsongs,11048,False,Chillsongs
11049,Saybia,11049,False,Saybia
11050,Hannah Fury,11050,False,Hannah Fury
11051,Ive Mendes,11051,False,Ive Mendes
11052,The Daysleepers,11052,False,The Daysleepers
11053,Under Byen,11053,False,Under Byen
11055,The Matches,11055,False,The Matches
11056,The Graduate,11056,False,The Graduate
11061,Sherwood,11061,False,Sherwood
11062,Joe,11062,False,Joe
11063,Jagged Edge,11063,False,Jagged Edge
11064,Donell Jones,11064,False,Donell Jones
11065,112,11065,False,112
11066,Jodeci,11066,False,Jodeci
11067,Tyrese,11067,False,Tyrese
11068,Keith Sweat,11068,False,Keith Sweat
11069,Marques Houston,11069,False,Marques Houston
11070,Brian McKnight,11070,False,Brian McKnight
11071,Mint Condition,11071,False,Mint Condition
11072,Case,11072,False,Case
11073,Silk,11073,False,Silk
11074,Morgan Heritage,11074,False,Morgan Heritage
11075,Lyfe Jennings,11075,False,Lyfe Jennings
11076,Jaheim,11076,False,Jaheim
11077,Carl Thomas,11077,False,Carl Thomas
11078,SWV,11078,False,SWV
11079,Jon B.,11079,False,Jon B.
11080,Jamie Foxx,11080,False,Jamie Foxx
11081,Babyface,11081,False,Babyface
11082,Vivian Green,11082,False,Vivian Green
11083,Rahsaan Patterson,11083,False,Rahsaan Patterson
11084,Moenia,11084,False,Moenia
11085,Marc Anthony,11085,False,Marc Anthony
11086,5F-X,11086,False,5F-X
11087,Hanzel und Gretyl,11087,False,Hanzel und Gretyl
11088,Monolith,11088,False,Monolith
11089,100blumen,11089,False,100blumen
11090,Ah Cama-Sotz,11090,False,Ah Cama-Sotz
11091,Empusae,11091,False,Empusae
11092,Converter,11092,False,Converter
11093,32Crash,11093,False,32Crash
11094,This Morn' Omina,11094,False,This Morn' Omina
11095,Synapscape,11095,False,Synapscape
11096,Tzolk'in,11096,False,Tzolk'in
11097,Iszoloscope,11097,False,Iszoloscope
11098,Rapoon,11098,False,Rapoon
11099,Lull,11099,False,Lull
11100,Manufactura,11100,False,Manufactura
11101,Add N to (X),11101,False,Add N to (X)
11102,Herbst9,11102,False,Herbst9
11103,Proyecto Mirage,11103,False,Proyecto Mirage
11104,KiEw,11104,False,KiEw
11105,Phelios,11105,False,Phelios
11106,Punch Inc.,11106,False,Punch Inc.
11107,Klinik,11107,False,Klinik
11108,P.A.L.,11108,False,P.A.L.
11109,Mathias Grassow,11109,False,Mathias Grassow
11110,Vromb,11110,False,Vromb
11111,Ad·ver·sary,11111,False,Ad·ver·sary
11112,Sam,11112,False,Sam
11113,Tribes of Neurot,11113,False,Tribes of Neurot
11114,Orphx,11114,False,Orphx
11115,Geomatic,11115,False,Geomatic
11116,Totakeke,11116,False,Totakeke
11117,Imminent Starvation,11117,False,Imminent Starvation
11118,Air Liquide,11118,False,Air Liquide
11119,Endless Hallway,11119,False,Endless Hallway
11120,A Life Once Lost,11120,False,A Life Once Lost
11121,Children Collide,11121,False,Children Collide
11122,Strata,11122,False,Strata
11123,AcousmatiK,11123,False,AcousmatiK
11124,J.J. Cale,11124,False,J.J. Cale
11125,Sinclair,11125,False,Sinclair
11126,Richard Devine,11126,False,Richard Devine
11127,xxx xxx,11127,False,xxx xxx
11128,Monolake,11128,False,Monolake
11129,Boom Bip,11129,False,Boom Bip
11130,Datach'i,11130,False,Datach'i
11131,Jega,11131,False,Jega
11132,Gnawa Diffusion,11132,False,Gnawa Diffusion
11133,Renan Luce,11133,False,Renan Luce
11134,Mugar,11134,False,Mugar
11135,Kora Jazz Trio,11135,False,Kora Jazz Trio
11136,Khaled,11136,False,Khaled
11137,Dj Nassim,11137,False,Dj Nassim
11138,ghouti,11138,False,ghouti
11139,Bob Sinclar,11139,False,Bob Sinclar
11140,Baaziz,11140,False,Baaziz
11141,Cheb Khaled feat. Cheba Zahouania,11141,False,Cheb Khaled feat. Cheba Zahouania
11142,John O'Callaghan feat. Audrey Gallagher,11142,False,John O'Callaghan feat. Audrey Gallagher
11143,Antony Raijekov,11143,False,Antony Raijekov
11144,"Thierry ""Titi"" Robin",11144,False,"Thierry ""Titi"" Robin"
11145,Get Far,11145,False,Get Far
11146,John Powell,11146,False,John Powell
11147,Алла Пугачёва,11147,False,Алла Пугачёва
11148,Jody Wisternoff,11148,False,Jody Wisternoff
11149,Tom Snare,11149,False,Tom Snare
11150,Julien Doré,11150,False,Julien Doré
11151,John Modena,11151,False,John Modena
11152,"Armin Van Buuren, DJ Shah feat. Sharon Den Adel",11152,False,"Armin Van Buuren, DJ Shah feat. Sharon Den Adel"
11153,Djamel,11153,False,Djamel
11154,Felipe Smu,11154,False,Felipe Smu
11155,Uh Huh Her,11155,False,Uh Huh Her
11156,The O.C. Soundtrack,11156,False,The O.C. Soundtrack
11157,Tyler Ward,11157,False,Tyler Ward
11158,Área restrita,11158,False,Área restrita
11159,Acid Witch,11159,False,Acid Witch
11160,Коррозия Металла,11160,False,Коррозия Металла
11161,U.S. Christmas,11161,False,U.S. Christmas
11162,Vulvectomy,11162,False,Vulvectomy
11163,Weedeater,11163,False,Weedeater
11164,The Burglars,11164,False,The Burglars
11165,Milking The Goatmachine,11165,False,Milking The Goatmachine
11166,Robin Gibb,11166,False,Robin Gibb
11167,Hi-Fi,11167,False,Hi-Fi
11168,Gala,11168,False,Gala
11169,Леонид Агутин,11169,False,Леонид Агутин
11170,Король и Шут,11170,False,Король и Шут
11171,Roma Kenga,11171,False,Roma Kenga
11172,Русский Размер,11172,False,Русский Размер
11173,SHURA,11173,False,SHURA
11174,Nena & Kim Wilde,11174,False,Nena & Kim Wilde
11175,Борис Гребенщиков,11175,False,Борис Гребенщиков
11176,Redrama,11176,False,Redrama
11177,Violins,11177,False,Violins
11178,MQN,11178,False,MQN
11179,The Thrills,11179,False,The Thrills
11180,Fígado Killer,11180,False,Fígado Killer
11181,The Walkmen,11181,False,The Walkmen
11182,Nação Zumbi,11182,False,Nação Zumbi
11183,Quicksand,11183,False,Quicksand
11184,The Fire Theft,11184,False,The Fire Theft
11185,Marcy Playground,11185,False,Marcy Playground
11186,Pzychobitch,11186,False,Pzychobitch
11187,Yendri,11187,False,Yendri
11188,Lola Angst,11188,False,Lola Angst
11189,Cyber Whore meets Krachmaschine,11189,False,Cyber Whore meets Krachmaschine
11190,La Magra,11190,False,La Magra
11191,Esem,11191,False,Esem
11192,Sanguis et Cinis,11192,False,Sanguis et Cinis
11193,Hallucinogen,11193,False,Hallucinogen
11194,Melleefresh & Deadmau5,11194,False,Melleefresh & Deadmau5
11195,Armageddon Dildos,11195,False,Armageddon Dildos
11196,Altera Forma,11196,False,Altera Forma
11197,cut.rate.box,11197,False,cut.rate.box
11198,Z Prochek,11198,False,Z Prochek
11199,In[Perfektion],11199,False,In[Perfektion]
11200,Alex Smoke,11200,False,Alex Smoke
11201,Jan Jelinek,11201,False,Jan Jelinek
11202,Marc Houle,11202,False,Marc Houle
11203,GreenGender,11203,False,GreenGender
11204,Dabrye,11204,False,Dabrye
11205,Alex Under,11205,False,Alex Under
11206,The Black Dog,11206,False,The Black Dog
11207,Deepspace,11207,False,Deepspace
11208,Two Lone Swordsmen,11208,False,Two Lone Swordsmen
11209,Brothomstates,11209,False,Brothomstates
11210,The Ghost Orchid,11210,False,The Ghost Orchid
11211,Dimlite,11211,False,Dimlite
11213,Dane Cook,11213,False,Dane Cook
11215,IMA Robot,11215,False,IMA Robot
11217,Hillsong,11217,False,Hillsong
11218,Planetshakers,11218,False,Planetshakers
11219,Kabah,11219,False,Kabah
11220,En espíritu y en verdad,11220,False,En espíritu y en verdad
11221,Rojo,11221,False,Rojo
11222,Ben Moody,11222,False,Ben Moody
11223,Chris Tomlin,11223,False,Chris Tomlin
11224,Hillsong London,11224,False,Hillsong London
11225,Brandnew Sunset,11225,False,Brandnew Sunset
11226,Silly Fools,11226,False,Silly Fools
11227,Evita,11227,False,Evita
11228,The Syncope Threshold,11228,False,The Syncope Threshold
11229,Richard Hawley,11229,False,Richard Hawley
11230,Bernard Butler,11230,False,Bernard Butler
11231,ザ・クロマニヨンズ,11231,False,ザ・クロマニヨンズ
11232,McAlmont & Butler,11232,False,McAlmont & Butler
11233,Roddy Frame,11233,False,Roddy Frame
11234,Jarvis Cocker,11234,False,Jarvis Cocker
11235,Palace Fires,11235,False,Palace Fires
11236,Superchic[k],11236,False,Superchic[k]
11237,Eberg,11237,False,Eberg
11238,Jersey,11238,False,Jersey
11239,Kate Earl,11239,False,Kate Earl
11240,Diane Birch,11240,False,Diane Birch
11241,Jessica Lowndes,11241,False,Jessica Lowndes
11242,Samantha Newark,11242,False,Samantha Newark
11243,Freur,11243,False,Freur
11244,Youth Group,11244,False,Youth Group
11245,Leo e giba,11245,False,Leo e giba
11246,Arnaldo & Alexandre,11246,False,Arnaldo & Alexandre
11247,Jovem Pan,11247,False,Jovem Pan
11248,Jessy,11248,False,Jessy
11249,Bruno & Marrone,11249,False,Bruno & Marrone
11250,Rodrigo e Rogério,11250,False,Rodrigo e Rogério
11251,Rodrigo e Rogerio,11251,False,Rodrigo e Rogerio
11252,Jessica Sutta,11252,False,Jessica Sutta
11253,Better Than Ezra,11253,False,Better Than Ezra
11254,Scotty Don't,11254,False,Scotty Don't
11255,Slightly Stoopid,11255,False,Slightly Stoopid
11256,Infant Sorrow,11256,False,Infant Sorrow
11263,Phoenix and the Turtle,11263,False,Phoenix and the Turtle
11264,Flies are Spies from Hell,11264,False,Flies are Spies from Hell
11265,Морэ & Рэльсы,11265,False,Морэ & Рэльсы
11267,Message to Bears,11267,False,Message to Bears
11268,Мельница,11268,False,Мельница
11272,And So I Watch You From Afar,11272,False,And So I Watch You From Afar
11273,All Time Low㩺,11273,False,All Time Low㩺
11274,All Time Low琀,11274,False,All Time Low琀
11275,What Looks Like Crazy,11275,False,What Looks Like Crazy
11276,emo.,11276,False,emo.
11277,王若琳,11277,False,王若琳
11280,Keren Ann,11280,False,Keren Ann
11281,Vienna Teng,11281,False,Vienna Teng
11282,Three Mile Pilot,11282,False,Three Mile Pilot
11283,Amplifier,11283,False,Amplifier
11284,Constants,11284,False,Constants
11285,Mission of Burma,11285,False,Mission of Burma
11286,Favez,11286,False,Favez
11287,The Dismemberment Plan,11287,False,The Dismemberment Plan
11288,Scraps of Tape,11288,False,Scraps of Tape
11289,A Sunny Day in Glasgow,11289,False,A Sunny Day in Glasgow
11290,Pontiak,11290,False,Pontiak
11291,"Us, From Outside",11291,False,"Us, From Outside"
11292,Dubba Jonny,11292,False,Dubba Jonny
11293,Scarlett O'Hara,11293,False,Scarlett O'Hara
11294,Watchout! There's Ghosts,11294,False,Watchout! There's Ghosts
11295,UKF Dubstep,11295,False,UKF Dubstep
11296,Juno,11296,False,Juno
11297,Cantstopwontstop,11297,False,Cantstopwontstop
11298,Dance Party Hazard,11298,False,Dance Party Hazard
11299,Jare & VilleGalle,11299,False,Jare & VilleGalle
11300,Mt Eden,11300,False,Mt Eden
11301,Stormwitch,11301,False,Stormwitch
11302,Storm,11302,False,Storm
11303,Aliceffekt,11303,False,Aliceffekt
11304,凛として時雨,11304,False,凛として時雨
11305,Clubroot,11305,False,Clubroot
11306,FLOPPY,11306,False,FLOPPY
11307,Access To Arasaka,11307,False,Access To Arasaka
11308,害意,11308,False,害意
11309,Bruno Coulais,11309,False,Bruno Coulais
11310,ACIDMAN,11310,False,ACIDMAN
11311,J.A.シーザー,11311,False,J.A.シーザー
11312,AEVEMI,11312,False,AEVEMI
11313,新宿ゲバルト,11313,False,新宿ゲバルト
11314,メトロノーム,11314,False,メトロノーム
11315,Deichkind,11315,False,Deichkind
11316,Vector Lovers,11316,False,Vector Lovers
11317,核P-MODEL,11317,False,核P-MODEL
11318,MarBell,11318,False,MarBell
11319,Nookicky,11319,False,Nookicky
11320,Nero's Day at Disneyland,11320,False,Nero's Day at Disneyland
11321,Dentaku,11321,False,Dentaku
11322,SHILFEE AND TULIPCOROBOCKLES,11322,False,SHILFEE AND TULIPCOROBOCKLES
11323,Bola de Neve Church,11323,False,Bola de Neve Church
11324,Tó Brandileone,11324,False,Tó Brandileone
11325,Kenny G & Chante Moore,11325,False,Kenny G & Chante Moore
11326,"Arnaldo Antunes, Carlinhos Brown & Marisa Monte",11326,False,"Arnaldo Antunes, Carlinhos Brown & Marisa Monte"
11327,(1962-1966),11327,False,(1962-1966)
11328,Arctic Monkeys vs The Killers,11328,False,Arctic Monkeys vs The Killers
11329,Locksley,11329,False,Locksley
11330,Tenek,11330,False,Tenek
11331,Marsheaux,11331,False,Marsheaux
11332,Технология,11332,False,Технология
11333,Slave Republic,11333,False,Slave Republic
11334,Lesnikov-16,11334,False,Lesnikov-16
11335,Parralox,11335,False,Parralox
11336,Billy Ocean,11336,False,Billy Ocean
11337,Мирбек Атабеков,11337,False,Мирбек Атабеков
11338,MFÖ,11338,False,MFÖ
11339,Jody Watley,11339,False,Jody Watley
11340,R. Carlos Nakai,11340,False,R. Carlos Nakai
11341,Султан Садыралиев,11341,False,Султан Садыралиев
11342,Urker,11342,False,Urker
11343,Kargo,11343,False,Kargo
11344,Muzart,11344,False,Muzart
11345,Alexander O'Neal,11345,False,Alexander O'Neal
11346,Shahzoda,11346,False,Shahzoda
11347,Elnare,11347,False,Elnare
11348,Бекчоро,11348,False,Бекчоро
11349,Ulytau,11349,False,Ulytau
11350,Ильяз Абдыразаков,11350,False,Ильяз Абдыразаков
11351,Percy Mayfield,11351,False,Percy Mayfield
11352,oOoOO,11352,False,oOoOO
11358,Луч,11358,False,Луч
11360,Edan,11360,False,Edan
11365,Malefique,11365,False,Malefique
11370,Sensational,11370,False,Sensational
11372,Absu,11372,False,Absu
11377,London Elektricity,11377,False,London Elektricity
11378,Free the Robots,11378,False,Free the Robots
11379,DonGURALesko,11379,False,DonGURALesko
11380,40 Glocc,11380,False,40 Glocc
11381,Spider Loc,11381,False,Spider Loc
11382,Nipsey Hussle,11382,False,Nipsey Hussle
11383,DonGURALesko & Matheo,11383,False,DonGURALesko & Matheo
11384,DonGURALesko & Dj Kostek,11384,False,DonGURALesko & Dj Kostek
11385,Waldemar Kasta,11385,False,Waldemar Kasta
11386,Trav,11386,False,Trav
11387,Mase,11387,False,Mase
11388,213,11388,False,213
11389,DJ Whoo Kid,11389,False,DJ Whoo Kid
11390,"DJ Messiah, 50 Cent And Eminem",11390,False,"DJ Messiah, 50 Cent And Eminem"
11391,Havoc,11391,False,Havoc
11392,Parabelle,11392,False,Parabelle
11393,Jonny Craig,11393,False,Jonny Craig
11394,November Blessing,11394,False,November Blessing
11395,Pretty Ricky,11395,False,Pretty Ricky
11396,Luke Pickett,11396,False,Luke Pickett
11397,The Bolshoi,11397,False,The Bolshoi
11398,Milton Nascimento & Lô Borges,11398,False,Milton Nascimento & Lô Borges
11399,Trees,11399,False,Trees
11400,Bojan Gorisek,11400,False,Bojan Gorisek
11401,J. Cole,11401,False,J. Cole
11402,drake and lil wayne,11402,False,drake and lil wayne
11403,Movetown,11403,False,Movetown
11404,LuXuRy-Dj-DioR,11404,False,LuXuRy-Dj-DioR
11405,Tom Boxer Feat. Antonia,11405,False,Tom Boxer Feat. Antonia
11406,PH Electro - [muz-zone.net],11406,False,PH Electro - [muz-zone.net]
11407,Kanye West feat. Pusha T MpTri.Net,11407,False,Kanye West feat. Pusha T MpTri.Net
11408,Dj Sandro Escobar,11408,False,Dj Sandro Escobar
11409,Radio Killer,11409,False,Radio Killer
11410,Enterprise 3,11410,False,Enterprise 3
11411,"Eminem feat. Drake, Kanye West, Lil Wayne",11411,False,"Eminem feat. Drake, Kanye West, Lil Wayne"
11412,Kevin Devine,11412,False,Kevin Devine
11413,Bomb the Music Industry!,11413,False,Bomb the Music Industry!
11414,Bad Banana,11414,False,Bad Banana
11415,Art Sorority for Girls,11415,False,Art Sorority for Girls
11416,Gregory and the Hawk,11416,False,Gregory and the Hawk
11417,Loudon Wainwright III,11417,False,Loudon Wainwright III
11418,The Dopamines,11418,False,The Dopamines
11419,Andrew Samples,11419,False,Andrew Samples
11420,David Bazan,11420,False,David Bazan
11421,Bishop Allen,11421,False,Bishop Allen
11422,Field Mouse,11422,False,Field Mouse
11423,Matt Pond PA,11423,False,Matt Pond PA
11424,Peter Hammill,11424,False,Peter Hammill
11425,Caravan,11425,False,Caravan
11426,Arrigo Barnabé,11426,False,Arrigo Barnabé
11427,Béla Bartók,11427,False,Béla Bartók
11428,Harmonium,11428,False,Harmonium
11429,Fat Mattress,11429,False,Fat Mattress
11430,Gatto Marte,11430,False,Gatto Marte
11431,Django Reinhardt & Stéphane Grappelli,11431,False,Django Reinhardt & Stéphane Grappelli
11432,Airto Moreira,11432,False,Airto Moreira
11433,Kevin Ayers,11433,False,Kevin Ayers
11434,Arnaldo Baptista,11434,False,Arnaldo Baptista
11435,Egg,11435,False,Egg
11436,Ragnarök,11436,False,Ragnarök
11437,Rogério Duprat,11437,False,Rogério Duprat
11438,The Dubliners,11438,False,The Dubliners
11439,Gryphon,11439,False,Gryphon
11440,Jukka Tolonen,11440,False,Jukka Tolonen
11441,Clube da Esquina,11441,False,Clube da Esquina
11442,Lindisfarne,11442,False,Lindisfarne
11443,Mamma Mia! Cast,11443,False,Mamma Mia! Cast
11444,Mamma Mia! The Musical Cast,11444,False,Mamma Mia! The Musical Cast
11445,Trem da Alegria,11445,False,Trem da Alegria
11446,Mamma Mia! på svenska,11446,False,Mamma Mia! på svenska
11447,Susan Sarandon,11447,False,Susan Sarandon
11448,Chico Buarque de Hollanda,11448,False,Chico Buarque de Hollanda
11449,Mamma Mia! Musical en español,11449,False,Mamma Mia! Musical en español
11450,Sidney Magal,11450,False,Sidney Magal
11451,Floribella,11451,False,Floribella
11452,Antonio Banderas,11452,False,Antonio Banderas
11453,Jonathan Pryce,11453,False,Jonathan Pryce
11454,Mamma Mia! The Movie Cast,11454,False,Mamma Mia! The Movie Cast
11455,Zucchero,11455,False,Zucchero
11456,Volver,11456,False,Volver
11457,Rótulo,11457,False,Rótulo
11458,Radiotape,11458,False,Radiotape
11459,Alceu Valença  [www.hugoteacher.blogspot.com],11459,False,Alceu Valença  [www.hugoteacher.blogspot.com]
11460,Vivendo do Ócio,11460,False,Vivendo do Ócio
11461,The Morning Light,11461,False,The Morning Light
11462,Mozart Season,11462,False,Mozart Season
11463,Times New Viking,11463,False,Times New Viking
11464,Gang Gang Dance,11464,False,Gang Gang Dance
11465,Tennis,11465,False,Tennis
11466,FM Belfast,11466,False,FM Belfast
11467,Boat Club,11467,False,Boat Club
11468,The Bridal Shop,11468,False,The Bridal Shop
11469,Isha,11469,False,Isha
11470,PG,11470,False,PG
11471,Sophie Madeleine,11471,False,Sophie Madeleine
11472,Os Arrebatados,11472,False,Os Arrebatados
11473,Catedral,11473,False,Catedral
11474,Cidia & Dan,11474,False,Cidia & Dan
11475,Ef,11475,False,Ef
11476,Dictaphone,11476,False,Dictaphone
11477,Herbie Hancock,11477,False,Herbie Hancock
11478,Radiola,11478,False,Radiola
11479,Tim Exile,11479,False,Tim Exile
11480,Dmitri Shostakovich,11480,False,Dmitri Shostakovich
11481,パール兄弟,11481,False,パール兄弟
11482,Mouse On The Keys,11482,False,Mouse On The Keys
11483,miaou,11483,False,miaou
11484,Paulinho Moska,11484,False,Paulinho Moska
11485,Tom Lehrer,11485,False,Tom Lehrer
11487,The Shangri-Las,11487,False,The Shangri-Las
11489,Marlene Kuntz,11489,False,Marlene Kuntz
11491,Tiromancino,11491,False,Tiromancino
11492,Verdena,11492,False,Verdena
11494,Baustelle,11494,False,Baustelle
11498,Pambo,11498,False,Pambo
11499,Tyketto,11499,False,Tyketto
11500,Priscilla Ahn,11500,False,Priscilla Ahn
11501,David Coverdale,11501,False,David Coverdale
11502,Richie Kotzen,11502,False,Richie Kotzen
11503,Alexander Rudin,11503,False,Alexander Rudin
11504,Ataxia,11504,False,Ataxia
11505,The Ramones,11505,False,The Ramones
11506,John Frusciante and Josh Klinghoffer,11506,False,John Frusciante and Josh Klinghoffer
11507,Stephen Malkmus & The Jicks,11507,False,Stephen Malkmus & The Jicks
11508,Ben Harper & The Innocent Criminals,11508,False,Ben Harper & The Innocent Criminals
11509,Ben Harper & Relentless7,11509,False,Ben Harper & Relentless7
11510,Jonathan Coulton,11510,False,Jonathan Coulton
11511,Chroma Key,11511,False,Chroma Key
11512,Rainer Maria,11512,False,Rainer Maria
11513,The Lord Weird Slough Feg,11513,False,The Lord Weird Slough Feg
11514,Skyclad,11514,False,Skyclad
11515,The Advantage,11515,False,The Advantage
11516,Freak Kitchen,11516,False,Freak Kitchen
11517,Coal Chamber,11517,False,Coal Chamber
11518,Godhead,11518,False,Godhead
11519,Snake River Conspiracy,11519,False,Snake River Conspiracy
11520,Legowelt,11520,False,Legowelt
11521,Side Liner,11521,False,Side Liner
11522,Master Margherita,11522,False,Master Margherita
11523,Slackbaba,11523,False,Slackbaba
11524,Prometheus,11524,False,Prometheus
11525,Flooting Grooves,11525,False,Flooting Grooves
11526,Cell,11526,False,Cell
11527,The Peaking Goddess Collective,11527,False,The Peaking Goddess Collective
11528,AstroPilot,11528,False,AstroPilot
11529,Sync24,11529,False,Sync24
11530,Dymons,11530,False,Dymons
11531,Don Peyote,11531,False,Don Peyote
11532,Mystical Sun,11532,False,Mystical Sun
11533,Legowelt vs. Orgue Electronique,11533,False,Legowelt vs. Orgue Electronique
11534,Omnimotion,11534,False,Omnimotion
11535,Suns of Arqa,11535,False,Suns of Arqa
11536,Desert Dwellers,11536,False,Desert Dwellers
11537,The Infinity Project,11537,False,The Infinity Project
11538,Bangkok Impact,11538,False,Bangkok Impact
11539,Dub Trees,11539,False,Dub Trees
11540,Squadra Blanco,11540,False,Squadra Blanco
11541,Polarius,11541,False,Polarius
11542,International Observer,11542,False,International Observer
11543,Taruna,11543,False,Taruna
11544,Aural Planet,11544,False,Aural Planet
11545,Seahorse Transform,11545,False,Seahorse Transform
11546,Alden Tyrell,11546,False,Alden Tyrell
11547,The Honorary Title,11547,False,The Honorary Title
11548,The Early November,11548,False,The Early November
11549,Pretty Girls Make Graves,11549,False,Pretty Girls Make Graves
11550,The Format,11550,False,The Format
11551,Jesse Lacey,11551,False,Jesse Lacey
11552,Annuals,11552,False,Annuals
11553,The Movielife,11553,False,The Movielife
11554,Limbeck,11554,False,Limbeck
11555,Single File,11555,False,Single File
11556,Forgive Durden,11556,False,Forgive Durden
11557,Showtek,11557,False,Showtek
11558,DJ Frane,11558,False,DJ Frane
11559,Brennan Heart,11559,False,Brennan Heart
11560,Kryptic Minds,11560,False,Kryptic Minds
11561,Anugama,11561,False,Anugama
11562,Adore,11562,False,Adore
11563,NiT GriT,11563,False,NiT GriT
11564,Count Dee's Hit Explosion,11564,False,Count Dee's Hit Explosion
11565,Vale,11565,False,Vale
11566,Headhunterz,11566,False,Headhunterz
11567,Atlas Plug,11567,False,Atlas Plug
11568,Peatbog Faeries,11568,False,Peatbog Faeries
11569,Informant,11569,False,Informant
11570,Ruth Flowers Mamy Rock,11570,False,Ruth Flowers Mamy Rock
11571,Mocca,11571,False,Mocca
11572,Sky Sailing,11572,False,Sky Sailing
11574,Jérémy Amelin,11574,False,Jérémy Amelin
11575,Danny Fernandes,11575,False,Danny Fernandes
11576,5ivesta Family,11576,False,5ivesta Family
11577,Dirty Money,11577,False,Dirty Money
11578,Hana Pestle,11578,False,Hana Pestle
11579,Tribalistas,11579,False,Tribalistas
11580,Ponto Nulo No Céu,11580,False,Ponto Nulo No Céu
11581,Halestorm,11581,False,Halestorm
11582,"Christina Aguilera, Jennifer Hudson, Florence Welch, Martina McBride, Yoland Adams",11582,False,"Christina Aguilera, Jennifer Hudson, Florence Welch, Martina McBride, Yoland Adams"
11583,Adrienne Bailon,11583,False,Adrienne Bailon
11584,Chris Brown (feat. Lil' Wayne & Swizz Beatz),11584,False,Chris Brown (feat. Lil' Wayne & Swizz Beatz)
11587,Alberto Iglesias,11587,False,Alberto Iglesias
11588,Syd Matters,11588,False,Syd Matters
11589,The Dodos,11589,False,The Dodos
11590,Disney,11590,False,Disney
11591,Samamidon,11591,False,Samamidon
11592,Airiel,11592,False,Airiel
11593,Tyko,11593,False,Tyko
11594,Telefunka,11594,False,Telefunka
11595,Farhad,11595,False,Farhad
11596,Kiosk,11596,False,Kiosk
11597,Tony Joe White,11597,False,Tony Joe White
11598,I Am Kloot,11598,False,I Am Kloot
11602,The Pogues,11602,False,The Pogues
11603,The Gloria Record,11603,False,The Gloria Record
11604,Envy,11604,False,Envy
11605,Krallice,11605,False,Krallice
11606,Dancing Ghosts,11606,False,Dancing Ghosts
11607,Pulling Teeth,11607,False,Pulling Teeth
11608,Heaven In Her Arms,11608,False,Heaven In Her Arms
11609,Suffocate For Fuck Sake,11609,False,Suffocate For Fuck Sake
11610,L'Homme Puma,11610,False,L'Homme Puma
11611,Lantlôs,11611,False,Lantlôs
11612,Woe,11612,False,Woe
11613,Nvblado,11613,False,Nvblado
11614,Pianos Become The Teeth,11614,False,Pianos Become The Teeth
11615,Omega Massif,11615,False,Omega Massif
11616,United Nations,11616,False,United Nations
11617,Supermachiner,11617,False,Supermachiner
11618,Girlfriends,11618,False,Girlfriends
11619,Tall Ships,11619,False,Tall Ships
11620,Kowloon Walled City,11620,False,Kowloon Walled City
11621,Altar of Plagues,11621,False,Altar of Plagues
11622,The Depreciation Guild,11622,False,The Depreciation Guild
11623,As Tall as Lions,11623,False,As Tall as Lions
11624,Fall of Efrafa,11624,False,Fall of Efrafa
11625,Rosetta,11625,False,Rosetta
11626,biggerstronger,11626,False,biggerstronger
11627,Buried Inside,11627,False,Buried Inside
11628,Martha Rossi,11628,False,Martha Rossi
11629,Altai Hangai,11629,False,Altai Hangai
11630,Edgar Froese,11630,False,Edgar Froese
11631,Huun-Huur-Tu,11631,False,Huun-Huur-Tu
11632,Picture Palace music,11632,False,Picture Palace music
11633,Yat-Kha,11633,False,Yat-Kha
11634,Nanni Svampa,11634,False,Nanni Svampa
11635,Laika,11635,False,Laika
11636,Biglietto per l'Inferno,11636,False,Biglietto per l'Inferno
11637,Ed Bruce,11637,False,Ed Bruce
11638,Klaus Schulze,11638,False,Klaus Schulze
11639,Lata Mangeshkar,11639,False,Lata Mangeshkar
11640,Merle Haggard,11640,False,Merle Haggard
11641,Ascaron Entertainment,11641,False,Ascaron Entertainment
11642,Steven Halpern,11642,False,Steven Halpern
11643,Lea Michele and Idina Menzel,11643,False,Lea Michele and Idina Menzel
11644,B.o.B feat. Eminem & Hayley Williams,11644,False,B.o.B feat. Eminem & Hayley Williams
11645,Julian Bream,11645,False,Julian Bream
11646,Andrés Segovia,11646,False,Andrés Segovia
11647,Christopher Parkening,11647,False,Christopher Parkening
11648,Sharon Isbin,11648,False,Sharon Isbin
11649,Manuel Barrueco,11649,False,Manuel Barrueco
11650,Paul Desmond,11650,False,Paul Desmond
11651,Fernando Sor,11651,False,Fernando Sor
11652,Stan Getz,11652,False,Stan Getz
11653,Leo Brouwer,11653,False,Leo Brouwer
11654,Joaquín Rodrigo,11654,False,Joaquín Rodrigo
11655,Dexter Gordon,11655,False,Dexter Gordon
11656,Gerry Mulligan,11656,False,Gerry Mulligan
11657,Gerald Garcia,11657,False,Gerald Garcia
11658,Sérgio & Odair Assad,11658,False,Sérgio & Odair Assad
11659,Art Pepper,11659,False,Art Pepper
11660,Carlos Barbosa-Lima,11660,False,Carlos Barbosa-Lima
11661,Eduardo Fernández,11661,False,Eduardo Fernández
11662,David Russell,11662,False,David Russell
11663,Narciso Yepes,11663,False,Narciso Yepes
11664,Abdullah Ibrahim,11664,False,Abdullah Ibrahim
11665,Carlos Montoya,11665,False,Carlos Montoya
11666,Joe Henderson,11666,False,Joe Henderson
11667,Cannonball Adderley,11667,False,Cannonball Adderley
11668,Archie Shepp,11668,False,Archie Shepp
11669,Sonny Stitt,11669,False,Sonny Stitt
11670,Ben Webster,11670,False,Ben Webster
11671,Francisco Tárrega,11671,False,Francisco Tárrega
11672,Lara & Reyes,11672,False,Lara & Reyes
11673,Los Angeles Guitar Quartet,11673,False,Los Angeles Guitar Quartet
11674,Coleman Hawkins,11674,False,Coleman Hawkins
11675,Hank Mobley,11675,False,Hank Mobley
11676,Souad Massi,11676,False,Souad Massi
11677,Eliot Fisk,11677,False,Eliot Fisk
11678,Lester Young,11678,False,Lester Young
11679,Andrew Hill,11679,False,Andrew Hill
11680,Kazuhito Yamashita,11680,False,Kazuhito Yamashita
11681,BallakÃ© Sissoko,11681,False,BallakÃ© Sissoko
11682,Wayne Shorter,11682,False,Wayne Shorter
11683,Alirio Diaz,11683,False,Alirio Diaz
11684,Lost Sounds,11684,False,Lost Sounds
11685,Gucci Mane,11685,False,Gucci Mane
11686,Cadence Weapon,11686,False,Cadence Weapon
11687,B1A4,11687,False,B1A4
11688,장근석,11688,False,장근석
11689,민호,11689,False,민호
11690,Sabrina,11690,False,Sabrina
11691,Cinta Laura,11691,False,Cinta Laura
11692,엠블랙(MBLAQ),11692,False,엠블랙(MBLAQ)
11693,Jang Geun Suk & Park Shin Hye,11693,False,Jang Geun Suk & Park Shin Hye
11694,Beast,11694,False,Beast
11695,Mac Miller,11695,False,Mac Miller
11696,2AM,11696,False,2AM
11697,미스에이(miss A),11697,False,미스에이(miss A)
11698,애프터 스쿨(After School),11698,False,애프터 스쿨(After School)
11699,安良城紅,11699,False,安良城紅
11700,Maksim Mrvica,11700,False,Maksim Mrvica
11701,Dirty Little Rabbits,11701,False,Dirty Little Rabbits
11702,제빵왕,11702,False,제빵왕
11703,Blotted Science,11703,False,Blotted Science
11712,Yndi Halda,11712,False,Yndi Halda
11716,Kjartan Sveinsson,11716,False,Kjartan Sveinsson
11717,Jonathan Groff,11717,False,Jonathan Groff
11718,Ryan Tedder,11718,False,Ryan Tedder
11719,Clea,11719,False,Clea
11720,Lisa Scott-Lee,11720,False,Lisa Scott-Lee
11721,Ákos,11721,False,Ákos
11722,Юлия Савичева,11722,False,Юлия Савичева
11723,Fauxliage,11723,False,Fauxliage
11724,Mark Owen,11724,False,Mark Owen
11725,BBMak,11725,False,BBMak
11726,Cherry Ghost,11726,False,Cherry Ghost
11727,Gary Barlow,11727,False,Gary Barlow
11728,Erik Hassle,11728,False,Erik Hassle
11729,Lissie,11729,False,Lissie
11730,D:Ream,11730,False,D:Ream
11731,Gypsy & The Cat,11731,False,Gypsy & The Cat
11732,Ian Schranz,11732,False,Ian Schranz
11733,Jonathan Richman,11733,False,Jonathan Richman
11734,nosnow/noalps,11734,False,nosnow/noalps
11735,Daniel  Cassar,11735,False,Daniel  Cassar
11736,Woody Guthrie,11736,False,Woody Guthrie
11737,The Concretes,11737,False,The Concretes
11738,White Denim,11738,False,White Denim
11739,The Submarines,11739,False,The Submarines
11740,Bark Bark disco,11740,False,Bark Bark disco
11741,Jeffrey Lewis,11741,False,Jeffrey Lewis
11742,Black Francis,11742,False,Black Francis
11743,Slow Club,11743,False,Slow Club
11744,godzillapower,11744,False,godzillapower
11745,Herman Düne,11745,False,Herman Düne
11746,Ayn Rand,11746,False,Ayn Rand
11747,The Reduction Agents,11747,False,The Reduction Agents
11748,Sore Eros,11748,False,Sore Eros
11749,Luke Buda,11749,False,Luke Buda
11750,Sodaphon,11750,False,Sodaphon
11751,Bored Housewife,11751,False,Bored Housewife
11752,Ortega Cartel,11752,False,Ortega Cartel
11753,Mayer Hawthorne,11753,False,Mayer Hawthorne
11754,The Cat Empire,11754,False,The Cat Empire
11755,Małpa,11755,False,Małpa
11756,Fisz Emade,11756,False,Fisz Emade
11757,The Jonesz,11757,False,The Jonesz
11758,Evidence,11758,False,Evidence
11759,Theophilus London,11759,False,Theophilus London
11760,Waglewski Fisz Emade,11760,False,Waglewski Fisz Emade
11761,El Da Sensei & Returners,11761,False,El Da Sensei & Returners
11762,Illa J,11762,False,Illa J
11763,Gilberto Gil,11763,False,Gilberto Gil
11764,Gal Costa,11764,False,Gal Costa
11765,Gotan Project,11765,False,Gotan Project
11766,Nana Caymmi,11766,False,Nana Caymmi
11767,Mart'nália,11767,False,Mart'nália
11768,Conway Twitty,11768,False,Conway Twitty
11769,Kenny Rogers,11769,False,Kenny Rogers
11770,The Oak Ridge Boys,11770,False,The Oak Ridge Boys
11771,Sammy Kershaw,11771,False,Sammy Kershaw
11772,Ricky Van Shelton,11772,False,Ricky Van Shelton
11773,Tracy Byrd,11773,False,Tracy Byrd
11774,Don Williams,11774,False,Don Williams
11775,Randy Travis,11775,False,Randy Travis
11776,David Hasselhoff,11776,False,David Hasselhoff
11777,Mickey Gilley,11777,False,Mickey Gilley
11778,John Michael Montgomery,11778,False,John Michael Montgomery
11779,Waylon Jennings,11779,False,Waylon Jennings
11780,Tracy Lawrence,11780,False,Tracy Lawrence
11781,Robin Williams,11781,False,Robin Williams
11782,Blackhawk,11782,False,Blackhawk
11783,Gas,11783,False,Gas
11784,Steve Reich,11784,False,Steve Reich
11785,Brutality Will Prevail,11785,False,Brutality Will Prevail
11786,Nhor,11786,False,Nhor
11787,Touche Amore,11787,False,Touche Amore
11788,Fucked Up,11788,False,Fucked Up
11789,Dam-Funk,11789,False,Dam-Funk
11790,Circle of Ouroborus,11790,False,Circle of Ouroborus
11791,Ty Segall,11791,False,Ty Segall
11792,Burn Down Rome,11792,False,Burn Down Rome
11793,Ghosts,11793,False,Ghosts
11794,SLAPPER,11794,False,SLAPPER
11795,Midtown,11795,False,Midtown
11796,Falling Up,11796,False,Falling Up
11797,The Idan Raichel Project,11797,False,The Idan Raichel Project
11798,Moshav,11798,False,Moshav
11799,Tyrone Andrew,11799,False,Tyrone Andrew
11800,Alicia Svigals,11800,False,Alicia Svigals
11801,Iron & Wine and Calexico,11801,False,Iron & Wine and Calexico
11802,Andrei Machado,11802,False,Andrei Machado
11803,The Juliana Theory,11803,False,The Juliana Theory
11804,Marion Harris,11804,False,Marion Harris
11805,African Children's Choir,11805,False,African Children's Choir
11806,David Crowder Band,11806,False,David Crowder Band
11807,Amina Alaoui,11807,False,Amina Alaoui
11808,David D'Or,11808,False,David D'Or
11809,The Be Good Tanyas,11809,False,The Be Good Tanyas
11810,Mosh Ben Ari,11810,False,Mosh Ben Ari
11811,Ben Gibbard,11811,False,Ben Gibbard
11812,Say Hi to Your Mom,11812,False,Say Hi to Your Mom
11813,Alsou,11813,False,Alsou
11814,Be'lakor,11814,False,Be'lakor
11815,Duskfall,11815,False,Duskfall
11816,Hiroshima Will Burn,11816,False,Hiroshima Will Burn
11817,Sybreed,11817,False,Sybreed
11818,The Saviorz,11818,False,The Saviorz
11819,Be Your Own Pet,11819,False,Be Your Own Pet
11820,Anthony Stewart Head,11820,False,Anthony Stewart Head
11821,Hector,11821,False,Hector
11822,OLIVIA inspi' REIRA (TRAPNEST),11822,False,OLIVIA inspi' REIRA (TRAPNEST)
11823,skankfunk,11823,False,skankfunk
11824,Styles of Beyond,11824,False,Styles of Beyond
11825,岩崎琢,11825,False,岩崎琢
11826,Prodigy,11826,False,Prodigy
11827,Overseer,11827,False,Overseer
11828,Sharam feat. Daniel Bedingfield,11828,False,Sharam feat. Daniel Bedingfield
11829,Ikimono-Gakari,11829,False,Ikimono-Gakari
11830,ANNA inspi NANA,11830,False,ANNA inspi NANA
11831,Tenjou Tenge GREAT DISC 1,11831,False,Tenjou Tenge GREAT DISC 1
11832,T9,11832,False,T9
11833,Carl Davis,11833,False,Carl Davis
11834,Christafari,11834,False,Christafari
11835,Paprika Korps,11835,False,Paprika Korps
11836,Elektryczne Gitary,11836,False,Elektryczne Gitary
11837,KUD Idijoti,11837,False,KUD Idijoti
11838,Let 3,11838,False,Let 3
11839,Gužva u 16ercu,11839,False,Gužva u 16ercu
11840,pasi,11840,False,pasi
11841,JAMOSA,11841,False,JAMOSA
11842,Jonathan Elias,11842,False,Jonathan Elias
11843,Prima Donna,11843,False,Prima Donna
11844,羽毛田丈史,11844,False,羽毛田丈史
11845,nobodyknows+,11845,False,nobodyknows+
11846,CitizensFOB Mixtape,11846,False,CitizensFOB Mixtape
11847,Tomoki Hasegawa,11847,False,Tomoki Hasegawa
11848,Dead Heart Bloom,11848,False,Dead Heart Bloom
11849,The Beautiful South,11849,False,The Beautiful South
11850,Hoods,11850,False,Hoods
11851,Schizma,11851,False,Schizma
11852,Frontside,11852,False,Frontside
11853,1125,11853,False,1125
11854,Sworn Enemy,11854,False,Sworn Enemy
11855,Ringworm,11855,False,Ringworm
11856,Hard Work,11856,False,Hard Work
11857,Wisdom in Chains,11857,False,Wisdom in Chains
11858,Do or Die,11858,False,Do or Die
11859,Blacklisted,11859,False,Blacklisted
11860,Faust Again,11860,False,Faust Again
11861,Florence and The Machine,11861,False,Florence and The Machine
11862,Morda,11862,False,Morda
11863,No Turning Back,11863,False,No Turning Back
11864,CDC,11864,False,CDC
11865,Sick of It All,11865,False,Sick of It All
11866,mas4,11866,False,mas4
11871,Michael McDonald,11871,False,Michael McDonald
11874,Luminous Orange,11874,False,Luminous Orange
11875,ravex,11875,False,ravex
11877,toddle,11877,False,toddle
11878,ミドリ,11878,False,ミドリ
11879,PINE*am,11879,False,PINE*am
11881,Rory Block,11881,False,Rory Block
11882,Rick Caldwell,11882,False,Rick Caldwell
11883,Jimmie Vaughan,11883,False,Jimmie Vaughan
11884,Tampa Red,11884,False,Tampa Red
11885,Johnny Winter,11885,False,Johnny Winter
11886,Charley Patton,11886,False,Charley Patton
11887,Grace Potter and the Nocturnals,11887,False,Grace Potter and the Nocturnals
11888,wheelsoffliberty.com,11888,False,wheelsoffliberty.com
11889,Niki Haris,11889,False,Niki Haris
11890,Iyaz,11890,False,Iyaz
11891,Montana Tucker,11891,False,Montana Tucker
11892,Blood Ruby,11892,False,Blood Ruby
11893,Lycia,11893,False,Lycia
11894,Mike Van Portfleet,11894,False,Mike Van Portfleet
11895,Spider,11895,False,Spider
11896,Kitchens of Distinction,11896,False,Kitchens of Distinction
11897,Bel Canto,11897,False,Bel Canto
11898,Love Spirals Downwards,11898,False,Love Spirals Downwards
11899,Hope Sandoval & The Warm Inventions,11899,False,Hope Sandoval & The Warm Inventions
11900,Low,11900,False,Low
11901,Loop,11901,False,Loop
11902,Spooncurve,11902,False,Spooncurve
11903,Mahogany,11903,False,Mahogany
11904,Monster Movie,11904,False,Monster Movie
11905,Destroyalldreamers,11905,False,Destroyalldreamers
11906,Nachtmystium,11906,False,Nachtmystium
11907,Keshco,11907,False,Keshco
11908,黄义达,11908,False,黄义达
11909,Fyfe Dangerfield,11909,False,Fyfe Dangerfield
11910,The Electric Soft Parade,11910,False,The Electric Soft Parade
11911,Findlay Brown,11911,False,Findlay Brown
11912,RPA & The United Nations of Sound,11912,False,RPA & The United Nations of Sound
11913,Todd Rundgren,11913,False,Todd Rundgren
11914,the gala,11914,False,the gala
11915,Cerys Matthews,11915,False,Cerys Matthews
11916,Bonnie Raitt,11916,False,Bonnie Raitt
11917,Jonny Lang,11917,False,Jonny Lang
11918,John Mayall & The Bluesbreakers,11918,False,John Mayall & The Bluesbreakers
11919,Bessie Smith,11919,False,Bessie Smith
11920,R.L. Burnside,11920,False,R.L. Burnside
11921,James Cotton,11921,False,James Cotton
11922,Jimmy Rogers,11922,False,Jimmy Rogers
11923,Roy Buchanan,11923,False,Roy Buchanan
11924,Corey Stevens,11924,False,Corey Stevens
11925,Bryan Lee,11925,False,Bryan Lee
11926,Dr. John,11926,False,Dr. John
11927,Ry Cooder,11927,False,Ry Cooder
11928,Ric Ocasek,11928,False,Ric Ocasek
11929,Billy Currie,11929,False,Billy Currie
11930,Toyah,11930,False,Toyah
11931,John Foxx & Louis Gordon,11931,False,John Foxx & Louis Gordon
11932,Nits,11932,False,Nits
11933,Generation X,11933,False,Generation X
11934,Black Dada,11934,False,Black Dada
11935,Jorge Ben,11935,False,Jorge Ben
11936,Nasum,11936,False,Nasum
11937,AnnaSophia Robb,11937,False,AnnaSophia Robb
11938,Roman Rain,11938,False,Roman Rain
11939,Aaron Zigman,11939,False,Aaron Zigman
11940,SOUNDTRACK Twilight,11940,False,SOUNDTRACK Twilight
11941,Hugh Jackman,11941,False,Hugh Jackman
11942,magiolalala,11942,False,magiolalala
11943,Chris Pine,11943,False,Chris Pine
11948,Dan Le Sac vs Scroobius Pip,11948,False,Dan Le Sac vs Scroobius Pip
11949,Taylor Swift & Def Leppard,11949,False,Taylor Swift & Def Leppard
11950,Bromheads Jacket,11950,False,Bromheads Jacket
11953,Jandek,11953,False,Jandek
11954,Lisa Germano,11954,False,Lisa Germano
11955,Juliana Hatfield,11955,False,Juliana Hatfield
11956,Tammy Wynette,11956,False,Tammy Wynette
11957,The Frogs,11957,False,The Frogs
11958,Vic Chesnutt,11958,False,Vic Chesnutt
11959,Jana Hunter,11959,False,Jana Hunter
11960,Negativland,11960,False,Negativland
11961,Ray Price,11961,False,Ray Price
11962,Lower Dens,11962,False,Lower Dens
11963,The Slits,11963,False,The Slits
11964,Rusted Shut,11964,False,Rusted Shut
11965,The Angels of Light,11965,False,The Angels of Light
11966,Robert Fripp,11966,False,Robert Fripp
11967,Smegma,11967,False,Smegma
11968,Mark Kozelek,11968,False,Mark Kozelek
11969,Kable,11969,False,Kable
11970,Yoko Ono,11970,False,Yoko Ono
11971,Sarah Blasko,11971,False,Sarah Blasko
11976,Mc Marcelly,11976,False,Mc Marcelly
11977,Cave In,11977,False,Cave In
11978,Torche,11978,False,Torche
11979,Murder by Death,11979,False,Murder by Death
11980,The Diamond Stretch,11980,False,The Diamond Stretch
11981,Pg.99,11981,False,Pg.99
11982,Doomriders,11982,False,Doomriders
11983,The Hood Internet,11983,False,The Hood Internet
11984,Doug Benson,11984,False,Doug Benson
11985,Grade,11985,False,Grade
11986,Combatwoundedveteran,11986,False,Combatwoundedveteran
11987,Coalesce,11987,False,Coalesce
11988,Smoking Popes,11988,False,Smoking Popes
11989,Weekend Nachos,11989,False,Weekend Nachos
11990,Clouds,11990,False,Clouds
11991,David Cross,11991,False,David Cross
11992,Khann,11992,False,Khann
11993,Neil on Impression,11993,False,Neil on Impression
11994,Trap Them,11994,False,Trap Them
11995,Electrovamp,11995,False,Electrovamp
11998,Denali,11998,False,Denali
11999,Benoît Pioulard,11999,False,Benoît Pioulard
12000,The Field,12000,False,The Field
12001,Growing,12001,False,Growing
12002,Broadcast,12002,False,Broadcast
12003,White Rainbow,12003,False,White Rainbow
12004,The Long Winters,12004,False,The Long Winters
12005,Robin Guthrie & Harold Budd,12005,False,Robin Guthrie & Harold Budd
12006,Skazi,12006,False,Skazi
12007,Broder Daniel,12007,False,Broder Daniel
12008,Nobunny,12008,False,Nobunny
12009,The Legends,12009,False,The Legends
12010,Moto Boy,12010,False,Moto Boy
12011,Telekinesis,12011,False,Telekinesis
12012,Foxes In Fiction,12012,False,Foxes In Fiction
12013,Dan Black,12013,False,Dan Black
12014,Hunx and His Punx,12014,False,Hunx and His Punx
12015,The King Khan & BBQ Show,12015,False,The King Khan & BBQ Show
12016,Four Seasons,12016,False,Four Seasons
12017,Christian TV,12017,False,Christian TV
12018,Snoop Dogg feat. Lil Kim,12018,False,Snoop Dogg feat. Lil Kim
12019,The Sight Below,12019,False,The Sight Below
12020,Yagya,12020,False,Yagya
12021,Mariana Aydar,12021,False,Mariana Aydar
12022,S,12022,False,S
12023,Cibelle,12023,False,Cibelle
12024,Pillowdiver,12024,False,Pillowdiver
12025,Audrey,12025,False,Audrey
12026,Azure Ray,12026,False,Azure Ray
12027,Building 429,12027,False,Building 429
12028,Apocalipse 16,12028,False,Apocalipse 16
12029,Thalles,12029,False,Thalles
12030,Narnia,12030,False,Narnia
12031,Rede Ativa,12031,False,Rede Ativa
12032,The Benjamin Gate,12032,False,The Benjamin Gate
12033,Eowyn,12033,False,Eowyn
12034,Seventh Day Slumber,12034,False,Seventh Day Slumber
12035,CW7,12035,False,CW7
12036,Gretchen,12036,False,Gretchen
12037,Alessandra Maestrini,12037,False,Alessandra Maestrini
12038,Yuridia,12038,False,Yuridia
12039,Yolanda Be Cool,12039,False,Yolanda Be Cool
12040,JORGE & MATEUS - www.baixarcdscompletos.com,12040,False,JORGE & MATEUS - www.baixarcdscompletos.com
12044,Swollen Members,12044,False,Swollen Members
12045,Mark Farina,12045,False,Mark Farina
12046,Ducktails,12046,False,Ducktails
12047,Umphrey's McGee,12047,False,Umphrey's McGee
12048,Cloud.,12048,False,Cloud.
12049,Los Auténticos Decadentes,12049,False,Los Auténticos Decadentes
12050,La Vela Puerca,12050,False,La Vela Puerca
12051,Los Pericos,12051,False,Los Pericos
12052,Panteón Rococó,12052,False,Panteón Rococó
12053,Big Walter Horton,12053,False,Big Walter Horton
12054,Otis Spann,12054,False,Otis Spann
12055,Los Piojos,12055,False,Los Piojos
12056,Jimmy Reed,12056,False,Jimmy Reed
12057,Otis Rush,12057,False,Otis Rush
12058,Lowell Fulson,12058,False,Lowell Fulson
12059,Magic Sam,12059,False,Magic Sam
12060,El Tri,12060,False,El Tri
12061,Memphis Slim,12061,False,Memphis Slim
12062,Mike Watt,12062,False,Mike Watt
12063,fIREHOSE,12063,False,fIREHOSE
12064,Fishbone,12064,False,Fishbone
12065,Euros Childs,12065,False,Euros Childs
12066,Frank Black and the Catholics,12066,False,Frank Black and the Catholics
12067,Pailhead,12067,False,Pailhead
12068,Sam Cooke & the Soul Stirrers,12068,False,Sam Cooke & the Soul Stirrers
12069,Laskoviy May,12069,False,Laskoviy May
12070,Hedwig And The Angry Inch,12070,False,Hedwig And The Angry Inch
12071,Francis Cabrel,12071,False,Francis Cabrel
12072,Bonde das Impostora,12072,False,Bonde das Impostora
12073,Pansy Division,12073,False,Pansy Division
12074,Bulimia,12074,False,Bulimia
12075,Bénabar,12075,False,Bénabar
12076,Nunwhore Commando 666,12076,False,Nunwhore Commando 666
12077,Sleeper,12077,False,Sleeper
12078,Karine Alexandrino,12078,False,Karine Alexandrino
12079,The Moldy Peaches,12079,False,The Moldy Peaches
12080,Alejandro Sanz y The Corrs,12080,False,Alejandro Sanz y The Corrs
12081,Trouble,12081,False,Trouble
12082,Billy Squier,12082,False,Billy Squier
12083,Robin Trower,12083,False,Robin Trower
12084,Gülşen,12084,False,Gülşen
12085,Bedük,12085,False,Bedük
12086,Mustafa Ceceli,12086,False,Mustafa Ceceli
12087,Bora Uzer,12087,False,Bora Uzer
12088,Göksel,12088,False,Göksel
12089,Karin Ström,12089,False,Karin Ström
12090,Tuna Tabu,12090,False,Tuna Tabu
12092,DFC,12092,False,DFC
12093,Olho Seco,12093,False,Olho Seco
12094,Flema,12094,False,Flema
12095,Villanos,12095,False,Villanos
12096,Subhumans,12096,False,Subhumans
12097,Lache,12097,False,Lache
12098,"Britney, Christina, Madonna",12098,False,"Britney, Christina, Madonna"
12099,Carolina Marquez,12099,False,Carolina Marquez
12100,Chitãozinho & Xororó e Fresno,12100,False,Chitãozinho & Xororó e Fresno
12101,Juanes feat.Black Eyed Peas,12101,False,Juanes feat.Black Eyed Peas
12102,Sean Paul ft. Rihanna,12102,False,Sean Paul ft. Rihanna
12103,Netinho,12103,False,Netinho
12104,Tópaz,12104,False,Tópaz
12105,BB Brunes,12105,False,BB Brunes
12106,Left Alone,12106,False,Left Alone
12107,Valentin,12107,False,Valentin
12108,Diana Anaid,12108,False,Diana Anaid
12109,Lorie,12109,False,Lorie
12110,Josie and the Pussycats,12110,False,Josie and the Pussycats
12111,Bill Frisell,12111,False,Bill Frisell
12112,John Scofield,12112,False,John Scofield
12113,Pat Metheny,12113,False,Pat Metheny
12114,"Medeski, Martin and Wood",12114,False,"Medeski, Martin and Wood"
12115,Wes Montgomery,12115,False,Wes Montgomery
12116,Dunham Van Durham,12116,False,Dunham Van Durham
12117,Jimmy Smith,12117,False,Jimmy Smith
12118,Cameron Mizell,12118,False,Cameron Mizell
12119,Keith Jarrett,12119,False,Keith Jarrett
12120,Grant Green,12120,False,Grant Green
12121,Brad Mehldau,12121,False,Brad Mehldau
12122,Kenny Burrell,12122,False,Kenny Burrell
12123,Junior Wells,12123,False,Junior Wells
12124,Little Grey Girlfriend,12124,False,Little Grey Girlfriend
12125,Montgomery Bruce,12125,False,Montgomery Bruce
12126,Mike Stocksdale,12126,False,Mike Stocksdale
12127,Oscar Peterson Trio,12127,False,Oscar Peterson Trio
12128,Gyllene Tider,12128,False,Gyllene Tider
12129,Barry Manilow,12129,False,Barry Manilow
12130,Stereo Total,12130,False,Stereo Total
12131,Ike Quebec,12131,False,Ike Quebec
12132,Freddie Hubbard,12132,False,Freddie Hubbard
12133,Kadim al Sahir,12133,False,Kadim al Sahir
12134,Apollo Brown,12134,False,Apollo Brown
12135,Yusef Lateef,12135,False,Yusef Lateef
12136,Fadl Shaker,12136,False,Fadl Shaker
12137,Sérgio Mendes,12137,False,Sérgio Mendes
12138,Ragheb Alama,12138,False,Ragheb Alama
12139,The Narcicyst,12139,False,The Narcicyst
12140,Bud Shank,12140,False,Bud Shank
12141,Melody Gardot,12141,False,Melody Gardot
12142,Daniel Tosh,12142,False,Daniel Tosh
12143,Doug Stanhope,12143,False,Doug Stanhope
12144,DJ Cam Quartet,12144,False,DJ Cam Quartet
12145,Mad Caddies,12145,False,Mad Caddies
12149,Wilson Paim,12149,False,Wilson Paim
12150,Century,12150,False,Century
12151,Roxus,12151,False,Roxus
12152,Damn Yankees,12152,False,Damn Yankees
12153,Whitecross,12153,False,Whitecross
12154,Os Cascavelletes,12154,False,Os Cascavelletes
12155,Roxy Blue,12155,False,Roxy Blue
12156,Rock Candy,12156,False,Rock Candy
12157,Livin' Blues,12157,False,Livin' Blues
12158,Trixter,12158,False,Trixter
12159,Gasoline queen,12159,False,Gasoline queen
12160,Bad English,12160,False,Bad English
12161,Grupo Rodeio,12161,False,Grupo Rodeio
12162,Wolfsbane,12162,False,Wolfsbane
12163,Guardian,12163,False,Guardian
12164,Amanda Palmer,12164,False,Amanda Palmer
12165,The Long Blondes,12165,False,The Long Blondes
12166,Lunachicks,12166,False,Lunachicks
12167,Drist,12167,False,Drist
12168,Sugarplum Fairy,12168,False,Sugarplum Fairy
12169,Kilians,12169,False,Kilians
12170,X-Wife,12170,False,X-Wife
12171,Rodrigo Del Arc,12171,False,Rodrigo Del Arc
12172,César Menotti & Fabiano,12172,False,César Menotti & Fabiano
12173,Gustavo Moura & Rafae,12173,False,Gustavo Moura & Rafae
12174,Leo e Junior,12174,False,Leo e Junior
12175,Henrique e Diego,12175,False,Henrique e Diego
12176,Luan Santana  Fernando e Sorocaba,12176,False,Luan Santana  Fernando e Sorocaba
12177,Guilherma e santiago,12177,False,Guilherma e santiago
12178,BEAT!BEAT!BEAT!,12178,False,BEAT!BEAT!BEAT!
12179,maria cesilha e rodolfo,12179,False,maria cesilha e rodolfo
12180,The Weird Sisters,12180,False,The Weird Sisters
12181,Maria Cecilia e Rodolfo - Mato e morro por você,12181,False,Maria Cecilia e Rodolfo - Mato e morro por você
12182,リア・ディゾン,12182,False,リア・ディゾン
12183,Thao with The Get Down Stay Down,12183,False,Thao with The Get Down Stay Down
12184,トクマルシューゴ,12184,False,トクマルシューゴ
12185,FREENOTE,12185,False,FREENOTE
12186,Ella Fitzgerald & Louis Armstrong,12186,False,Ella Fitzgerald & Louis Armstrong
12187,浜口史郎,12187,False,浜口史郎
12188,Niccolò Paganini,12188,False,Niccolò Paganini
12189,Royal Stockholm Philharmonic Orchestra,12189,False,Royal Stockholm Philharmonic Orchestra
12190,LOVE PSYCHEDELICO,12190,False,LOVE PSYCHEDELICO
12191,Yuna Ito,12191,False,Yuna Ito
12192,The Rescues,12192,False,The Rescues
12193,福原美穂,12193,False,福原美穂
12194,Lisa Loeb,12194,False,Lisa Loeb
12195,Señor Coconut,12195,False,Señor Coconut
12196,Holden,12196,False,Holden
12197,Benton Falls,12197,False,Benton Falls
12198,Look Mexico,12198,False,Look Mexico
12199,Mono & World's End Girlfriend,12199,False,Mono & World's End Girlfriend
12200,The Paper and The Plane,12200,False,The Paper and The Plane
12201,Sun Kil Moon,12201,False,Sun Kil Moon
12202,Aloha,12202,False,Aloha
12203,Fat Freddy's Drop,12203,False,Fat Freddy's Drop
12204,Secondsmile,12204,False,Secondsmile
12205,The Velvet Teen,12205,False,The Velvet Teen
12206,Penfold,12206,False,Penfold
12207,Richard Walters,12207,False,Richard Walters
12208,A Very Potter Sequel Cast,12208,False,A Very Potter Sequel Cast
12209,A Very Potter Musical,12209,False,A Very Potter Musical
12210,Me and My Dick Cast,12210,False,Me and My Dick Cast
12211,Charlene Kaye,12211,False,Charlene Kaye
12212,John Mayer Trio,12212,False,John Mayer Trio
12213,Michael Fordinal,12213,False,Michael Fordinal
12214,Michael Tolcher,12214,False,Michael Tolcher
12215,Aslyn,12215,False,Aslyn
12216,Will Hoge,12216,False,Will Hoge
12217,John Mayer & Taylor Swift,12217,False,John Mayer & Taylor Swift
12218,Cheap Mondays,12218,False,Cheap Mondays
12219,Richard Hell and the Voidoids,12219,False,Richard Hell and the Voidoids
12220,Television,12220,False,Television
12221,Merci Miss Monroe,12221,False,Merci Miss Monroe
12222,The Pink rays,12222,False,The Pink rays
12223,The Social,12223,False,The Social
12224,Scarlets,12224,False,Scarlets
12225,The Dodoz,12225,False,The Dodoz
12226,Charlie Brown Júnior,12226,False,Charlie Brown Júnior
12227,Lisa Lampanelli,12227,False,Lisa Lampanelli
12228,Xymox,12228,False,Xymox
12229,Capleton,12229,False,Capleton
12230,Turbulence,12230,False,Turbulence
12231,Chimezia,12231,False,Chimezia
12232,Lutan Fyah,12232,False,Lutan Fyah
12233,Junior Kelly,12233,False,Junior Kelly
12234,Jah Mason,12234,False,Jah Mason
12235,Natural Black,12235,False,Natural Black
12236,Chuck Fender,12236,False,Chuck Fender
12237,Richie Spice,12237,False,Richie Spice
12238,Chezidek,12238,False,Chezidek
12239,Bounty Killer,12239,False,Bounty Killer
12240,Fantan Mojah,12240,False,Fantan Mojah
12241,Jah Cure,12241,False,Jah Cure
12242,Gyptian,12242,False,Gyptian
12243,Beenie Man,12243,False,Beenie Man
12244,Elephant Man,12244,False,Elephant Man
12245,Ras Shiloh,12245,False,Ras Shiloh
12246,Warrior King,12246,False,Warrior King
12247,Burro Banton,12247,False,Burro Banton
12248,Wayne Marshall,12248,False,Wayne Marshall
12249,Pressure,12249,False,Pressure
12250,Natty King,12250,False,Natty King
12251,Norris Man,12251,False,Norris Man
12252,Queen Ifrica,12252,False,Queen Ifrica
12253,Jah Mali,12253,False,Jah Mali
12254,Mavado,12254,False,Mavado
12255,Luciano,12255,False,Luciano
12256,General Degree,12256,False,General Degree
12257,Beres Hammond,12257,False,Beres Hammond
12258,Cocoa Tea,12258,False,Cocoa Tea
12259,Spragga Benz,12259,False,Spragga Benz
12260,Tony Rebel,12260,False,Tony Rebel
12261,Vybz Kartel,12261,False,Vybz Kartel
12262,Daville,12262,False,Daville
12263,I Wayne,12263,False,I Wayne
12264,Munga,12264,False,Munga
12265,Red Rat,12265,False,Red Rat
12266,Junior Reid,12266,False,Junior Reid
12267,Mad Cobra,12267,False,Mad Cobra
12268,Mr. Vegas,12268,False,Mr. Vegas
12269,Bling Dawg,12269,False,Bling Dawg
12270,Busy Signal,12270,False,Busy Signal
12271,Pau Hana,12271,False,Pau Hana
12272,Bugle,12272,False,Bugle
12273,Tsunami Bomb,12273,False,Tsunami Bomb
12274,resident hero,12274,False,resident hero
12275,Paper Tongues,12275,False,Paper Tongues
12276,Holly McNarland,12276,False,Holly McNarland
12277,The Action Design,12277,False,The Action Design
12278,Misty Edwards,12278,False,Misty Edwards
12279,Vineyard Music,12279,False,Vineyard Music
12280,MiChi,12280,False,MiChi
12281,RYTHEM,12281,False,RYTHEM
12282,Juju,12282,False,Juju
12283,Graveworm,12283,False,Graveworm
12284,Dark Lunacy,12284,False,Dark Lunacy
12285,XIV Dark Centuries,12285,False,XIV Dark Centuries
12286,Krynitza,12286,False,Krynitza
12287,Nicu Alifantis,12287,False,Nicu Alifantis
12288,James Newton Howard,12288,False,James Newton Howard
12289,Bono,12289,False,Bono
12290,Playing For Change,12290,False,Playing For Change
12291,Hawksley Workman,12291,False,Hawksley Workman
12292,Astonvilla,12292,False,Astonvilla
12293,Bono & The Mdh Band,12293,False,Bono & The Mdh Band
12294,"Bono, Glen Hansard & Damien Rice",12294,False,"Bono, Glen Hansard & Damien Rice"
12295,Tiger Lou,12295,False,Tiger Lou
12296,Coldplay/U2,12296,False,Coldplay/U2
12297,Clem Snide,12297,False,Clem Snide
12298,The Blue Nile,12298,False,The Blue Nile
12299,Gemma Hayes,12299,False,Gemma Hayes
12309,Karima Francis,12309,False,Karima Francis
12310,Jason Reeves,12310,False,Jason Reeves
12311,Ana Cañas,12311,False,Ana Cañas
12312,Daughter Darling,12312,False,Daughter Darling
12313,maniax memori,12313,False,maniax memori
12314,Nina Hagen,12314,False,Nina Hagen
12315,Zoë Keating,12315,False,Zoë Keating
12316,Les Rita Mitsouko,12316,False,Les Rita Mitsouko
12317,Korouva,12317,False,Korouva
12318,Grant Lee Buffalo,12318,False,Grant Lee Buffalo
12319,Elysian Fields,12319,False,Elysian Fields
12320,Laghetto,12320,False,Laghetto
12321,Geoff Farina,12321,False,Geoff Farina
12322,Zimmer's Hole,12322,False,Zimmer's Hole
12323,Cop Shoot Cop,12323,False,Cop Shoot Cop
12324,Codeine,12324,False,Codeine
12325,NoMeansNo,12325,False,NoMeansNo
12326,Pan.Thy.Monium,12326,False,Pan.Thy.Monium
12327,Edda,12327,False,Edda
12328,AFFLUENTE,12328,False,AFFLUENTE
12329,Bedhead,12329,False,Bedhead
12330,The Black Heart Procession,12330,False,The Black Heart Procession
12331,Eterea,12331,False,Eterea
12332,Mariposa,12332,False,Mariposa
12333,Languis,12333,False,Languis
12334,Funckarma,12334,False,Funckarma
12335,citizengreen,12335,False,citizengreen
12336,Hecq,12336,False,Hecq
12337,Ilkae,12337,False,Ilkae
12338,Download,12338,False,Download
12339,KiloWatts,12339,False,KiloWatts
12340,PlatEAU,12340,False,PlatEAU
12341,Fieldtriqp,12341,False,Fieldtriqp
12342,Loess,12342,False,Loess
12343,Thomas Fehlmann,12343,False,Thomas Fehlmann
12344,Displacer,12344,False,Displacer
12345,Lackluster,12345,False,Lackluster
12346,Quench,12346,False,Quench
12347,Cora,12347,False,Cora
12348,Wirtz,12348,False,Wirtz
12349,Solomon Burke,12349,False,Solomon Burke
12350,Herbstrock,12350,False,Herbstrock
12351,Lisa Stansfield,12351,False,Lisa Stansfield
12352,Snap!,12352,False,Snap!
12353,Fernanda Abreu,12353,False,Fernanda Abreu
12356,Hilary Chow,12356,False,Hilary Chow
12357,Meredith Brooks,12357,False,Meredith Brooks
12358,Buffalo Daughter,12358,False,Buffalo Daughter
12359,OOIOO,12359,False,OOIOO
12360,Zach Hill,12360,False,Zach Hill
12361,ROVO,12361,False,ROVO
12362,Giraffes? Giraffes!,12362,False,Giraffes? Giraffes!
12363,DJ Spooky,12363,False,DJ Spooky
12364,Supercar,12364,False,Supercar
12365,Marnie Stern,12365,False,Marnie Stern
12366,Vincent Atmicus,12366,False,Vincent Atmicus
12367,Sleeping People,12367,False,Sleeping People
12368,Scaramanga,12368,False,Scaramanga
12369,Hifana,12369,False,Hifana
12370,Lily Chou-Chou,12370,False,Lily Chou-Chou
12371,高円寺百景,12371,False,高円寺百景
12372,Tony Trischka,12372,False,Tony Trischka
12373,Handsomeboy Technique,12373,False,Handsomeboy Technique
12374,Peter Horrevorts,12374,False,Peter Horrevorts
12375,Crime In Choir,12375,False,Crime In Choir
12376,Ahleuchatistas,12376,False,Ahleuchatistas
12377,ChristinaAguilera/Lil' Kim,12377,False,ChristinaAguilera/Lil' Kim
12378,Derb,12378,False,Derb
12379,Ms. Jade,12379,False,Ms. Jade
12380,"Symphony X - ""V"" The New Mitology Suite",12380,False,"Symphony X - ""V"" The New Mitology Suite"
12381,Dream Theater - Score: 20th Anniversary World Tour,12381,False,Dream Theater - Score: 20th Anniversary World Tour
12382,Rush - Signals,12382,False,Rush - Signals
12383,Rush - Power Windows,12383,False,Rush - Power Windows
12384,"You, Me, and Everyone We Know",12384,False,"You, Me, and Everyone We Know"
12385,Mod Sun,12385,False,Mod Sun
12386,My Ticket Home,12386,False,My Ticket Home
12387,Craig Owens,12387,False,Craig Owens
12388,サンボマスター,12388,False,サンボマスター
12389,"Right Away, Great Captain!",12389,False,"Right Away, Great Captain!"
12390,Fighting With Wire,12390,False,Fighting With Wire
12391,Drewsif Stalin's Musical Endeavors,12391,False,Drewsif Stalin's Musical Endeavors
12392,Closed For Tonight,12392,False,Closed For Tonight
12393,S.I.R. Remixes,12393,False,S.I.R. Remixes
12394,Chiasm,12394,False,Chiasm
12395,Seize,12395,False,Seize
12396,Mario Winans,12396,False,Mario Winans
12397,Chrishan,12397,False,Chrishan
12398,One Chance,12398,False,One Chance
12399,De Saloon,12399,False,De Saloon
12400,Come Undone,12400,False,Come Undone
12401,Curiosity Killed the Cat,12401,False,Curiosity Killed the Cat
12402,COME UNDONE www.comeundonemusic.com,12402,False,COME UNDONE www.comeundonemusic.com
12403,Ledisi,12403,False,Ledisi
12404,Tony Matterhorn,12404,False,Tony Matterhorn
12405,Xscape,12405,False,Xscape
12406,Chrisette Michele,12406,False,Chrisette Michele
12407,T.O.K.,12407,False,T.O.K.
12408,Aidonia,12408,False,Aidonia
12409,Kindred the Family Soul,12409,False,Kindred the Family Soul
12410,Howling Bells,12410,False,Howling Bells
12412,трэш-шапито КАЧ,12412,False,трэш-шапито КАЧ
12413,НОМ,12413,False,НОМ
12414,Emre Aydın,12414,False,Emre Aydın
12415,Sansar,12415,False,Sansar
12416,Slumdog Millionaire,12416,False,Slumdog Millionaire
12417,Pit10,12417,False,Pit10
12418,Şanışer,12418,False,Şanışer
12419,Pit10 & Müslüm Gürses,12419,False,Pit10 & Müslüm Gürses
12420,Ceza,12420,False,Ceza
12421,6.Cadde,12421,False,6.Cadde
12422,Şehinşah,12422,False,Şehinşah
12423,Sansar feat. Pit10,12423,False,Sansar feat. Pit10
12424,Şanışer feat. Atakan,12424,False,Şanışer feat. Atakan
12425,Beta,12425,False,Beta
12426,Rahdan & Sansar,12426,False,Rahdan & Sansar
12427,Soundtrack (GLA),12427,False,Soundtrack (GLA)
12428,Sibel Alaş,12428,False,Sibel Alaş
12429,Çilekeş,12429,False,Çilekeş
12430,Şanışer & Bela,12430,False,Şanışer & Bela
12431,Fuat,12431,False,Fuat
12432,Fahd Al Kandari,12432,False,Fahd Al Kandari
12433,Saud Al-Shuraim,12433,False,Saud Al-Shuraim
12434,Göksel Baktagir,12434,False,Göksel Baktagir
12435,Mohammed Ibraheem al Luhaydan,12435,False,Mohammed Ibraheem al Luhaydan
12436,Sa'ad Al-Gamidi,12436,False,Sa'ad Al-Gamidi
12437,Yansımalar,12437,False,Yansımalar
12438,Ahmad Saud,12438,False,Ahmad Saud
12439,Kani Karaca,12439,False,Kani Karaca
12440,Bezmârâ,12440,False,Bezmârâ
12441,Sheikh Mishary Rashed Alafasy,12441,False,Sheikh Mishary Rashed Alafasy
12442,Hasan Cihat Örter,12442,False,Hasan Cihat Örter
12443,Abdülkadir Şehitoğlu,12443,False,Abdülkadir Şehitoğlu
12444,Ihsan Özgen,12444,False,Ihsan Özgen
12445,Fatih Çollak,12445,False,Fatih Çollak
12446,Aylin Şengün Taşçı,12446,False,Aylin Şengün Taşçı
12447,Mehmet Emin Ay,12447,False,Mehmet Emin Ay
12448,Abdelbasset Mohamed Abdessamad,12448,False,Abdelbasset Mohamed Abdessamad
12449,Uğur Işılak,12449,False,Uğur Işılak
12450,Shaik Abu Baker Al-Shatiri,12450,False,Shaik Abu Baker Al-Shatiri
12451,Qari Syed Sadaqat Ali,12451,False,Qari Syed Sadaqat Ali
12452,Sagopa Kajmer,12452,False,Sagopa Kajmer
12453,Yahya Hawwa,12453,False,Yahya Hawwa
12454,Mahmut Durgun,12454,False,Mahmut Durgun
12455,Muhammed Celalettin Yüksel,12455,False,Muhammed Celalettin Yüksel
12456,Tweek,12456,False,Tweek
12457,Ercan Irmak,12457,False,Ercan Irmak
12458,Hideo Osaka Ensemble,12458,False,Hideo Osaka Ensemble
12459,Trance Istanbul Project - DJ. Kambo,12459,False,Trance Istanbul Project - DJ. Kambo
12460,Hasan Hüseyin Varol,12460,False,Hasan Hüseyin Varol
12461,Ismail Bülbül,12461,False,Ismail Bülbül
12462,Mohammad Saleh Alem Shah,12462,False,Mohammad Saleh Alem Shah
12463,EBT,12463,False,EBT
12464,Nanae Yoshimura,12464,False,Nanae Yoshimura
12465,Traditional music from  Japan,12465,False,Traditional music from  Japan
12466,Umekichi,12466,False,Umekichi
12467,Taikoza,12467,False,Taikoza
12468,Emin Isak,12468,False,Emin Isak
12469,"Smadj, Orhan Osman & Savaş Zurnacı",12469,False,"Smadj, Orhan Osman & Savaş Zurnacı"
12470,Brent Lewis,12470,False,Brent Lewis
12471,GOCOO,12471,False,GOCOO
12472,Kyoto Imperial Court Music Orchestra,12472,False,Kyoto Imperial Court Music Orchestra
12473,Tokyo Gakuso,12473,False,Tokyo Gakuso
12474,Master Musicians Of The Ikuta School,12474,False,Master Musicians Of The Ikuta School
12475,Kifu Mitsuhashi,12475,False,Kifu Mitsuhashi
12476,Cheikh Abdulbasset Abdussamad,12476,False,Cheikh Abdulbasset Abdussamad
12477,New Boyz,12477,False,New Boyz
12478,Shea Fisher,12478,False,Shea Fisher
12479,Francesqa,12479,False,Francesqa
12480,Lauren Pritchard,12480,False,Lauren Pritchard
12481,Antsy Pants,12481,False,Antsy Pants
12482,Wheatus,12482,False,Wheatus
12483,P.S. Eliot,12483,False,P.S. Eliot
12484,Archers of Loaf,12484,False,Archers of Loaf
12485,Lymbyc Systym,12485,False,Lymbyc Systym
12486,Tiny Hawks,12486,False,Tiny Hawks
12487,Empire! Empire! (I Was A Lonely Estate),12487,False,Empire! Empire! (I Was A Lonely Estate)
12488,Teenage Cool Kids,12488,False,Teenage Cool Kids
12489,1994!,12489,False,1994!
12490,Snowing,12490,False,Snowing
12491,Abe Vigoda,12491,False,Abe Vigoda
12492,Algernon Cadwallader,12492,False,Algernon Cadwallader
12493,Broski,12493,False,Broski
12494,Stranger Danger,12494,False,Stranger Danger
12495,Casiotone for the Painfully Alone,12495,False,Casiotone for the Painfully Alone
12496,Beat Happening,12496,False,Beat Happening
12497,The Love of Everything,12497,False,The Love of Everything
12498,Faraquet,12498,False,Faraquet
12499,By Surprise,12499,False,By Surprise
12500,Grown Ups,12500,False,Grown Ups
12501,Storm the Bastille,12501,False,Storm the Bastille
12502,M Blanket,12502,False,M Blanket
12503,The City on Film,12503,False,The City on Film
12504,Crimson Ivy,12504,False,Crimson Ivy
12505,cEvin Key,12505,False,cEvin Key
12506,Hilt,12506,False,Hilt
12507,Psy'Aviah,12507,False,Psy'Aviah
12508,ohGr,12508,False,ohGr
12509,Cyberaktif,12509,False,Cyberaktif
12510,dev/null,12510,False,dev/null
12511,Doubting Thomas,12511,False,Doubting Thomas
12512,Loli Ripe,12512,False,Loli Ripe
12513,Rx,12513,False,Rx
12514,Venetian Snares & Speedranch,12514,False,Venetian Snares & Speedranch
12515,Lard,12515,False,Lard
12516,seis35,12516,False,seis35
12517,Tara Perdida,12517,False,Tara Perdida
12518,Fernando Rocha,12518,False,Fernando Rocha
12519,Rouxinol Faduncho,12519,False,Rouxinol Faduncho
12520,Trinta e Um,12520,False,Trinta e Um
12521,4Taste,12521,False,4Taste
12522,Jaimão,12522,False,Jaimão
12523,Joyce & Ridge,12523,False,Joyce & Ridge
12524,Mata-Ratos,12524,False,Mata-Ratos
12525,Sk6,12525,False,Sk6
12526,Ukurralle,12526,False,Ukurralle
12527,Ray William Johnson,12527,False,Ray William Johnson
12528,TwentyInchBurial,12528,False,TwentyInchBurial
12529,Barafunda Total,12529,False,Barafunda Total
12530,Devil In Me,12530,False,Devil In Me
12531,Fonzie,12531,False,Fonzie
12532,ForGodsFake,12532,False,ForGodsFake
12535,Pharrell,12535,False,Pharrell
12538,Bela B.,12538,False,Bela B.
12544,Angels and Airwaves,12544,False,Angels and Airwaves
12545,Cazwell,12545,False,Cazwell
12546,Jim Dooley,12546,False,Jim Dooley
12547,Lunic,12547,False,Lunic
12548,Shannon Wright,12548,False,Shannon Wright
12549,Daisybox,12549,False,Daisybox
12550,Sono,12550,False,Sono
12551,Lily Holbrook,12551,False,Lily Holbrook
12552,Hypernova,12552,False,Hypernova
12553,Ha-Ash,12553,False,Ha-Ash
12554,Phineas & Ferb,12554,False,Phineas & Ferb
12555,Ximena Sariñana,12555,False,Ximena Sariñana
12556,Brenda Asnicar,12556,False,Brenda Asnicar
12557,"Matthew ""Mdot"" Finley & Meaghan Martin",12557,False,"Matthew ""Mdot"" Finley & Meaghan Martin"
12558,Cast Of HSM,12558,False,Cast Of HSM
12559,Jolette,12559,False,Jolette
12560,Laura Esquivel,12560,False,Laura Esquivel
12561,Chenoa,12561,False,Chenoa
12562,Pitty [Des]Concerto Ao Vivo,12562,False,Pitty [Des]Concerto Ao Vivo
12563,The Midway State,12563,False,The Midway State
12564,Empires,12564,False,Empires
12565,Sam Roberts,12565,False,Sam Roberts
12566,Daniel Ghattas,12566,False,Daniel Ghattas
12567,The Last Goodnight,12567,False,The Last Goodnight
12568,Tunisiano,12568,False,Tunisiano
12569,Brian Melo,12569,False,Brian Melo
12570,The Philosopher Kings,12570,False,The Philosopher Kings
12571,Raine Maida,12571,False,Raine Maida
12572,Matt Mays & El Torpedo,12572,False,Matt Mays & El Torpedo
12573,Butch Walker,12573,False,Butch Walker
12574,Tom Felton,12574,False,Tom Felton
12575,Elin Lanto,12575,False,Elin Lanto
12576,Myriam Hernández,12576,False,Myriam Hernández
12577,Sagi-Rei,12577,False,Sagi-Rei
12578,Romanticas en español,12578,False,Romanticas en español
12579,Madrugada,12579,False,Madrugada
12580,Scumbucket,12580,False,Scumbucket
12581,Slut,12581,False,Slut
12582,Harmful,12582,False,Harmful
12583,iLiKETRAiNS,12583,False,iLiKETRAiNS
12584,Sivert Høyem,12584,False,Sivert Høyem
12585,빅뱅,12585,False,빅뱅
12586,Camilo Echeverry,12586,False,Camilo Echeverry
12587,G-Dragon (지드래곤),12587,False,G-Dragon (지드래곤)
12588,Baby Rasta & Gringo,12588,False,Baby Rasta & Gringo
12589,郭采洁,12589,False,郭采洁
12590,Marbelle,12590,False,Marbelle
12591,동영배,12591,False,동영배
12592,Baby Rasta,12592,False,Baby Rasta
12593,Ximena,12593,False,Ximena
12594,A.E,12594,False,A.E
12595,Margarita Rosa de Francisco,12595,False,Margarita Rosa de Francisco
12596,승리,12596,False,승리
12597,Adriana Lucia,12597,False,Adriana Lucia
12598,J Balvin (El Negocio),12598,False,J Balvin (El Negocio)
12599,Harry Nilsson,12599,False,Harry Nilsson
12600,Big Dipper,12600,False,Big Dipper
12601,Spider John Koerner,12601,False,Spider John Koerner
12602,Candy Claws,12602,False,Candy Claws
12603,The dB's,12603,False,The dB's
12604,Stephen Malkmus and the Jicks,12604,False,Stephen Malkmus and the Jicks
12605,Tobacco,12605,False,Tobacco
12606,Cass Elliot,12606,False,Cass Elliot
12607,Seeland,12607,False,Seeland
12608,{{{Sunset}}},12608,False,{{{Sunset}}}
12612,Pure Saturday,12612,False,Pure Saturday
12618,Volcano Choir,12618,False,Volcano Choir
12620,Twin Atlantic,12620,False,Twin Atlantic
12621,Two Steps From Hell,12621,False,Two Steps From Hell
12622,Boyce Avenue (Acoustic Cover),12622,False,Boyce Avenue (Acoustic Cover)
12623,"Peter, Paul & Mary",12623,False,"Peter, Paul & Mary"
12624,The Vengers,12624,False,The Vengers
12625,Chris Salvatore,12625,False,Chris Salvatore
12626,Julian Sas,12626,False,Julian Sas
12627,Danny Bryant's RedEyeBand,12627,False,Danny Bryant's RedEyeBand
12628,Dr. Wu',12628,False,Dr. Wu'
12629,The Human Project,12629,False,The Human Project
12630,Coco Montoya,12630,False,Coco Montoya
12631,Albert Cummings,12631,False,Albert Cummings
12632,Bill Perry,12632,False,Bill Perry
12633,Kenny Wayne Shepherd Band,12633,False,Kenny Wayne Shepherd Band
12634,Mojo Blues Band,12634,False,Mojo Blues Band
12635,Tommy Castro,12635,False,Tommy Castro
12636,Scott Holt,12636,False,Scott Holt
12637,Walter Trout,12637,False,Walter Trout
12638,Beth Hart,12638,False,Beth Hart
12639,The Veldman Brothers,12639,False,The Veldman Brothers
12640,Lara Price Band,12640,False,Lara Price Band
12641,Tas Cru,12641,False,Tas Cru
12642,Sonny Moorman,12642,False,Sonny Moorman
12643,Savoy Brown,12643,False,Savoy Brown
12644,Albert Castiglia,12644,False,Albert Castiglia
12645,Joe Colombo,12645,False,Joe Colombo
12646,Don Griffin,12646,False,Don Griffin
12647,Sonny Landreth,12647,False,Sonny Landreth
12648,Ana Popovic,12648,False,Ana Popovic
12649,Chris Duarte & Bluestone co.,12649,False,Chris Duarte & Bluestone co.
12650,Rebel Pride,12650,False,Rebel Pride
12651,AJ McLean,12651,False,AJ McLean
12652,Sandy Leah - www.cdlivre.com,12652,False,Sandy Leah - www.cdlivre.com
12653,Grupo Tradição,12653,False,Grupo Tradição
12654,MICHEL TELÓ,7091,True,Michel Teló
12655,Machina,12655,False,Machina
12656,bruninho & davi,12656,False,bruninho & davi
12657,songstowearpantsto.com,12657,False,songstowearpantsto.com
12658,Mendeed,12658,False,Mendeed
12659,배치기,12659,False,배치기
12660,Arcadi Volodos,12660,False,Arcadi Volodos
12661,Impellitteri,12661,False,Impellitteri
12662,Extol,12662,False,Extol
12663,Martha Argerich,12663,False,Martha Argerich
12664,Wolfdog,12664,False,Wolfdog
12665,Jope Ruonansuu,12665,False,Jope Ruonansuu
12666,タニウチヒデキ,12666,False,タニウチヒデキ
12667,Butterfly Tea,12667,False,Butterfly Tea
12668,Qntal,12668,False,Qntal
12669,Pussycat,12669,False,Pussycat
12670,Maanam,12670,False,Maanam
12671,Omega,12671,False,Omega
12672,Kurtág György,12672,False,Kurtág György
12673,"Sting, Eden Karamazov",12673,False,"Sting, Eden Karamazov"
12674,Francis Lai,12674,False,Francis Lai
12675,Iona Brown; Academy Of St. Martin In The Fields,12675,False,Iona Brown; Academy Of St. Martin In The Fields
12676,Maximilian Hecker,12676,False,Maximilian Hecker
12677,Luigi Dallapiccola,12677,False,Luigi Dallapiccola
12678,"Boulez, Ensemble InterContemporain",12678,False,"Boulez, Ensemble InterContemporain"
12679,Philharmonia Orchestra/Sawallisch,12679,False,Philharmonia Orchestra/Sawallisch
12680,Kari Jobe,12680,False,Kari Jobe
12681,Glen Campbell,12681,False,Glen Campbell
12682,Bill Anderson,12682,False,Bill Anderson
12683,Addison Road,12683,False,Addison Road
12684,Eddy Arnold,12684,False,Eddy Arnold
12685,Sarah Reeves,12685,False,Sarah Reeves
12686,Francesca Battistelli,12686,False,Francesca Battistelli
12687,Ashton Shepherd,12687,False,Ashton Shepherd
12688,Catherine Britt,12688,False,Catherine Britt
12689,Katie Armiger,12689,False,Katie Armiger
12690,Kristy Lee Cook,12690,False,Kristy Lee Cook
12691,HB,12691,False,HB
12692,Manafest,12692,False,Manafest
12693,Project 86,12693,False,Project 86
12694,Stellar Kart,12694,False,Stellar Kart
12695,Mortification,12695,False,Mortification
12696,Raízes,12696,False,Raízes
12697,VOTA,12697,False,VOTA
12698,38th Parallel,12698,False,38th Parallel
12699,Bride,12699,False,Bride
12700,Downhere,12700,False,Downhere
12701,Eleventyseven,12701,False,Eleventyseven
12702,LAREINE,12702,False,LAREINE
12703,Jeniferever,12703,False,Jeniferever
12704,河村隆一,12704,False,河村隆一
12705,sleepy.ab,12705,False,sleepy.ab
12706,Euphoria,12706,False,Euphoria
12707,This Empty Flow,12707,False,This Empty Flow
12708,林海,12708,False,林海
12709,Seven Percent Solution,12709,False,Seven Percent Solution
12710,Johnny Thunders,12710,False,Johnny Thunders
12711,The Vera Violets,12711,False,The Vera Violets
12712,Colour of Fire,12712,False,Colour of Fire
12713,Akira Kosemura,12713,False,Akira Kosemura
12714,松たか子,12714,False,松たか子
12715,Rin',12715,False,Rin'
12716,té,12716,False,té
12717,Swervedriver,12717,False,Swervedriver
12718,pg.lost,12718,False,pg.lost
12719,惘闻,12719,False,惘闻
12720,The Telescopes,12720,False,The Telescopes
12721,미인도(美人圖),12721,False,미인도(美人圖)
12722,fathom 5,12722,False,fathom 5
12723,Drive-By Truckers,12723,False,Drive-By Truckers
12724,Orange Juice,12724,False,Orange Juice
12725,Hothouse Flowers,12725,False,Hothouse Flowers
12726,Turin Brakes,12726,False,Turin Brakes
12727,Marcomé,12727,False,Marcomé
12728,Trance Atlantic Air Waves,12728,False,Trance Atlantic Air Waves
12729,Thom Brennan,12729,False,Thom Brennan
12730,Max Corbacho,12730,False,Max Corbacho
12731,DAVID FOXX,12731,False,DAVID FOXX
12732,Max Corbacho & Bruno Sanfilippo,12732,False,Max Corbacho & Bruno Sanfilippo
12733,Trevor Rabin,12733,False,Trevor Rabin
12734,Chloë Agnew,12734,False,Chloë Agnew
12735,Jeff Greinke,12735,False,Jeff Greinke
12736,David Helpling,12736,False,David Helpling
12737,Byron Metcalf,12737,False,Byron Metcalf
12738,Medwyn Goodall,12738,False,Medwyn Goodall
12739,Frank Van Bogaert,12739,False,Frank Van Bogaert
12740,Roger Eno,12740,False,Roger Eno
12741,Marco Torrance,12741,False,Marco Torrance
12742,Jon & Vangelis,12742,False,Jon & Vangelis
12743,Gas (Mat Jarvis),12743,False,Gas (Mat Jarvis)
12744,Bekki Williams,12744,False,Bekki Williams
12745,2002,12745,False,2002
12746,Strifeii,12746,False,Strifeii
12747,Emay,12747,False,Emay
12748,Javelin,12748,False,Javelin
12749,Tenorio Jr,12749,False,Tenorio Jr
12750,Muscles,12750,False,Muscles
12751,Charles Hamilton,12751,False,Charles Hamilton
12752,The Temptations,12752,False,The Temptations
12753,Edward Sharpe & the Magnetic Zeros,12753,False,Edward Sharpe & the Magnetic Zeros
12754,Good Luck,12754,False,Good Luck
12755,Slum Village,12755,False,Slum Village
12756,Project Pat,12756,False,Project Pat
12757,Diplo,12757,False,Diplo
12758,AFTA-1,12758,False,AFTA-1
12759,Nosaj Thing,12759,False,Nosaj Thing
12760,Dave House,12760,False,Dave House
12761,Jakob,12761,False,Jakob
12762,Maserati,12762,False,Maserati
12763,七瀬光,12763,False,七瀬光
12764,D.N.Angel,12764,False,D.N.Angel
12765,Yuko Fukushima,12765,False,Yuko Fukushima
12766,Caia,12766,False,Caia
12767,Square-Enix,12767,False,Square-Enix
12768,Tsutchie,12768,False,Tsutchie
12769,The Star Onions,12769,False,The Star Onions
12770,Squaredance,12770,False,Squaredance
12771,Phil Wickham,12771,False,Phil Wickham
12772,松枝賀子 & 江口貴勅,12772,False,松枝賀子 & 江口貴勅
12773,Revolverheld,12773,False,Revolverheld
12774,Sub7even,12774,False,Sub7even
12775,4LYN,12775,False,4LYN
12776,The Sorrow,12776,False,The Sorrow
12777,The Union Underground,12777,False,The Union Underground
12778,Heckross,12778,False,Heckross
12779,The Autumn Offering,12779,False,The Autumn Offering
12780,Threat Signal,12780,False,Threat Signal
12781,Loser,12781,False,Loser
12782,Machinemade God,12782,False,Machinemade God
12783,John 5,12783,False,John 5
12784,PRALAY,12784,False,PRALAY
12785,Arnab (aimraj.com),12785,False,Arnab (aimraj.com)
12786,Andy Timmons,12786,False,Andy Timmons
12787,Mumm-Ra,12787,False,Mumm-Ra
12788,Since October,12788,False,Since October
12789,Scenes From A Movie,12789,False,Scenes From A Movie
12790,Grupo Bom Gosto,12790,False,Grupo Bom Gosto
12791,Ramirez,12791,False,Ramirez
12792,Sp7,12792,False,Sp7
12793,Ministério Trazendo a Arca,12793,False,Ministério Trazendo a Arca
12794,A Thorn for Every Heart,12794,False,A Thorn for Every Heart
12795,Luzmelt,12795,False,Luzmelt
12796,Dark Schneider,12796,False,Dark Schneider
12797,摩天楼オペラ,12797,False,摩天楼オペラ
12798,ゾロ,12798,False,ゾロ
12799,Administrator,12799,False,Administrator
12800,平成維新,12800,False,平成維新
12801,Megaromania,12801,False,Megaromania
12802,Lycaon,12802,False,Lycaon
12803,ViViD,12803,False,ViViD
12804,Phantasmagoria,12804,False,Phantasmagoria
12805,SCREW,12805,False,SCREW
12806,DaizyStripper,12806,False,DaizyStripper
12807,少女-ロリヰタ-23区,12807,False,少女-ロリヰタ-23区
12808,アヲイ,12808,False,アヲイ
12809,amber gris,12809,False,amber gris
12810,キャンゼル,12810,False,キャンゼル
12811,UnsraW,12811,False,UnsraW
12812,9GOATS BLACK OUT,12812,False,9GOATS BLACK OUT
12813,THE KIDDIE,12813,False,THE KIDDIE
12814,ケミカルピクチャーズ,12814,False,ケミカルピクチャーズ
12815,auncia,12815,False,auncia
12816,ギルティア,12816,False,ギルティア
12817,The Communards,12817,False,The Communards
12818,Bronski Beat & Marc Almond,12818,False,Bronski Beat & Marc Almond
12819,[WwW.PotenciaDance.CoM],12819,False,[WwW.PotenciaDance.CoM]
12820,Phillip Boa & The Voodooclub,12820,False,Phillip Boa & The Voodooclub
12821,Telepathe,12821,False,Telepathe
12822,Children of the CPU,12822,False,Children of the CPU
12823,Ashra,12823,False,Ashra
12824,Beangrowers,12824,False,Beangrowers
12825,OVERROCKET,12825,False,OVERROCKET
12826,Donna Regina,12826,False,Donna Regina
12827,Johannes Schmoelling,12827,False,Johannes Schmoelling
12828,Peter Baumann,12828,False,Peter Baumann
12829,True Colour of Blood,12829,False,True Colour of Blood
12830,Mizca,12830,False,Mizca
12831,Harem Scarem,12831,False,Harem Scarem
12832,Parni Valjak,12832,False,Parni Valjak
12833,Crvena Jabuka,12833,False,Crvena Jabuka
12834,Brad,12834,False,Brad
12835,Stone Gossard,12835,False,Stone Gossard
12836,Prljavo Kazalište,12836,False,Prljavo Kazalište
12837,Logistics,12837,False,Logistics
12838,Caspa,12838,False,Caspa
12839,Sub Focus,12839,False,Sub Focus
12840,Mistabishi,12840,False,Mistabishi
12841,The Sect,12841,False,The Sect
12842,Borgore,12842,False,Borgore
12843,Dogs on Crack vs Katz on K,12843,False,Dogs on Crack vs Katz on K
12844,"Datsik, Flux Pavillion",12844,False,"Datsik, Flux Pavillion"
12845,Cervello Elettronico,12845,False,Cervello Elettronico
12846,Seba,12846,False,Seba
12847,Ganja Kru,12847,False,Ganja Kru
12848,Quantum Soul,12848,False,Quantum Soul
12849,Counterstrike & Current Value,12849,False,Counterstrike & Current Value
12850,16bit,12850,False,16bit
12851,TriaMer,12851,False,TriaMer
12852,Current Value & Limewax,12852,False,Current Value & Limewax
12853,M!ndFuck,12853,False,M!ndFuck
12854,High Contrast,12854,False,High Contrast
12855,Mimosa,12855,False,Mimosa
12856,Skream b2b Benga,12856,False,Skream b2b Benga
12857,State Of Mind & PNC,12857,False,State Of Mind & PNC
12858,Current Value & Donny,12858,False,Current Value & Donny
12859,Predatorz Potcast 03,12859,False,Predatorz Potcast 03
12860,State Of Mind & Trei,12860,False,State Of Mind & Trei
12861,c9h13no3,12861,False,c9h13no3
12862,Limewax & The Panacea,12862,False,Limewax & The Panacea
12863,"Maldini, Vegas & D-Bridge",12863,False,"Maldini, Vegas & D-Bridge"
12864,Rufige Kru,12864,False,Rufige Kru
12865,Nanotek,12865,False,Nanotek
12866,Der WaldläUfer,12866,False,Der WaldläUfer
12867,Union Jack,12867,False,Union Jack
12868,Quantic,12868,False,Quantic
12869,Nova,12869,False,Nova
12870,Solar-Wind,12870,False,Solar-Wind
12871,Pit Baumgartner/Adax Dorsam,12871,False,Pit Baumgartner/Adax Dorsam
12872,Dyke & The Blazers,12872,False,Dyke & The Blazers
12873,Waldläufer,12873,False,Waldläufer
12874,der waldäufer,12874,False,der waldäufer
12875,Lauren,12875,False,Lauren
12876,Matt Darey,12876,False,Matt Darey
12877,Gabi Newman feat. Nikol,12877,False,Gabi Newman feat. Nikol
12878,abyssal plains,12878,False,abyssal plains
12879,Poets of Rhythm,12879,False,Poets of Rhythm
12880,Fabulous Souls,12880,False,Fabulous Souls
12881,Rex Garvin & The Mighty Cravers,12881,False,Rex Garvin & The Mighty Cravers
12882,Salt,12882,False,Salt
12883,Johnny Jones And The King Casuals,12883,False,Johnny Jones And The King Casuals
12884,Vern Blair Debate,12884,False,Vern Blair Debate
12885,Ganga,12885,False,Ganga
12886,The Five Du-Tones,12886,False,The Five Du-Tones
12887,Johnny Jones & The King Casuals,12887,False,Johnny Jones & The King Casuals
12888,Mind Soup,12888,False,Mind Soup
12889,Super Pulse,12889,False,Super Pulse
12890,Bliss,12890,False,Bliss
12897,Duck Sauce,12897,False,Duck Sauce
12902,Rakim,12902,False,Rakim
12909,The Parlor Mob,12909,False,The Parlor Mob
12911,The Answer,12911,False,The Answer
12915,Vetusta Morla,12915,False,Vetusta Morla
12917,The Ropes,12917,False,The Ropes
12918,Band of Skulls,12918,False,Band of Skulls
12919,Waikiki,12919,False,Waikiki
12920,Malu,12920,False,Malu
12921,Amaral,12921,False,Amaral
12922,Sergio Dalma,12922,False,Sergio Dalma
12923,Fito & Fitipaldis,12923,False,Fito & Fitipaldis
12924,El Sueño de Morfeo,12924,False,El Sueño de Morfeo
12925,LanzamientosMp3 & Mixermusic,12925,False,LanzamientosMp3 & Mixermusic
12926,Pastora Soler,12926,False,Pastora Soler
12927,Merche,12927,False,Merche
12928,Keiko Matsui,12928,False,Keiko Matsui
12929,M. Bulteau,12929,False,M. Bulteau
12930,岩代太郎,12930,False,岩代太郎
12931,Roger Subirana,12931,False,Roger Subirana
12932,Itzhak Perlman,12932,False,Itzhak Perlman
12933,Brian Eno & David Byrne,12933,False,Brian Eno & David Byrne
12934,Black Rain,12934,False,Black Rain
12935,Steelheart,12935,False,Steelheart
12936,Keel,12936,False,Keel
12937,London,12937,False,London
12938,Roxx,12938,False,Roxx
12939,Lizzy Borden,12939,False,Lizzy Borden
12940,Peep Show,12940,False,Peep Show
12943,Among the Debris,12943,False,Among the Debris
12944,Doom Unit,12944,False,Doom Unit
12945,Jesus Culture,12945,False,Jesus Culture
12946,Ministério Vida de Adoração,12946,False,Ministério Vida de Adoração
12947,Shawn McDonald,12947,False,Shawn McDonald
12948,Day of Fire,12948,False,Day of Fire
12949,Mainstay,12949,False,Mainstay
12950,Delirious?,12950,False,Delirious?
12951,Jonah33,12951,False,Jonah33
12952,Livres para Adorar,12952,False,Livres para Adorar
12953,Audio Adrenaline,12953,False,Audio Adrenaline
12954,Spoken,12954,False,Spoken
12955,Casa de Davi,12955,False,Casa de Davi
12956,Adoração & Adoradores,12956,False,Adoração & Adoradores
12957,Lucas Souza,12957,False,Lucas Souza
12958,Austin Drage,12958,False,Austin Drage
12959,Amanda Seyfried,12959,False,Amanda Seyfried
12960,Hunter Parrish,12960,False,Hunter Parrish
12961,Zizi Possi,12961,False,Zizi Possi
12962,Pia Toscano,12962,False,Pia Toscano
12963,Eoghan Quigg,12963,False,Eoghan Quigg
12964,3-11 Porter,12964,False,3-11 Porter
12965,Moony,12965,False,Moony
12966,Burhan G,12966,False,Burhan G
12967,BOB,12967,False,BOB
12968,Mary J Blige,12968,False,Mary J Blige
12969,Timbaland feat. Keri Hilson & Sebastian,12969,False,Timbaland feat. Keri Hilson & Sebastian
12970,Timbaland feat. Sebastian & Attitude,12970,False,Timbaland feat. Sebastian & Attitude
12971,N.E.R.D.,12971,False,N.E.R.D.
12972,Timbaland feat. Keri Hilson & D.O.E.,12972,False,Timbaland feat. Keri Hilson & D.O.E.
12973,Babyland,12973,False,Babyland
12974,Love of Diagrams,12974,False,Love of Diagrams
12975,16Volt,12975,False,16Volt
12976,Zola Jesus,12976,False,Zola Jesus
12977,The Prids,12977,False,The Prids
12978,Dum Dum Girls,12978,False,Dum Dum Girls
12979,Machine Drum,12979,False,Machine Drum
12980,Anthony Green,12980,False,Anthony Green
12981,I Would Set Myself on Fire for You,12981,False,I Would Set Myself on Fire for You
12982,Runsfasterscared,12982,False,Runsfasterscared
12983,Ataque Verbal,12983,False,Ataque Verbal
12984,Fangoria,12984,False,Fangoria
12985,Denise Murz,12985,False,Denise Murz
12986,D-MODE,12986,False,D-MODE
12987,Global Deejays,12987,False,Global Deejays
12988,Thea Gilmore,12988,False,Thea Gilmore
12989,Lisa Hannigan,12989,False,Lisa Hannigan
12990,Laura Izibor,12990,False,Laura Izibor
12991,Sarah Jaffe,12991,False,Sarah Jaffe
12992,Kathryn Williams,12992,False,Kathryn Williams
12993,Anna Calvi,12993,False,Anna Calvi
12994,Deee-Lite,12994,False,Deee-Lite
12995,Sleeping In The Aviary,12995,False,Sleeping In The Aviary
12996,delicious pastries,12996,False,delicious pastries
12997,Cotton Mather,12997,False,Cotton Mather
12998,Superdrag,12998,False,Superdrag
12999,New Shouts,12999,False,New Shouts
13000,Love,13000,False,Love
13001,Mariage Blanc,13001,False,Mariage Blanc
13002,The Bees,13002,False,The Bees
13003,Meeting Of Important People,13003,False,Meeting Of Important People
13004,The Soft Boys,13004,False,The Soft Boys
13005,Ultra Orange & Emmanuelle,13005,False,Ultra Orange & Emmanuelle
13006,Laminated Cat,13006,False,Laminated Cat
13007,Walter Meego,13007,False,Walter Meego
13008,Natalie Portman's Shaved Head,13008,False,Natalie Portman's Shaved Head
13009,Bag Raiders,13009,False,Bag Raiders
13010,Shitdisco,13010,False,Shitdisco
13011,Rex the Dog,13011,False,Rex the Dog
13012,Platinum Blonde,13012,False,Platinum Blonde
13013,Tony Bennett,13013,False,Tony Bennett
13014,Tom Cochrane & Red Rider,13014,False,Tom Cochrane & Red Rider
13015,Go,13015,False,Go
13016,Blade Loki,13016,False,Blade Loki
13017,Habakuk,13017,False,Habakuk
13018,Honor,13018,False,Honor
13019,Zabili Mi Żółwia,13019,False,Zabili Mi Żółwia
13020,Zeus,13020,False,Zeus
13021,Nauka o gównie,13021,False,Nauka o gównie
13022,Cela Nr 3,13022,False,Cela Nr 3
13023,The Bill,13023,False,The Bill
13024,Kastracja,13024,False,Kastracja
13025,Pięć Dwa Dębiec,13025,False,Pięć Dwa Dębiec
13026,Komety,13026,False,Komety
13027,Konkwista 88,13027,False,Konkwista 88
13028,Brudne Dzieci Sida,13028,False,Brudne Dzieci Sida
13029,Ramzes & The Hooligans,13029,False,Ramzes & The Hooligans
13030,Uliczny Opryszek,13030,False,Uliczny Opryszek
13031,天空のエスカフローネ,13031,False,天空のエスカフローネ
13032,"Bruno Coulais, Mathilde Pellegrini, Helene Breschand, Hungrarian Symphony Orchestra Budapest & Laurent Petitgirard",13032,False,"Bruno Coulais, Mathilde Pellegrini, Helene Breschand, Hungrarian Symphony Orchestra Budapest & Laurent Petitgirard"
13033,Lulu Rouge,13033,False,Lulu Rouge
13034,Ilan Eshkeri,13034,False,Ilan Eshkeri
13035,Miriam Stockley,13035,False,Miriam Stockley
13036,Cybo,13036,False,Cybo
13037,鼓童,13037,False,鼓童
13038,Kurt Vile,13038,False,Kurt Vile
13039,Crystal Stilts,13039,False,Crystal Stilts
13040,Fresh Cherries From Yakima,13040,False,Fresh Cherries From Yakima
13041,Tiny Vipers,13041,False,Tiny Vipers
13042,The Sandwitches,13042,False,The Sandwitches
13043,Sleeping States,13043,False,Sleeping States
13044,Silver Jews,13044,False,Silver Jews
13045,Women,13045,False,Women
13046,Minks,13046,False,Minks
13047,Rio en Medio,13047,False,Rio en Medio
13048,Valet,13048,False,Valet
13049,The Fresh & Onlys,13049,False,The Fresh & Onlys
13050,Papercuts,13050,False,Papercuts
13051,Sic Alps,13051,False,Sic Alps
13052,Julian Lynch,13052,False,Julian Lynch
13053,Thee Oh Sees,13053,False,Thee Oh Sees
13054,Lotus Plaza,13054,False,Lotus Plaza
13055,WHITE FENCE,13055,False,WHITE FENCE
13056,Dirty Beaches,13056,False,Dirty Beaches
13057,Grass Widow,13057,False,Grass Widow
13058,Nullset,13058,False,Nullset
13059,Humberto Gessinger Trio,13059,False,Humberto Gessinger Trio
13060,SoundGarden | www.CdsCompletos.net,13060,False,SoundGarden | www.CdsCompletos.net
13061,Infectious Grooves,13061,False,Infectious Grooves
13062,Green River,13062,False,Green River
13063,Cheyenne Kimball,13063,False,Cheyenne Kimball
13064,Jordan McCoy,13064,False,Jordan McCoy
13065,Moxy Früvous,13065,False,Moxy Früvous
13066,Dr. Dog,13066,False,Dr. Dog
13067,Howstuffworks.com,13067,False,Howstuffworks.com
13068,Broadway Cast Recording,13068,False,Broadway Cast Recording
13069,Ray Davies,13069,False,Ray Davies
13070,Jim Gaffigan,13070,False,Jim Gaffigan
13071,The Rosewood Thieves,13071,False,The Rosewood Thieves
13072,Bijelo Dugme,13072,False,Bijelo Dugme
13073,Indexi,13073,False,Indexi
13074,Divlje Jagode,13074,False,Divlje Jagode
13075,Zabranjeno Pušenje,13075,False,Zabranjeno Pušenje
13076,Gibonni,13076,False,Gibonni
13077,Osmi Putnik,13077,False,Osmi Putnik
13078,Smak,13078,False,Smak
13079,Haustor,13079,False,Haustor
13084,The Grapes of Wrath,13084,False,The Grapes of Wrath
13085,Spoons,13085,False,Spoons
13086,Chalk Circle,13086,False,Chalk Circle
13087,The Sword,13087,False,The Sword
13089,100dBs,13089,False,100dBs
13090,Dusty Fingers,13090,False,Dusty Fingers
13091,Dj Eleven,13091,False,Dj Eleven
13092,Bochum Welt,13092,False,Bochum Welt
13093,Metal Fingers,13093,False,Metal Fingers
13094,Jaylib,13094,False,Jaylib
13095,Diamond and the Psychotic Neurotics,13095,False,Diamond and the Psychotic Neurotics
13096,Angelo Elle,13096,False,Angelo Elle
13097,la guerra delle formiche,13097,False,la guerra delle formiche
13098,LaPingra,13098,False,LaPingra
13099,Don Turbolento,13099,False,Don Turbolento
13100,Honeybird & the Birdies,13100,False,Honeybird & the Birdies
13101,Vinegar Socks,13101,False,Vinegar Socks
13102,Scott Matthews,13102,False,Scott Matthews
13103,The Abramson Singers,13103,False,The Abramson Singers
13104,zero gravity toilet,13104,False,zero gravity toilet
13105,Eva Mon amour,13105,False,Eva Mon amour
13106,"Kiss My Ass, Deeply",13106,False,"Kiss My Ass, Deeply"
13107,Arakain,13107,False,Arakain
13108,Zbynda Slepička,13108,False,Zbynda Slepička
13109,Krausberry,13109,False,Krausberry
13110,Alkehol,13110,False,Alkehol
13111,Votchi,13111,False,Votchi
13112,Ian Gillan,13112,False,Ian Gillan
13113,Horkýže Slíže,13113,False,Horkýže Slíže
13114,Tři Sestry,13114,False,Tři Sestry
13115,Blue Effect,13115,False,Blue Effect
13116,Karel Kryl,13116,False,Karel Kryl
13117,Katapult,13117,False,Katapult
13118,Brutus,13118,False,Brutus
13119,Jan Jiroušek,13119,False,Jan Jiroušek
13120,Jiří Schelinger,13120,False,Jiří Schelinger
13121,Hudba Praha,13121,False,Hudba Praha
13122,Jára Cimrman,13122,False,Jára Cimrman
13123,Blue Cheer,13123,False,Blue Cheer
13124,Totální Nasazení,13124,False,Totální Nasazení
13125,Šimek & Grossmann,13125,False,Šimek & Grossmann
13126,Saga,13126,False,Saga
13127,Seventh Wonder,13127,False,Seventh Wonder
13128,The Gourishankar,13128,False,The Gourishankar
13129,Enchant,13129,False,Enchant
13130,Dominici,13130,False,Dominici
13131,Aditus,13131,False,Aditus
13132,Dreamscape,13132,False,Dreamscape
13133,Shawn Lane,13133,False,Shawn Lane
13134,Agora,13134,False,Agora
13135,Los Rabanes,13135,False,Los Rabanes
13136,Chichi Peralta,13136,False,Chichi Peralta
13137,Pastora,13137,False,Pastora
13138,Ok que,13138,False,Ok que
13139,The Jelly Jam,13139,False,The Jelly Jam
13140,Guillermo Cides,13140,False,Guillermo Cides
13141,Mermelada Bunch,13141,False,Mermelada Bunch
13142,Solid Vision,13142,False,Solid Vision
13143,MullMuzzler,13143,False,MullMuzzler
13144,Manolo García,13144,False,Manolo García
13145,Alaska In Winter,13145,False,Alaska In Winter
13147,Sea Wolf,13147,False,Sea Wolf
13151,The Alarm,13151,False,The Alarm
13152,Mike Peters,13152,False,Mike Peters
13153,Grand National,13153,False,Grand National
13154,Любэ,13154,False,Любэ
13155,Bachelor Girl,13155,False,Bachelor Girl
13156,Kirsty MacColl,13156,False,Kirsty MacColl
13157,Stephen Duffy,13157,False,Stephen Duffy
13158,Gowan,13158,False,Gowan
13159,Simon Le Bon,13159,False,Simon Le Bon
13160,Glass Tiger,13160,False,Glass Tiger
13161,Private,13161,False,Private
13162,Geneva Jacuzzi,13162,False,Geneva Jacuzzi
13163,Clara Rockmore,13163,False,Clara Rockmore
13164,Jane Birkin,13164,False,Jane Birkin
13165,Kas Product,13165,False,Kas Product
13166,El Aviador Dro,13166,False,El Aviador Dro
13167,John Maus,13167,False,John Maus
13168,Telex,13168,False,Telex
13169,Marlene Dietrich,13169,False,Marlene Dietrich
13170,Lio,13170,False,Lio
13171,Marianne Faithfull,13171,False,Marianne Faithfull
13172,Jeremy Jay,13172,False,Jeremy Jay
13173,Thieves Like Us,13173,False,Thieves Like Us
13174,Modern Witch,13174,False,Modern Witch
13175,Bernard Fevre,13175,False,Bernard Fevre
13176,Trans-X,13176,False,Trans-X
13177,Lizzy Mercier Descloux,13177,False,Lizzy Mercier Descloux
13178,The Motels,13178,False,The Motels
13179,DJ Sharpnel,13179,False,DJ Sharpnel
13180,Apartment 26,13180,False,Apartment 26
13181,Magic Man,13181,False,Magic Man
13182,e-gens,13182,False,e-gens
13183,Electro Spectre,13183,False,Electro Spectre
13184,Analog Angel,13184,False,Analog Angel
13185,B! Machine,13185,False,B! Machine
13186,Jens Bader,13186,False,Jens Bader
13187,Ien Oblique,13187,False,Ien Oblique
13188,Zartbitter 16,13188,False,Zartbitter 16
13189,KAJ,13189,False,KAJ
13190,Simulator,13190,False,Simulator
13191,Sharon Next,13191,False,Sharon Next
13192,depressive minds,13192,False,depressive minds
13193,Mphase,13193,False,Mphase
13194,Sea of Sin,13194,False,Sea of Sin
13195,Dynamic Masters,13195,False,Dynamic Masters
13196,The High-Dolls,13196,False,The High-Dolls
13197,Halovox,13197,False,Halovox
13198,Raindancer,13198,False,Raindancer
13199,TheTrees,13199,False,TheTrees
13200,Tourdeforce,13200,False,Tourdeforce
13201,Intricated,13201,False,Intricated
13202,Carved Souls,13202,False,Carved Souls
13203,Vision Talk,13203,False,Vision Talk
13204,Fake The Envy,13204,False,Fake The Envy
13205,Joy Serene,13205,False,Joy Serene
13206,Modern Thieves,13206,False,Modern Thieves
13207,Low Technicians,13207,False,Low Technicians
13208,Stargraph,13208,False,Stargraph
13209,Double Thumb,13209,False,Double Thumb
13210,Rational Youth,13210,False,Rational Youth
13211,James LaBrie,13211,False,James LaBrie
13212,ANew Revolution,13212,False,ANew Revolution
13213,Confession,13213,False,Confession
13214,The Letter Black,13214,False,The Letter Black
13215,Éowyn,13215,False,Éowyn
13216,Amie Miriello,13216,False,Amie Miriello
13217,Elizabeth & The Catapult,13217,False,Elizabeth & The Catapult
13218,Eric Hutchinson,13218,False,Eric Hutchinson
13219,Andrea Corr,13219,False,Andrea Corr
13220,Richard Joo,13220,False,Richard Joo
13221,Attack In Black,13221,False,Attack In Black
13222,Canterbury,13222,False,Canterbury
13223,Adrina Thorpe,13223,False,Adrina Thorpe
13224,Joan as Police Woman,13224,False,Joan as Police Woman
13225,Smoosh,13225,False,Smoosh
13226,Charlie Dée,13226,False,Charlie Dée
13227,Room Eleven,13227,False,Room Eleven
13228,Immaculate Machine,13228,False,Immaculate Machine
13229,Heidi Happy,13229,False,Heidi Happy
13230,Pinewood Derby,13230,False,Pinewood Derby
13231,Phildel,13231,False,Phildel
13232,The Devlins,13232,False,The Devlins
13233,Title Fight,13233,False,Title Fight
13234,Transit,13234,False,Transit
13235,THE KOBANES,13235,False,THE KOBANES
13236,Such Gold,13236,False,Such Gold
13237,This Time Next Year,13237,False,This Time Next Year
13238,The Lillingtons,13238,False,The Lillingtons
13239,Agent,13239,False,Agent
13240,Shook Ones,13240,False,Shook Ones
13241,The 20 Belows,13241,False,The 20 Belows
13242,Huntingtons,13242,False,Huntingtons
13243,My Heart To Joy,13243,False,My Heart To Joy
13244,Chixdiggit!,13244,False,Chixdiggit!
13245,Johnie 3,13245,False,Johnie 3
13246,The Manges,13246,False,The Manges
13247,Riverdales,13247,False,Riverdales
13248,The Invalids,13248,False,The Invalids
13249,the peabodys,13249,False,the peabodys
13250,Balance and Composure,13250,False,Balance and Composure
13251,Hightide Hotel,13251,False,Hightide Hotel
13252,The Steinways,13252,False,The Steinways
13253,The Copyrights,13253,False,The Copyrights
13254,Iron Chic,13254,False,Iron Chic
13255,House Boat,13255,False,House Boat
13256,Midwest Pen Pals,13256,False,Midwest Pen Pals
13257,Parasites,13257,False,Parasites
13258,Castevet,13258,False,Castevet
13259,Cletus,13259,False,Cletus
13260,Latterman,13260,False,Latterman
13261,Get Bent,13261,False,Get Bent
13262,Carridale,13262,False,Carridale
13263,teenage bubblegums,13263,False,teenage bubblegums
13264,Crime in Stereo,13264,False,Crime in Stereo
13265,Anna Abreu,13265,False,Anna Abreu
13266,A1,13266,False,A1
13267,Wallis Bird,13267,False,Wallis Bird
13268,Willy DeVille,13268,False,Willy DeVille
13269,Lightnin' Hopkins,13269,False,Lightnin' Hopkins
13270,The Paul Butterfield Blues Band,13270,False,The Paul Butterfield Blues Band
13271,Buddy Guy & Junior Wells,13271,False,Buddy Guy & Junior Wells
13272,John Mayall,13272,False,John Mayall
13273,Koko Taylor,13273,False,Koko Taylor
13274,Popa Chubby,13274,False,Popa Chubby
13275,Kumm,13275,False,Kumm
13276,Cargo,13276,False,Cargo
13277,Dreadful Shadows,13277,False,Dreadful Shadows
13278,Gladiator Theme,13278,False,Gladiator Theme
13279,Vaya Con Dios,13279,False,Vaya Con Dios
13280,Codeine Velvet Club,13280,False,Codeine Velvet Club
13281,Sibel Can,13281,False,Sibel Can
13282,Companhia do Calypso,13282,False,Companhia do Calypso
13283,Parangolé,13283,False,Parangolé
13284,PSIRICO,13284,False,PSIRICO
13285,Teresa Salgueiro,13285,False,Teresa Salgueiro
13286,Baby do Brasil,13286,False,Baby do Brasil
13287,Oz Bambaz,13287,False,Oz Bambaz
13289,Dead Meadow,13289,False,Dead Meadow
13291,Divididos,13291,False,Divididos
13292,Don Omar,13292,False,Don Omar
13293,Jowell & Randy,13293,False,Jowell & Randy
13294,Arcangel,13294,False,Arcangel
13295,Toxic Crow,13295,False,Toxic Crow
13296,Zion,13296,False,Zion
13297,El LAPIZ CONCIENTE,13297,False,El LAPIZ CONCIENTE
13298,Monkey Black,13298,False,Monkey Black
13299,Vakero,13299,False,Vakero
13300,Eddie Dee,13300,False,Eddie Dee
13301,joa,13301,False,joa
13302,Lito y Polaco,13302,False,Lito y Polaco
13303,Tego Calderon,13303,False,Tego Calderon
13304,Don Chezina,13304,False,Don Chezina
13305,Eldad  Lidor,13305,False,Eldad  Lidor
13306,Eldad Lidor,13305,True,Eldad  Lidor
13307,Sporting Club,13307,False,Sporting Club
13308,Leszek Możdżer,13308,False,Leszek Możdżer
13309,Tamburada,13309,False,Tamburada
13310,Circumnavigate,13310,False,Circumnavigate
13311,Pterodata,13311,False,Pterodata
13312,Cybophonia,13312,False,Cybophonia
13313,Sauli Hirvi,13313,False,Sauli Hirvi
13314,The Wood For The Trees,13314,False,The Wood For The Trees
13315,Sicilian AV project,13315,False,Sicilian AV project
13316,Arild Andersen,13316,False,Arild Andersen
13317,Terry Riley,13317,False,Terry Riley
13318,Erik Truffaz,13318,False,Erik Truffaz
13319,Egberto Gismonti,13319,False,Egberto Gismonti
13320,Jaco Pastorius,13320,False,Jaco Pastorius
13321,Wilhelm Stegmeier,13321,False,Wilhelm Stegmeier
13322,Shadowtransit,13322,False,Shadowtransit
13323,Halosenchanted,13323,False,Halosenchanted
13324,Oregon,13324,False,Oregon
13325,Machinefabriek,13325,False,Machinefabriek
13326,Nick Loew,13326,False,Nick Loew
13327,Contemporary Noise Quintet,13327,False,Contemporary Noise Quintet
13328,Kenji Watanabe,13328,False,Kenji Watanabe
13329,BrainStorm Operations,13329,False,BrainStorm Operations
13330,Gendrickson Mena,13330,False,Gendrickson Mena
13331,Hermeto Pascoal,13331,False,Hermeto Pascoal
13332,Uakti,13332,False,Uakti
13333,Armand Amar,13333,False,Armand Amar
13334,John Barrett,13334,False,John Barrett
13335,k-shan,13335,False,k-shan
13336,DoubleUIM,13336,False,DoubleUIM
13337,Mark Isham,13337,False,Mark Isham
13338,Jeff Tweedy,13338,False,Jeff Tweedy
13339,Astral Projection,13339,False,Astral Projection
13340,Cosma,13340,False,Cosma
13341,Pink Turns Blue,13341,False,Pink Turns Blue
13342,No Tears,13342,False,No Tears
13343,Diaframma,13343,False,Diaframma
13344,Martial Canterel,13344,False,Martial Canterel
13345,Lowlife,13345,False,Lowlife
13346,Project:KOMAKINO,13346,False,Project:KOMAKINO
13347,Frank the Baptist,13347,False,Frank the Baptist
13348,Suspiria,13348,False,Suspiria
13349,Les Modules Etranges,13349,False,Les Modules Etranges
13350,PGR,13350,False,PGR
13351,Paola & Chiara,13351,False,Paola & Chiara
13352,Chiara Iezzi,13352,False,Chiara Iezzi
13353,Dual Sessions,13353,False,Dual Sessions
13354,Bodies Without Organs,13354,False,Bodies Without Organs
13355,Rodrigo Leão,13355,False,Rodrigo Leão
13356,Ivri Lider,13356,False,Ivri Lider
13357,Thomas Anders,13357,False,Thomas Anders
13358,Above&Beyond Presents Oceanlab,13358,False,Above&Beyond Presents Oceanlab
13359,Enigmatic Obsession,13359,False,Enigmatic Obsession
13360,Гости из Будущего,3857,True,Гости Из Будущего
13361,Борис Апрель,13361,False,Борис Апрель
13362,Ysa Ferrer,13362,False,Ysa Ferrer
13363,Christophe Willem,13363,False,Christophe Willem
13364,Mark Medlock,13364,False,Mark Medlock
13365,Common Rotation,13365,False,Common Rotation
13366,Erik Wøllo,13366,False,Erik Wøllo
13367,Academy Of St. Martin-In-The-Fields Under Neville Marriner,13367,False,Academy Of St. Martin-In-The-Fields Under Neville Marriner
13368,Mediæval Bæbes,13368,False,Mediæval Bæbes
13369,Altan,13369,False,Altan
13370,Essence,13370,False,Essence
13371,Karl Jenkins,13371,False,Karl Jenkins
13372,Blue Man Group,13372,False,Blue Man Group
13373,Richard Bone,13373,False,Richard Bone
13374,Clandestine,13374,False,Clandestine
13375,Steve Aoki,13375,False,Steve Aoki
13376,Gyroscope,13376,False,Gyroscope
13377,Birds of Tokyo,13377,False,Birds of Tokyo
13378,Hladno Pivo,13378,False,Hladno Pivo
13379,Urban & 4,13379,False,Urban & 4
13380,Lollobrigida,13380,False,Lollobrigida
13381,Daleka Obala,13381,False,Daleka Obala
13382,Azra,13382,False,Azra
13383,The Beat Fleet,13383,False,The Beat Fleet
13384,Jinx,13384,False,Jinx
13385,Partibrejkers,13385,False,Partibrejkers
13386,Darko Rundek,13386,False,Darko Rundek
13387,Juana Molina,13387,False,Juana Molina
13388,Sidestepper,13388,False,Sidestepper
13389,Bomba Estéreo,13389,False,Bomba Estéreo
13390,Gondwana,13390,False,Gondwana
13391,Boston Symphony Ozawa,13391,False,Boston Symphony Ozawa
13392,Choc Quib Town,13392,False,Choc Quib Town
13393,Bitter:Sweet,13393,False,Bitter:Sweet
13394,Madita,13394,False,Madita
13395,Vinicius de Moraes,13395,False,Vinicius de Moraes
13396,Crippled Black Phoenix,13396,False,Crippled Black Phoenix
13397,Nick Cave & Warren Ellis,13397,False,Nick Cave & Warren Ellis
13398,Made Out of Babies,13398,False,Made Out of Babies
13399,HṚṢṬA,13399,False,HṚṢṬA
13400,The Eighties Matchbox B-Line Disaster,13400,False,The Eighties Matchbox B-Line Disaster
13401,Lou Barlow,13401,False,Lou Barlow
13406,Louis XIV,13406,False,Louis XIV
13409,Cairokee,13409,False,Cairokee
13410,Mohammed El-Hakim,13410,False,Mohammed El-Hakim
13411,Skambankt,13411,False,Skambankt
13412,Boom Boom Kid,13412,False,Boom Boom Kid
13413,Dolly,13413,False,Dolly
13414,Nina Gordon,13414,False,Nina Gordon
13415,Neurotic Outsiders,13415,False,Neurotic Outsiders
13416,Billy Bragg,13416,False,Billy Bragg
13417,The Lucksmiths,13417,False,The Lucksmiths
13418,The Housemartins,13418,False,The Housemartins
13419,Trembling Blue Stars,13419,False,Trembling Blue Stars
13420,Darren Hanlon,13420,False,Darren Hanlon
13421,My Life Story,13421,False,My Life Story
13422,Roger Miller,13422,False,Roger Miller
13423,Salad,13423,False,Salad
13424,Reeves & Mortimer,13424,False,Reeves & Mortimer
13425,The Ordinary Boys,13425,False,The Ordinary Boys
13426,R.O. Manse,13426,False,R.O. Manse
13427,Josef K,13427,False,Josef K
13428,Would-Be-Goods,13428,False,Would-Be-Goods
13429,Paul F. Tompkins,13429,False,Paul F. Tompkins
13430,After The Sirens,13430,False,After The Sirens
13431,Dead Poetic,13431,False,Dead Poetic
13432,The Crash Moderns,13432,False,The Crash Moderns
13433,LostAlone,13433,False,LostAlone
13434,Пелагея,13434,False,Пелагея
13435,Sissel Kyrkjebø,13435,False,Sissel Kyrkjebø
13436,Anna Netrebko,13436,False,Anna Netrebko
13437,Máiréad Nesbitt,13437,False,Máiréad Nesbitt
13438,Earth Affair,13438,False,Earth Affair
13439,Cortes,13439,False,Cortes
13440,Amaury Vassili,13440,False,Amaury Vassili
13441,Guillermo Capetillo,13441,False,Guillermo Capetillo
13442,Jonathan Clay,13442,False,Jonathan Clay
13443,Anneli Drecker,13443,False,Anneli Drecker
13444,George Bruns,13444,False,George Bruns
13445,Liz Callaway,13445,False,Liz Callaway
13446,India.Arie,13446,False,India.Arie
13447,Conya Doss,13447,False,Conya Doss
13448,John Legend & The Roots,13448,False,John Legend & The Roots
13449,Mariah Carey & Whitney Houston,13449,False,Mariah Carey & Whitney Houston
13450,The Coasters,13450,False,The Coasters
13451,Die Form,13451,False,Die Form
13452,Chris Whitley,13452,False,Chris Whitley
13453,Juluka,13453,False,Juluka
13454,Woven Hand,13454,False,Woven Hand
13455,The Fools,13455,False,The Fools
13456,Dynamix II,13456,False,Dynamix II
13458,Chipmunk,13458,False,Chipmunk
13460,Katy B,13460,False,Katy B
13463,Nickel Creek,13463,False,Nickel Creek
13468,Farewell,13468,False,Farewell
13478,Austere,13478,False,Austere
13491,Airs,13491,False,Airs
13497,Aviões do Forró,13497,False,Aviões do Forró
13498,Murat Esmer,13498,False,Murat Esmer
13499,Cahit Berkay,13499,False,Cahit Berkay
13500,Nileppez,13500,False,Nileppez
13501,Sophiatonic,13501,False,Sophiatonic
13502,Gökhan Kırdar,13502,False,Gökhan Kırdar
13503,İncesaz,13503,False,İncesaz
13504,Fahir Atakoğlu,13504,False,Fahir Atakoğlu
13505,Janet & Jak Esim,13505,False,Janet & Jak Esim
13506,Nugo Sebil,13506,False,Nugo Sebil
13507,Moonhill,13507,False,Moonhill
13508,The Rorschach Audio,13508,False,The Rorschach Audio
13509,Hariçten Gazelciler,13509,False,Hariçten Gazelciler
13510,Kurban,13510,False,Kurban
13511,Evanthia Reboutsika,13511,False,Evanthia Reboutsika
13512,Saltuk Erginer,13512,False,Saltuk Erginer
13513,Mickey Gang,13513,False,Mickey Gang
13514,Hot Rod Circuit,13514,False,Hot Rod Circuit
13515,Texas Is the Reason,13515,False,Texas Is the Reason
13516,Maritime,13516,False,Maritime
13517,Whiskeytown,13517,False,Whiskeytown
13518,Caithlin De Marrais,13518,False,Caithlin De Marrais
13519,The Commercials,13519,False,The Commercials
13520,Push To Talk,13520,False,Push To Talk
13521,Reggie and the Full Effect,13521,False,Reggie and the Full Effect
13522,Jeremy Enigk,13522,False,Jeremy Enigk
13523,Sparta,13523,False,Sparta
13524,The New Amsterdams,13524,False,The New Amsterdams
13525,Hey Mercedes,13525,False,Hey Mercedes
13526,Dear and the Headlights,13526,False,Dear and the Headlights
13527,No Knife,13527,False,No Knife
13528,Further Seems Forever,13528,False,Further Seems Forever
13529,Sid Vicious,13529,False,Sid Vicious
13530,Trio,13530,False,Trio
13531,Concrete Blonde,13531,False,Concrete Blonde
13532,The Rezillos,13532,False,The Rezillos
13533,Ebba Grцn,13533,False,Ebba Grцn
13534,Pencey Prep,13534,False,Pencey Prep
13535,Thomas Godoj,13535,False,Thomas Godoj
13536,Kyosuke Himuro Feat. Gerard Way,13536,False,Kyosuke Himuro Feat. Gerard Way
13537,Der W,13537,False,Der W
13538,Nevio,13538,False,Nevio
13539,Her Space Holiday,13539,False,Her Space Holiday
13540,Russian Red,13540,False,Russian Red
13541,Adymus,13541,False,Adymus
13542,serani,13542,False,serani
13543,Nina Sky,13543,False,Nina Sky
13544,David Forbes & Mallorca Lee,13544,False,David Forbes & Mallorca Lee
13545,Tami Chynn,13545,False,Tami Chynn
13546,Drew Seeley,13546,False,Drew Seeley
13547,Darin Zanyar,13547,False,Darin Zanyar
13548,Alcione,13548,False,Alcione
13549,Anthony Callea,13549,False,Anthony Callea
13550,Shiri Maimon,13550,False,Shiri Maimon
13551,Buffy the Vampire Slayer Cast,13551,False,Buffy the Vampire Slayer Cast
13552,Diogo Nogueira,13552,False,Diogo Nogueira
13553,Padre Fábio de Melo,13553,False,Padre Fábio de Melo
13554,Scorpions & Berliner Philharmoniker,13554,False,Scorpions & Berliner Philharmoniker
13555,Rhapsody,13555,False,Rhapsody
13556,The Milo,13556,False,The Milo
13557,Homogenic,13557,False,Homogenic
13558,The Lightning Seeds,13558,False,The Lightning Seeds
13559,Efek Rumah Kaca,13559,False,Efek Rumah Kaca
13560,Hollywood Nobody,13560,False,Hollywood Nobody
13561,Barry likumahuwa,13561,False,Barry likumahuwa
13562,The Trees & The Wild,13562,False,The Trees & The Wild
13563,Tristan Feldbauer,13563,False,Tristan Feldbauer
13564,Mueller/Feldbauer,13564,False,Mueller/Feldbauer
13565,"Maia Haag-Wackernagel, Alan Mueller & Tristan Feldbauer",13565,False,"Maia Haag-Wackernagel, Alan Mueller & Tristan Feldbauer"
13566,ConeCrewDiretoria,13566,False,ConeCrewDiretoria
13567,Send More Paramedics,13567,False,Send More Paramedics
13568,Flicts,13568,False,Flicts
13575,Catatonia,13575,False,Catatonia
13579,Dave Melillo,13579,False,Dave Melillo
13580,Bo Burnham,13580,False,Bo Burnham
13581,Permanent Me,13581,False,Permanent Me
13582,Adler's Appetite,13582,False,Adler's Appetite
13583,Izzy Stradlin and the Ju Ju Hounds,13583,False,Izzy Stradlin and the Ju Ju Hounds
13584,Angelo Branduardi,13584,False,Angelo Branduardi
13585,Maria del Mar Bonet,13585,False,Maria del Mar Bonet
13586,Joan Manuel Serrat,13586,False,Joan Manuel Serrat
13587,Jordi Savall,13587,False,Jordi Savall
13588,George Winston,13588,False,George Winston
13589,Los Brincos,13589,False,Los Brincos
13590,Henry Purcell,13590,False,Henry Purcell
13591,Capella De Ministrers,13591,False,Capella De Ministrers
13592,Benito Lertxundi,13592,False,Benito Lertxundi
13593,John Renbourn,13593,False,John Renbourn
13594,Lisa Ekdahl,13594,False,Lisa Ekdahl
13595,Georg Philipp Telemann,13595,False,Georg Philipp Telemann
13596,Shirley Rumsey,13596,False,Shirley Rumsey
13597,Jean-Baptiste Lully,13597,False,Jean-Baptiste Lully
13598,Steeleye Span,13598,False,Steeleye Span
13599,The Left Banke,13599,False,The Left Banke
13600,Porta,13600,False,Porta
13601,Camilo Sesto,13601,False,Camilo Sesto
13602,María Daniela y su Sonido Lasser,13602,False,María Daniela y su Sonido Lasser
13603,Los Bunkers,13603,False,Los Bunkers
13604,Konami,13604,False,Konami
13605,Bob Seger & the Silver Bullet Band,13605,False,Bob Seger & the Silver Bullet Band
13606,Debbie Davies,13606,False,Debbie Davies
13607,John Entwistle,13607,False,John Entwistle
13608,Lulu,13608,False,Lulu
13609,The High Numbers,13609,False,The High Numbers
13610,Headlights,13610,False,Headlights
13611,Loma Prieta,13611,False,Loma Prieta
13612,His Hero Is Gone,13612,False,His Hero Is Gone
13613,Austin Lucas,13613,False,Austin Lucas
13614,Reversal of Man,13614,False,Reversal of Man
13615,Merchandise,13615,False,Merchandise
13616,Integrity,13616,False,Integrity
13617,Tim Barry,13617,False,Tim Barry
13618,Funeral Diner,13618,False,Funeral Diner
13619,Transistor Transistor,13619,False,Transistor Transistor
13620,Dolarhyde,13620,False,Dolarhyde
13621,Warren Zevon,13621,False,Warren Zevon
13622,Assück,13622,False,Assück
13623,Small Brown Bike,13623,False,Small Brown Bike
13624,Colin Hay,13624,False,Colin Hay
13625,Les Paul,13625,False,Les Paul
13626,Government Warning,13626,False,Government Warning
13627,Hatred Surge,13627,False,Hatred Surge
13628,Socially Retarded,13628,False,Socially Retarded
13629,Raein,13629,False,Raein
13630,Blessure Grave,13630,False,Blessure Grave
13631,Battle Of Wolf 359,13631,False,Battle Of Wolf 359
13632,Dikta,13632,False,Dikta
13633,Devics,13633,False,Devics
13634,Gavin Friday,13634,False,Gavin Friday
13635,Futon,13635,False,Futon
13636,Johnny Marr + the Healers,13636,False,Johnny Marr + the Healers
13637,Fire On Dawson,13637,False,Fire On Dawson
13638,Indukti,13638,False,Indukti
13639,The-Dream f. Kanye West,13639,False,The-Dream f. Kanye West
13640,Sleepy Rebels,13640,False,Sleepy Rebels
13641,Jamie Foxx feat. Kanye West and The-Dream,13641,False,Jamie Foxx feat. Kanye West and The-Dream
13642,Ya Boy,13642,False,Ya Boy
13643,LMNTL Feat Angell Mclusky,13643,False,LMNTL Feat Angell Mclusky
13644,Jeremiah,13644,False,Jeremiah
13645,Meg & Dia,13645,False,Meg & Dia
13646,Benga,13646,False,Benga
13647,Another Electronic Musician,13647,False,Another Electronic Musician
13648,VANILLA BEANS,13648,False,VANILLA BEANS
13649,Boc Scadet,13649,False,Boc Scadet
13650,Cylob,13650,False,Cylob
13651,Benn Jordan,13651,False,Benn Jordan
13652,Guther,13652,False,Guther
13653,Human Action Network,13653,False,Human Action Network
13654,Maps And Diagrams,13654,False,Maps And Diagrams
13655,Piana,13655,False,Piana
13656,Flexe,13656,False,Flexe
13657,o9,13657,False,o9
13659,Pictureplane,13659,False,Pictureplane
13660,French Kicks,13660,False,French Kicks
13664,Thurston Moore,13664,False,Thurston Moore
13665,Triángulo De Amor Bizarro,13665,False,Triángulo De Amor Bizarro
13666,Los Fresones Rebeldes,13666,False,Los Fresones Rebeldes
13667,Carrie,13667,False,Carrie
13668,Porter,13668,False,Porter
13669,Silvio Rodríguez,13669,False,Silvio Rodríguez
13670,Monocordio,13670,False,Monocordio
13671,Alcian Blue,13671,False,Alcian Blue
13672,Adorable,13672,False,Adorable
13673,Malsain,13673,False,Malsain
13674,Iperyt,13674,False,Iperyt
13675,Imperial Crystalline Entombment,13675,False,Imperial Crystalline Entombment
13676,Gehenna,13676,False,Gehenna
13677,Moëvöt,13677,False,Moëvöt
13678,Old Man's Child,13678,False,Old Man's Child
13679,Celestia,13679,False,Celestia
13680,Final Sacrifice,13680,False,Final Sacrifice
13681,Scars of Life,13681,False,Scars of Life
13682,Kayzen,13682,False,Kayzen
13683,Disgorge,13683,False,Disgorge
13684,Necros Christos,13684,False,Necros Christos
13685,Ljå,13685,False,Ljå
13686,GrimSkunk,13686,False,GrimSkunk
13687,Vulgaires Machins,13687,False,Vulgaires Machins
13688,Joseph Arthur,13688,False,Joseph Arthur
13689,James Murdoch,13689,False,James Murdoch
13690,Jeremy Fisher,13690,False,Jeremy Fisher
13691,Joseph Arthur & the Lonely Astronauts,13691,False,Joseph Arthur & the Lonely Astronauts
13692,Champion,13692,False,Champion
13693,Anik Jean,13693,False,Anik Jean
13694,Race,13694,False,Race
13695,Xavier Caféïne,13695,False,Xavier Caféïne
13696,Colin Moore,13696,False,Colin Moore
13697,The Gin Club,13697,False,The Gin Club
13698,The Wailin' Jennys,13698,False,The Wailin' Jennys
13699,Tagada Jones,13699,False,Tagada Jones
13700,Mano Negra,13700,False,Mano Negra
13701,Jason Kent,13701,False,Jason Kent
13702,Daniel Lanois,13702,False,Daniel Lanois
13703,Dumas,13703,False,Dumas
13704,M. Pyres,13704,False,M. Pyres
13705,Lewis & Clarke,13705,False,Lewis & Clarke
13706,Avey Tare and Panda Bear,13706,False,Avey Tare and Panda Bear
13707,King Tut,13707,False,King Tut
13708,Volta Do Mar,13708,False,Volta Do Mar
13709,Heather Nova,13709,False,Heather Nova
13710,Francesca Reggio and Blue Shift,13710,False,Francesca Reggio and Blue Shift
13711,Sarah Slean,13711,False,Sarah Slean
13712,Leona Naess,13712,False,Leona Naess
13713,The Trews,13713,False,The Trews
13714,Inara George,13714,False,Inara George
13715,Ayọ,13715,False,Ayọ
13716,Wonkavision,13716,False,Wonkavision
13717,Monique Kessous,13717,False,Monique Kessous
13718,Chico Pinheiro,13718,False,Chico Pinheiro
13719,Paula Lima,13719,False,Paula Lima
13720,Meaghan Martin,13720,False,Meaghan Martin
13721,Jordan Francis,13721,False,Jordan Francis
13722,Aaron Doyle/Demi Lovato/Meaghan Martin,13722,False,Aaron Doyle/Demi Lovato/Meaghan Martin
13723,Cast of Camp Rock,13723,False,Cast of Camp Rock
13724,White Rabbits,13724,False,White Rabbits
13725,João Brasil,13725,False,João Brasil
13726,This Ending,13726,False,This Ending
13727,I,13727,False,I
13728,Slumber,13728,False,Slumber
13729,Sore,13729,False,Sore
13730,Lustral,13730,False,Lustral
13731,Amanda Somerville,13731,False,Amanda Somerville
13732,Lucy Lawless,13732,False,Lucy Lawless
13733,Amelia Brightman,13733,False,Amelia Brightman
13734,Kiske/Somerville,13734,False,Kiske/Somerville
13735,Vitamin C,13735,False,Vitamin C
13736,Samantha Ronson,13736,False,Samantha Ronson
13737,The Beautiful Girls,13737,False,The Beautiful Girls
13738,Mojave 3,13738,False,Mojave 3
13739,Eiza Gonzalez,13739,False,Eiza Gonzalez
13740,Liz Lee,13740,False,Liz Lee
13741,Stan Walker,13741,False,Stan Walker
13742,Mariana Rios,13742,False,Mariana Rios
13743,PeeWee,13743,False,PeeWee
13744,Johnossi,13744,False,Johnossi
13748,The Reindeer Section,13748,False,The Reindeer Section
13749,Knob,13749,False,Knob
13750,Kristin Hersh,13750,False,Kristin Hersh
13751,The Kleptones,13751,False,The Kleptones
13752,Los Natas,13752,False,Los Natas
13753,Fatso Jetson,13753,False,Fatso Jetson
13754,Pigface,13754,False,Pigface
13755,Grinderman,13755,False,Grinderman
13756,Gary Revel,13756,False,Gary Revel
13757,Koffin Kats,13757,False,Koffin Kats
13758,Harris Tweed,13758,False,Harris Tweed
13759,Maini Sorri,13759,False,Maini Sorri
13760,Jon Schmidt,13760,False,Jon Schmidt
13761,The Manhattan Transfer,13761,False,The Manhattan Transfer
13762,Willie Nelson & Ray Price,13762,False,Willie Nelson & Ray Price
13763,ＬｕＬｕ,13763,False,ＬｕＬｕ
13764,Paulina Lenda,13764,False,Paulina Lenda
13765,Dreamgirls (Motion Picture Soundtrack),13765,False,Dreamgirls (Motion Picture Soundtrack)
13766,Karina,13766,False,Karina
13767,Ilian Filipov,13767,False,Ilian Filipov
13768,Sensei & Edinaka,13768,False,Sensei & Edinaka
13769,Tommy Vee And Scumfrog,13769,False,Tommy Vee And Scumfrog
13770,Upsurt,13770,False,Upsurt
13771,Denyo,13771,False,Denyo
13772,B.T.R.,13772,False,B.T.R.
13773,Dis,13773,False,Dis
13774,Moth Feat. Engeline,13774,False,Moth Feat. Engeline
13775,Claude VonStroke,13775,False,Claude VonStroke
13776,Aveniu,13776,False,Aveniu
13777,Toni Storaro,13777,False,Toni Storaro
13778,The Soundtrack of Our Lives,13778,False,The Soundtrack of Our Lives
13779,Heartless Bastards,13779,False,Heartless Bastards
13780,シド,13780,False,シド
13782,ダウト,13782,False,ダウト
13790,Soso,13790,False,Soso
13791,Mansbestfriend,13791,False,Mansbestfriend
13792,Noah23,13792,False,Noah23
13793,Pugslee Atomz,13793,False,Pugslee Atomz
13794,Thesis Sahib,13794,False,Thesis Sahib
13795,Eibol,13795,False,Eibol
13796,Ceschi,13796,False,Ceschi
13797,Ancient Mith,13797,False,Ancient Mith
13798,Radioinactive and Antimc,13798,False,Radioinactive and Antimc
13799,Flux Axiom,13799,False,Flux Axiom
13800,Dead Poet & Wildcard,13800,False,Dead Poet & Wildcard
13801,Lotek,13801,False,Lotek
13802,Def Tex,13802,False,Def Tex
13803,Ira Lee,13803,False,Ira Lee
13804,Project Dark,13804,False,Project Dark
13805,Wildcard,13805,False,Wildcard
13806,Brzowski,13806,False,Brzowski
13807,Mike Clouds,13807,False,Mike Clouds
13808,The Shape Shifters,13808,False,The Shape Shifters
13809,Animal Nation,13809,False,Animal Nation
13810,Sole and the Skyrider Band,13810,False,Sole and the Skyrider Band
13811,Def 3 + Moka Only,13811,False,Def 3 + Moka Only
13812,Kurtis Blow,13812,False,Kurtis Blow
13813,Lonnie Liston Smith,13813,False,Lonnie Liston Smith
13814,The Spinners,13814,False,The Spinners
13815,The Bar-Kays,13815,False,The Bar-Kays
13816,Jel,13816,False,Jel
13817,Billy Paul,13817,False,Billy Paul
13818,Blackbird,13818,False,Blackbird
13819,Factor,13819,False,Factor
13820,Qwel,13820,False,Qwel
13821,Eddie Kendricks,13821,False,Eddie Kendricks
13822,Radioinactive,13822,False,Radioinactive
13823,Gene Ammons,13823,False,Gene Ammons
13824,Curse ov Dialect,13824,False,Curse ov Dialect
13825,Don Julian,13825,False,Don Julian
13826,Adlib,13826,False,Adlib
13827,Thavius Beck,13827,False,Thavius Beck
13828,Doug Hammond,13828,False,Doug Hammond
13829,Mike Longo,13829,False,Mike Longo
13830,Phil Ochs,13830,False,Phil Ochs
13831,Henry Priestman,13831,False,Henry Priestman
13832,Billie the Vision & The Dancers,13832,False,Billie the Vision & The Dancers
13834,Tom McRae,13834,False,Tom McRae
13838,Madame MIM,13838,False,Madame MIM
13839,Forget Me In Vegas,13839,False,Forget Me In Vegas
13840,Away We Go!,13840,False,Away We Go!
13841,Green Day & the Cast of American Idiot,13841,False,Green Day & the Cast of American Idiot
13842,The Locomotives,13842,False,The Locomotives
13843,Rock Kills Kid,13843,False,Rock Kills Kid
13844,Steriogram,13844,False,Steriogram
13845,Living Things,13845,False,Living Things
13846,Cephalic Carnage,13846,False,Cephalic Carnage
13847,Tesseract,13847,False,Tesseract
13848,Allan Holdsworth,13848,False,Allan Holdsworth
13849,Hacride,13849,False,Hacride
13850,First Signs Of Frost,13850,False,First Signs Of Frost
13851,Shunsuke Kida,13851,False,Shunsuke Kida
13852,Sadist,13852,False,Sadist
13853,The Deserts of Träun,13853,False,The Deserts of Träun
13854,Последние Танки В Париже,13854,False,Последние Танки В Париже
13855,Breathe In,13855,False,Breathe In
13856,odi,13856,False,odi
13857,Лёха Никонов,13857,False,Лёха Никонов
13858,northern19,13858,False,northern19
13859,Kattoo,13859,False,Kattoo
13860,bzik,13860,False,bzik
13861,Шумы России,13861,False,Шумы России
13862,Пляж,13862,False,Пляж
13863,Left Front Tire,13863,False,Left Front Tire
13864,Taster's Choice,13864,False,Taster's Choice
13865,Fanisk,13865,False,Fanisk
13866,Fukpig,13866,False,Fukpig
13867,Ghost,13867,False,Ghost
13868,Wodensthrone,13868,False,Wodensthrone
13869,Cnocantursa,13869,False,Cnocantursa
13870,The Meads of Asphodel,13870,False,The Meads of Asphodel
13871,Goatmoon,13871,False,Goatmoon
13872,Kataxu,13872,False,Kataxu
13873,The Axis of Perdition,13873,False,The Axis of Perdition
13874,M8L8TH,13874,False,M8L8TH
13875,Fuck...I'm Dead,13875,False,Fuck...I'm Dead
13876,Winterfylleth,13876,False,Winterfylleth
13877,Hate Forest,13877,False,Hate Forest
13878,Caramell,13878,False,Caramell
13879,Chumbawamba,13879,False,Chumbawamba
13880,Carter the Unstoppable Sex Machine,13880,False,Carter the Unstoppable Sex Machine
13881,Ricky Warwick,13881,False,Ricky Warwick
13882,Alabama 3,13882,False,Alabama 3
13883,Roadsaw,13883,False,Roadsaw
13884,The Men They Couldn't Hang,13884,False,The Men They Couldn't Hang
13885,Karma to Burn,13885,False,Karma to Burn
13886,miserylab,13886,False,miserylab
13887,The Eden House,13887,False,The Eden House
13888,Tindersticks,13888,False,Tindersticks
13889,Descendants of Cain,13889,False,Descendants of Cain
13890,Isobel Campbell & Mark Lanegan,13890,False,Isobel Campbell & Mark Lanegan
13891,Ned's Atomic Dustbin,13891,False,Ned's Atomic Dustbin
13892,UK Decay,13892,False,UK Decay
13900,Real Life,13900,False,Real Life
13901,Timbuk 3,13901,False,Timbuk 3
13902,Army of the Pharaohs,13902,False,Army of the Pharaohs
13904,The Glitch Mob,13904,False,The Glitch Mob
13905,New Rhodes,13905,False,New Rhodes
13906,Peter Doran,13906,False,Peter Doran
13907,G.S.Agostinho,13907,False,G.S.Agostinho
13908,Olli Mustonen,13908,False,Olli Mustonen
13909,Gabo Ferro,13909,False,Gabo Ferro
13910,Antonín Dvořák,13910,False,Antonín Dvořák
13911,Cecile Chaminade,13911,False,Cecile Chaminade
13912,Slapbak,13912,False,Slapbak
13913,Les Baxter,13913,False,Les Baxter
13914,Tommy Guerrero,13914,False,Tommy Guerrero
13915,Cal Tjader,13915,False,Cal Tjader
13916,Los Amigos Invisibles,13916,False,Los Amigos Invisibles
13917,Fatback Band,13917,False,Fatback Band
13918,Bootsy Collins,13918,False,Bootsy Collins
13919,Freekbass,13919,False,Freekbass
13920,Sérgio Mendes & Brasil '66,13920,False,Sérgio Mendes & Brasil '66
13921,PlantLife,13921,False,PlantLife
13922,Blowfly,13922,False,Blowfly
13923,Ohio Players,13923,False,Ohio Players
13924,Ursula 1000,13924,False,Ursula 1000
13925,Emperor Penguin,13925,False,Emperor Penguin
13926,The Bongolian,13926,False,The Bongolian
13927,Yohimbe Brothers,13927,False,Yohimbe Brothers
13928,Enoch Light,13928,False,Enoch Light
13929,Plastilina Mosh,13929,False,Plastilina Mosh
13930,Chris Joss,13930,False,Chris Joss
13931,Torpedo Boyz,13931,False,Torpedo Boyz
13932,Mexican Institute of Sound,13932,False,Mexican Institute of Sound
13933,Lodger,13933,False,Lodger
13934,Falcão,13934,False,Falcão
13935,A.C.T,13935,False,A.C.T
13936,Karnak,13936,False,Karnak
13937,Noriyuki Asakura,13937,False,Noriyuki Asakura
13938,Frank Jorge,13938,False,Frank Jorge
13939,Júpiter Maçã,13939,False,Júpiter Maçã
13940,Nei Lisboa,13940,False,Nei Lisboa
13941,Marcos Valle,13941,False,Marcos Valle
13942,Nico Nicolaiewsky,13942,False,Nico Nicolaiewsky
13943,André Abujamra,13943,False,André Abujamra
13944,Zazu,13944,False,Zazu
13945,Dyego,13945,False,Dyego
13946,Death Cab For Cutie (Live Chicago 08.15.03),13946,False,Death Cab For Cutie (Live Chicago 08.15.03)
13947,Iron Jesus,13947,False,Iron Jesus
13948,Henryk Górecki,13948,False,Henryk Górecki
13949,Ada Milea,13949,False,Ada Milea
13950,Moondog,13950,False,Moondog
13951,Raymond Scott,13951,False,Raymond Scott
13952,Athanasius Kircher,13952,False,Athanasius Kircher
13953,Domenico Scarlatti,13953,False,Domenico Scarlatti
13954,Dj.M,13954,False,Dj.M
13955,Ada Milea (cu Alexander Balanescu),13955,False,Ada Milea (cu Alexander Balanescu)
13956,Miles Davis Quintet,13956,False,Miles Davis Quintet
13957,Giacinto Scelsi,13957,False,Giacinto Scelsi
13958,iron jesus (featuring jahlili),13958,False,iron jesus (featuring jahlili)
13959,Munchausen By Proxy,13959,False,Munchausen By Proxy
13960,fun.,13960,False,fun.
13962,Dispatch,13962,False,Dispatch
13964,Soja,13964,False,Soja
13965,Alemão Ronaldo,13965,False,Alemão Ronaldo
13966,Steve Angello,13966,False,Steve Angello
13967,Frenzal Rhomb,13967,False,Frenzal Rhomb
13968,Dance Hall Crashers,13968,False,Dance Hall Crashers
13969,Down by Law,13969,False,Down by Law
13970,John K. Samson,13970,False,John K. Samson
13971,Dag Nasty,13971,False,Dag Nasty
13978,Vilkduja,13978,False,Vilkduja
13981,Hasan Tayyar,13981,False,Hasan Tayyar
13982,Yezda Urfa,13982,False,Yezda Urfa
13983,Richard Wright,13983,False,Richard Wright
13984,Kutup Yıldızı,13984,False,Kutup Yıldızı
13985,Cockney Rebel,13985,False,Cockney Rebel
13986,Notios hxos,13986,False,Notios hxos
13987,Grup Munzur,13987,False,Grup Munzur
13988,Timur Selçuk,13988,False,Timur Selçuk
13989,Sevinç Eratalay,13989,False,Sevinç Eratalay
13990,Nadir's Big Chance,13990,False,Nadir's Big Chance
13991,Dan Gibson,13991,False,Dan Gibson
13992,Sarband,13992,False,Sarband
13993,Nazım Hikmet,13993,False,Nazım Hikmet
13994,Bitch Alert,13994,False,Bitch Alert
13995,Velcra,13995,False,Velcra
13997,Jose Vanders,13997,False,Jose Vanders
13999,Heartscore,13999,False,Heartscore
14000,"Strawinsky, Igor",14000,False,"Strawinsky, Igor"
14001,"Mendes, Sergio",14001,False,"Mendes, Sergio"
14002,Spastic Ink,14002,False,Spastic Ink
14003,Anton Bruckner,14003,False,Anton Bruckner
14004,Take 6,14004,False,Take 6
14005,Olivier Messiaen,14005,False,Olivier Messiaen
14006,Radio.String.Quartet,14006,False,Radio.String.Quartet
14007,"hr-Bigband feat. Billy Cobham, directed by Colin Towns",14007,False,"hr-Bigband feat. Billy Cobham, directed by Colin Towns"
14008,"David Oistrakh, Mstislav Rostropovich; George Szell: Cleveland Orchestra",14008,False,"David Oistrakh, Mstislav Rostropovich; George Szell: Cleveland Orchestra"
14009,"Gerhard Oppitz, Dmitry Sitkovetzky, David Geringas",14009,False,"Gerhard Oppitz, Dmitry Sitkovetzky, David Geringas"
14010,"David Oistrakh, Mstislav Rostropovich, Sviatoslav Richter; Herbert Von Karajan: Berlin Philharmonic Orchestra",14010,False,"David Oistrakh, Mstislav Rostropovich, Sviatoslav Richter; Herbert Von Karajan: Berlin Philharmonic Orchestra"
14011,Goot,14011,False,Goot
14012,Jimmy Robbins,14012,False,Jimmy Robbins
14013,Blind Blake,14013,False,Blind Blake
14014,athas,14014,False,athas
14015,The Robert Cray Band,14015,False,The Robert Cray Band
14016,Matt Hendricks,14016,False,Matt Hendricks
14017,The Mighty Lumberhorn,14017,False,The Mighty Lumberhorn
14018,HBO,14018,False,HBO
14019,Screamin' Jay Hawkins,14019,False,Screamin' Jay Hawkins
14020,Slim Harpo,14020,False,Slim Harpo
14021,Jesse Fuller,14021,False,Jesse Fuller
14022,Elliott Randall,14022,False,Elliott Randall
14023,G. Love,14023,False,G. Love
14024,Liz Carroll,14024,False,Liz Carroll
14025,Chris Jones,14025,False,Chris Jones
14026,Blackwater,14026,False,Blackwater
14027,VH1,14027,False,VH1
14028,Gary Hobson Band,14028,False,Gary Hobson Band
14029,David Munnelly,14029,False,David Munnelly
14030,the Tea Merchants,14030,False,the Tea Merchants
14031,Otis Taylor,14031,False,Otis Taylor
14032,Hot Tuna,14032,False,Hot Tuna
14033,Flook,14033,False,Flook
14034,Alan Lomax,14034,False,Alan Lomax
14035,Matthew West,14035,False,Matthew West
14036,Avalon,14036,False,Avalon
14037,"Phillips, Craig & Dean",14037,False,"Phillips, Craig & Dean"
14038,Akon & Sweet Rush,14038,False,Akon & Sweet Rush
14039,Natalie Grant,14039,False,Natalie Grant
14040,Siria,14040,False,Siria
14041,DJ Sammy & Yanou,14041,False,DJ Sammy & Yanou
14042,MercyMe,14042,False,MercyMe
14043,Meredith Andrews,14043,False,Meredith Andrews
14044,Децл,14044,False,Децл
14045,Thomas/БИ-2/Сплин,14045,False,Thomas/БИ-2/Сплин
14046,Александр Васильев,14046,False,Александр Васильев
14047,Mickey Avalon,14047,False,Mickey Avalon
14048,ДецлЪ aka Le Truk,14048,False,ДецлЪ aka Le Truk
14049,Padla Bear Outfit,14049,False,Padla Bear Outfit
14050,Canada horror stories,14050,False,Canada horror stories
14051,Валентин Стрыкало,14051,False,Валентин Стрыкало
14052,The Tragically Hip,14052,False,The Tragically Hip
14053,Kingston Wall,14053,False,Kingston Wall
14054,Stevens,14054,False,Stevens
14055,BC Jean,14055,False,BC Jean
14056,HenriK Félix,14056,False,HenriK Félix
14057,Herr M.,14057,False,Herr M.
14058,Fleischschirm,14058,False,Fleischschirm
14059,Fredrik Thordendal’s Special Defects,14059,False,Fredrik Thordendal’s Special Defects
14060,Nina Persson,14060,False,Nina Persson
14061,Hellyeah,14061,False,Hellyeah
14062,Hot Club de Paris,14062,False,Hot Club de Paris
14063,Cellofourte,14063,False,Cellofourte
14064,The Rosebuds,14064,False,The Rosebuds
14065,Horse Feathers,14065,False,Horse Feathers
14066,Lights On,14066,False,Lights On
14067,Say Hi,14067,False,Say Hi
14068,Asche & Spencer,14068,False,Asche & Spencer
14069,The Sarcastic Dharma Society,14069,False,The Sarcastic Dharma Society
14070,Haloo Helsinki!,14070,False,Haloo Helsinki!
14071,The Hillbilly Moon Explosion,14071,False,The Hillbilly Moon Explosion
14072,Johnny Burnette,14072,False,Johnny Burnette
14073,Geraint Watkins,14073,False,Geraint Watkins
14074,Old Crow Medicine Show,14074,False,Old Crow Medicine Show
14075,The Radio R.A.T. Misery Hour,14075,False,The Radio R.A.T. Misery Hour
14076,Lorette Velvette,14076,False,Lorette Velvette
14077,Hot Boogie Chillun,14077,False,Hot Boogie Chillun
14078,Tim Armstrong,14078,False,Tim Armstrong
14079,Yma Sumac,14079,False,Yma Sumac
14080,Irma Thomas,14080,False,Irma Thomas
14081,Johnny Horton,14081,False,Johnny Horton
14082,Peter Sellers,14082,False,Peter Sellers
14083,Eleni Mandell,14083,False,Eleni Mandell
14084,Charlie Feathers,14084,False,Charlie Feathers
14085,Louis Jordan and His Tympany Five,14085,False,Louis Jordan and His Tympany Five
14086,The Blasters,14086,False,The Blasters
14087,Josh White,14087,False,Josh White
14088,Larry Williams,14088,False,Larry Williams
14089,BR5-49,14089,False,BR5-49
14090,Mickey Lee Lane,14090,False,Mickey Lee Lane
14091,Ronnie Dawson,14091,False,Ronnie Dawson
14092,Diabolical Masquerade,14092,False,Diabolical Masquerade
14093,Cattle Decapitation,14093,False,Cattle Decapitation
14094,Zao,14094,False,Zao
14095,Rock Mafia,14095,False,Rock Mafia
14096,Akron/Family,14096,False,Akron/Family
14097,Blitzen Trapper,14097,False,Blitzen Trapper
14106,UK Subs,14106,False,UK Subs
14107,Citizen Fish,14107,False,Citizen Fish
14108,Oi Polloi,14108,False,Oi Polloi
14109,Lost Cherrees,14109,False,Lost Cherrees
14110,Poison Girls,14110,False,Poison Girls
14111,Flux of Pink Indians,14111,False,Flux of Pink Indians
14112,I object!,14112,False,I object!
14113,Political Asylum,14113,False,Political Asylum
14114,Resist and Exist,14114,False,Resist and Exist
14115,Zounds,14115,False,Zounds
14116,Conflict,14116,False,Conflict
14117,A//Political,14117,False,A//Political
14118,Hagar the Womb,14118,False,Hagar the Womb
14119,Antischism,14119,False,Antischism
14120,Jello Biafra,14120,False,Jello Biafra
14121,Mortal Love,14121,False,Mortal Love
14122,Hagalaz' Runedance,14122,False,Hagalaz' Runedance
14123,Арчер,14123,False,Арчер
14124,Big Bad Voodoo Daddy,14124,False,Big Bad Voodoo Daddy
14125,Веня Д'ркин,14125,False,Веня Д'ркин
14126,Михаил Щербаков,14126,False,Михаил Щербаков
14127,Wolfgang Parker,14127,False,Wolfgang Parker
14128,Дочь Монро и Кеннеди,14128,False,Дочь Монро и Кеннеди
14129,Норд-Ост,14129,False,Норд-Ост
14130,Trampled Under Foot,14130,False,Trampled Under Foot
14131,Dave Sadler,14131,False,Dave Sadler
14132,Александр О'Шеннон,14132,False,Александр О'Шеннон
14133,Soledad Brothers,14133,False,Soledad Brothers
14134,Derek Cooper & the Minis,14134,False,Derek Cooper & the Minis
14135,Uncle Kracker,14135,False,Uncle Kracker
14136,Claudine Longet,14136,False,Claudine Longet
14137,La Chat,14137,False,La Chat
14138,Parenthetical Girls,14138,False,Parenthetical Girls
14139,The Bear Quartet,14139,False,The Bear Quartet
14140,Robert Pollard,14140,False,Robert Pollard
14141,Gangsta Boo,14141,False,Gangsta Boo
14142,The Intelligence,14142,False,The Intelligence
14143,Paddington DC,14143,False,Paddington DC
14144,Tender Forever,14144,False,Tender Forever
14145,Tara Jane O'Neil,14145,False,Tara Jane O'Neil
14146,Guy Debord,14146,False,Guy Debord
14147,Dinah Washington,14147,False,Dinah Washington
14148,Billy Childish,14148,False,Billy Childish
14149,REPO! The Genetic Opera Soundtrack,14149,False,REPO! The Genetic Opera Soundtrack
14150,Anthony Marinelli,14150,False,Anthony Marinelli
14151,Vitamin String Quartet,14151,False,Vitamin String Quartet
14152,Stiff Dylans,14152,False,Stiff Dylans
14153,Kate Alexa,14153,False,Kate Alexa
14154,Punch,14154,False,Punch
14155,Invader Zim,14155,False,Invader Zim
14156,Persephone's Bees,14156,False,Persephone's Bees
14157,Maruta,14157,False,Maruta
14158,mc rasprodaja,14158,False,mc rasprodaja
14159,Billy Crystal Meth,14159,False,Billy Crystal Meth
14160,The Damned Things,14160,False,The Damned Things
14161,GridLink,14161,False,GridLink
14162,The Cast of Cheers,14162,False,The Cast of Cheers
14163,Dilemma,14163,False,Dilemma
14164,Ska;L?5;L,14164,False,Ska;L?5;L
14165,Admiral Angry,14165,False,Admiral Angry
14166,Cabernet Deneuve,14166,False,Cabernet Deneuve
14167,All Parallels,14167,False,All Parallels
14168,Skaльпель,14168,False,Skaльпель
14169,Kunteynir,14169,False,Kunteynir
14170,ILWT,14170,False,ILWT
14171,n1nthcloud,14171,False,n1nthcloud
14172,GIR,14172,False,GIR
14173,Razzle Blaster,14173,False,Razzle Blaster
14174,Coaxial,14174,False,Coaxial
14175,The Cute Asian Girl,14175,False,The Cute Asian Girl
14176,stabyouintheheadandeatyourfaceoff,14176,False,stabyouintheheadandeatyourfaceoff
14177,Pink Punk,14177,False,Pink Punk
14178,Scott Hull,14178,False,Scott Hull
14179,Записки неизвестного,8611,True,Записки Неизвестного
14180,Kaospilot,14180,False,Kaospilot
14181,Pakava It',14181,False,Pakava It'
14182,Слон,14182,False,Слон
14183,Robotosaurus,14183,False,Robotosaurus
14184,Sleeping at Last,14184,False,Sleeping at Last
14185,Brooke Fraser,14185,False,Brooke Fraser
14186,Rob Rock,14186,False,Rob Rock
14187,Ascend The Hill,14187,False,Ascend The Hill
14188,Cool Hand Luke,14188,False,Cool Hand Luke
14189,Derek Webb,14189,False,Derek Webb
14190,Red Mountain Church,14190,False,Red Mountain Church
14191,I Am Terrified,14191,False,I Am Terrified
14192,VINILOVERSUS,14192,False,VINILOVERSUS
14193,Don Davis,14193,False,Don Davis
14194,Tristeza,14194,False,Tristeza
14195,Обійми Дощу,14195,False,Обійми Дощу
14196,Orthodox Celts,14196,False,Orthodox Celts
14197,Arsen Barsamyan & Tatevik Hovhannisyan,14197,False,Arsen Barsamyan & Tatevik Hovhannisyan
14198,Moretty,14198,False,Moretty
14199,8 Bit Instrumental,14199,False,8 Bit Instrumental
14200,Brujeria,14200,False,Brujeria
14201,Стук бамбука в 11 часов,14201,False,Стук бамбука в 11 часов
14202,Stylophonic,14202,False,Stylophonic
14203,illScarlett,14203,False,illScarlett
14204,Good Old War,14204,False,Good Old War
14205,Two Tongues,14205,False,Two Tongues
14206,Dustin Kensrue,14206,False,Dustin Kensrue
14207,New London Fire,14207,False,New London Fire
14208,As Cities Burn,14208,False,As Cities Burn
14209,Broadcast and The Focus Group,14209,False,Broadcast and The Focus Group
14210,Califone,14210,False,Califone
14211,Pink & Brown,14211,False,Pink & Brown
14212,Comets on Fire,14212,False,Comets on Fire
14213,tape oin,14213,False,tape oin
14214,Hangedup,14214,False,Hangedup
14215,Mice Parade,14215,False,Mice Parade
14216,The Dead Trees,14216,False,The Dead Trees
14217,Cymande,14217,False,Cymande
14218,MONKEY MAJIK,14218,False,MONKEY MAJIK
14219,Aselin Debison,14219,False,Aselin Debison
14220,Ally Kerr,14220,False,Ally Kerr
14221,Young Galaxy,14221,False,Young Galaxy
14222,Husky Rescue,14222,False,Husky Rescue
14223,Volantes,14223,False,Volantes
14224,Count Bass D,14224,False,Count Bass D
14225,Doom,14225,False,Doom
14226,Strong Arm Steady,14226,False,Strong Arm Steady
14227,Venom Knight,14227,False,Venom Knight
14228,Moka Only,14228,False,Moka Only
14229,The Sylvers,14229,False,The Sylvers
14230,Dr. Who Dat?,14230,False,Dr. Who Dat?
14231,Illogic,14231,False,Illogic
14232,U-N-I,14232,False,U-N-I
14233,Miracle Fortress,14233,False,Miracle Fortress
14234,Slank,14234,False,Slank
14235,Naif,14235,False,Naif
14236,Dent May,14236,False,Dent May
14237,The Aluminum Group,14237,False,The Aluminum Group
14238,Mars Or The Moon,14238,False,Mars Or The Moon
14239,Frente!,14239,False,Frente!
14240,M2M,14240,False,M2M
14241,Michael Learns to Rock,14241,False,Michael Learns to Rock
14242,MAA,14242,False,MAA
14243,Camp Rock 2 - The Final Jam,14243,False,Camp Rock 2 - The Final Jam
14244,Top,14244,False,Top
14245,Anjelika Akbar,14245,False,Anjelika Akbar
14246,Tereza Salgueiro Com Lusitânia Ensemble,14246,False,Tereza Salgueiro Com Lusitânia Ensemble
14247,Mabel Matiz,14247,False,Mabel Matiz
14248,Tolga Burkay,14248,False,Tolga Burkay
14249,Sumru Ağıryürüyen,14249,False,Sumru Ağıryürüyen
14250,Jehan Barbur,14250,False,Jehan Barbur
14251,Seyyan Hanım,14251,False,Seyyan Hanım
14252,Gripin,14252,False,Gripin
14253,Baxter,14253,False,Baxter
14254,Feridun Düzağaç,14254,False,Feridun Düzağaç
14255,Vedat Sakman,14255,False,Vedat Sakman
14256,Perry Blake,14256,False,Perry Blake
14257,Özlem Tekİn,14257,False,Özlem Tekİn
14258,Ray Charles And Betty Carter,14258,False,Ray Charles And Betty Carter
14259,The Glamour Manifesto,14259,False,The Glamour Manifesto
14260,Gary Go,14260,False,Gary Go
14261,Andrew Belle,14261,False,Andrew Belle
14262,Odd Year,14262,False,Odd Year
14263,Addison Park,14263,False,Addison Park
14264,Christina Rosenvinge,14264,False,Christina Rosenvinge
14265,Tan Bionica,14265,False,Tan Bionica
14266,Pedro Guerra,14266,False,Pedro Guerra
14267,Acordes Seletos,14267,False,Acordes Seletos
14268,santa maria da feira,14268,False,santa maria da feira
14269,Versant,14269,False,Versant
14271,Rockz,14271,False,Rockz
14278,Big Sean,14278,False,Big Sean
14279,Aceyalone,14279,False,Aceyalone
14280,Smoke DZA,14280,False,Smoke DZA
14284,Vision System,14284,False,Vision System
14285,SEXYDEATH,14285,False,SEXYDEATH
14286,Razed in Black,14286,False,Razed in Black
14287,Hex Rx,14287,False,Hex Rx
14288,Red Cell,14288,False,Red Cell
14289,Ambra Red,14289,False,Ambra Red
14290,Third Realm,14290,False,Third Realm
14291,Din [A] Tod,14291,False,Din [A] Tod
14292,Numb,14292,False,Numb
14293,Blank,14293,False,Blank
14294,The Echoing Green,14294,False,The Echoing Green
14295,Mnemonic,14295,False,Mnemonic
14296,Children Within,14296,False,Children Within
14297,Disco Inferno,14297,False,Disco Inferno
14298,The Soft Pink Truth,14298,False,The Soft Pink Truth
14299,YACHT,14299,False,YACHT
14300,Cee-Lo,14300,False,Cee-Lo
14301,Hood,14301,False,Hood
14302,The Other People Place,14302,False,The Other People Place
14303,Unwound,14303,False,Unwound
14304,Bonded By Blood,14304,False,Bonded By Blood
14305,Warbringer,14305,False,Warbringer
14306,Domain,14306,False,Domain
14307,Mystic Prophecy,14307,False,Mystic Prophecy
14308,Evil Masquerade,14308,False,Evil Masquerade
14309,ZÜNDER,14309,False,ZÜNDER
14310,Arashi,14310,False,Arashi
14311,Final Fantasy (Soundtracks),14311,False,Final Fantasy (Soundtracks)
14312,Newsies,14312,False,Newsies
14313,Spider-Man 2,14313,False,Spider-Man 2
14314,Yamashita Tomohisa & Ikuta Toma,14314,False,Yamashita Tomohisa & Ikuta Toma
14315,Draco and the Malfoys,14315,False,Draco and the Malfoys
14316,The Chorus (Les Choristes),14316,False,The Chorus (Les Choristes)
14317,Sister Hazel,14317,False,Sister Hazel
14318,Eve 6,14318,False,Eve 6
14319,4Tops & KAT-TUN,14319,False,4Tops & KAT-TUN
14320,3Tops,14320,False,3Tops
14321,Ikuta Toma & Yabu Kota,14321,False,Ikuta Toma & Yabu Kota
14322,Ikuta Toma,14322,False,Ikuta Toma
14323,Heather Dale,14323,False,Heather Dale
14324,Sailor Moon,14324,False,Sailor Moon
14325,Wicked,14325,False,Wicked
14326,Ikuta Toma & KAT-TUN,14326,False,Ikuta Toma & KAT-TUN
14327,Hey! Say! JUMP,14327,False,Hey! Say! JUMP
14328,4TOPS,14328,False,4TOPS
14329,Edwin McCain,14329,False,Edwin McCain
14330,Bob feat. Hayley Williams,14330,False,Bob feat. Hayley Williams
14331,Toxic,14331,False,Toxic
14332,www.hitov.net,14332,False,www.hitov.net
14333,Lindsey Ray,14333,False,Lindsey Ray
14334,Glee Club Cast,14334,False,Glee Club Cast
14335,Beyoncé | www.CdsCompletos.net,14335,False,Beyoncé | www.CdsCompletos.net
14337,Audrey Hepburn,14337,False,Audrey Hepburn
14339,Gringo,14339,False,Gringo
14340,Ja Rule,14340,False,Ja Rule
14341,Papas da Língua,14341,False,Papas da Língua
14342,Arcangel y De La Ghetto,14342,False,Arcangel y De La Ghetto
14343,Lime,14343,False,Lime
14344,Chris Squire,14344,False,Chris Squire
14345,Marc Bolan,14345,False,Marc Bolan
14346,The Fireman,14346,False,The Fireman
14347,This Et Al,14347,False,This Et Al
14348,Future of the Left,14348,False,Future of the Left
14349,Kill Yourself,14349,False,Kill Yourself
14350,That Fucking Tank,14350,False,That Fucking Tank
14351,Stalking Horse,14351,False,Stalking Horse
14352,Dananananaykroyd,14352,False,Dananananaykroyd
14353,Cowtown,14353,False,Cowtown
14354,Dinosaur Pile-Up,14354,False,Dinosaur Pile-Up
14355,The Lodger,14355,False,The Lodger
14356,Bilge Pump,14356,False,Bilge Pump
14357,It Takes Bridges,14357,False,It Takes Bridges
14358,Mother Vulpine,14358,False,Mother Vulpine
14359,Orson,14359,False,Orson
14360,Saiko,14360,False,Saiko
14361,Carl Philipp Emanuel Bach,14361,False,Carl Philipp Emanuel Bach
14362,Casiokids,14362,False,Casiokids
14363,Ben Woods,14363,False,Ben Woods
14364,3 dueños,14364,False,3 dueños
14365,Denisse Malebrán,14365,False,Denisse Malebrán
14366,StarGuardMuffin,14366,False,StarGuardMuffin
14367,Petey Pablo,14367,False,Petey Pablo
14368,Lemon Demon,14368,False,Lemon Demon
14369,Nicole,14369,False,Nicole
14370,Los 007,14370,False,Los 007
14371,Charlie Zaa,14371,False,Charlie Zaa
14372,Chad VanGaalen,14372,False,Chad VanGaalen
14373,Normalsi,14373,False,Normalsi
14374,Paquita La Del Barrio,14374,False,Paquita La Del Barrio
14375,500won Project,14375,False,500won Project
14376,Alfredo De La Fe,14376,False,Alfredo De La Fe
14378,13th Floor Elevators,14378,False,13th Floor Elevators
14385,The Clean,14385,False,The Clean
14386,吳雨霏,14386,False,吳雨霏
14387,"Kota Suzuki, Wataru Hokoyama",14387,False,"Kota Suzuki, Wataru Hokoyama"
14388,Cody Linley,14388,False,Cody Linley
14389,Steve Rushton,14389,False,Steve Rushton
14390,"Makoto Tomozawa, Akari Kaida, Masami Ueda",14390,False,"Makoto Tomozawa, Akari Kaida, Masami Ueda"
14391,Giovanni Allevi,14391,False,Giovanni Allevi
14392,Acoustic Alchemy,14392,False,Acoustic Alchemy
14393,Rondò Veneziano,14393,False,Rondò Veneziano
14394,Vinicio Capossela,14394,False,Vinicio Capossela
14395,Antonello Venditti,14395,False,Antonello Venditti
14396,Paolo Conte,14396,False,Paolo Conte
14397,Malika Ayane,14397,False,Malika Ayane
14398,Pino Daniele,14398,False,Pino Daniele
14399,Negramaro,14399,False,Negramaro
14400,Daniele De Gregori Mannoia Ron,14400,False,Daniele De Gregori Mannoia Ron
14401,Peppino di Capri,14401,False,Peppino di Capri
14410,Linger,14410,False,Linger
14424,Sean Price,14424,False,Sean Price
14435,Dan Auerbach,14435,False,Dan Auerbach
14436,Lyrics Born,14436,False,Lyrics Born
14439,Fun Lovin' Criminals,14439,False,Fun Lovin' Criminals
14441,Massacre On The Dancefloor,14441,False,Massacre On The Dancefloor
14442,Fagasaurus Sex,14442,False,Fagasaurus Sex
14443,Snow White's Poison Bite,14443,False,Snow White's Poison Bite
14444,Her Bright Skies,14444,False,Her Bright Skies
14445,Lisa Mitchell,14445,False,Lisa Mitchell
14446,White Lilium,14446,False,White Lilium
14447,B is for Bloodbath,14447,False,B is for Bloodbath
14448,Dying Diva,14448,False,Dying Diva
14449,A Bullet for Pretty Boy,14449,False,A Bullet for Pretty Boy
14450,Jim Brickman,14450,False,Jim Brickman
14451,Bliss n Eso,14451,False,Bliss n Eso
14452,Cérebro Eletrônico,14452,False,Cérebro Eletrônico
14453,Holly Golightly,14453,False,Holly Golightly
14454,Lucy and The Popsonics,14454,False,Lucy and The Popsonics
14455,Ecos Falsos,14455,False,Ecos Falsos
14456,2 Skinnee J's,14456,False,2 Skinnee J's
14457,The Handsome Charlies,14457,False,The Handsome Charlies
14458,Easyworld,14458,False,Easyworld
14459,The Servant,14459,False,The Servant
14460,Sponge,14460,False,Sponge
14461,Moris Tepper,14461,False,Moris Tepper
14462,King Straggler,14462,False,King Straggler
14463,Electric Shit Orchestra,14463,False,Electric Shit Orchestra
14464,World Without Sundays,14464,False,World Without Sundays
14465,Marry Me Jane,14465,False,Marry Me Jane
14466,Brian Tyler,14466,False,Brian Tyler
14467,The Dream & Shadow Hunstman Group,14467,False,The Dream & Shadow Hunstman Group
14468,Greg Dulli,14468,False,Greg Dulli
14469,Spacehog,14469,False,Spacehog
14470,Roger Ridley,14470,False,Roger Ridley
14471,"Ricky Gervais, Steve Merchant & Karl Pilkington",14471,False,"Ricky Gervais, Steve Merchant & Karl Pilkington"
14472,Ricky Gervais,14472,False,Ricky Gervais
14473,Everlast Life,14473,False,Everlast Life
14474,Fan Death,14474,False,Fan Death
14475,Kid Harpoon,14475,False,Kid Harpoon
14476,Seasick Steve,14476,False,Seasick Steve
14477,Tinashé,14477,False,Tinashé
14478,The Go Getters,14478,False,The Go Getters
14479,Marti Brom,14479,False,Marti Brom
14480,Carl Perkins,14480,False,Carl Perkins
14481,Lee Rocker,14481,False,Lee Rocker
14482,Johnny Burnette & The Rock 'n' Roll Trio,14482,False,Johnny Burnette & The Rock 'n' Roll Trio
14483,Tennessee Ernie Ford,14483,False,Tennessee Ernie Ford
14484,The Barnshakers,14484,False,The Barnshakers
14485,"Kitty, Daisy & Lewis",14485,False,"Kitty, Daisy & Lewis"
14486,Ruby Ann,14486,False,Ruby Ann
14487,ruby ann & the boppin' boozers,14487,False,ruby ann & the boppin' boozers
14488,Hillbilly Hellcats,14488,False,Hillbilly Hellcats
14489,The Ace Cats,14489,False,The Ace Cats
14490,Glen Glenn,14490,False,Glen Glenn
14491,THE SPEEDOS,14491,False,THE SPEEDOS
14492,The Ranch Girls & Their Ragtime Wranglers,14492,False,The Ranch Girls & Their Ragtime Wranglers
14493,Ray Smith,14493,False,Ray Smith
14494,Billy Lee Riley,14494,False,Billy Lee Riley
14495,SKINNY JIM & THE WILDCATS,14495,False,SKINNY JIM & THE WILDCATS
14496,Boppin ´B,14496,False,Boppin ´B
14497,Hi-Voltage,14497,False,Hi-Voltage
14498,TEX RODGERS,14498,False,TEX RODGERS
14499,Kim Lenz And Her Jaguars,14499,False,Kim Lenz And Her Jaguars
14500,betty and the bops,14500,False,betty and the bops
14501,The BossHoss,14501,False,The BossHoss
14502,Ray Collins Hot Club,14502,False,Ray Collins Hot Club
14503,Boz Boorer,14503,False,Boz Boorer
14504,The Keytones,14504,False,The Keytones
14505,Warren Smith,14505,False,Warren Smith
14506,Die Echocords,14506,False,Die Echocords
14507,Ronnie Self,14507,False,Ronnie Self
14508,Cosmicity,14508,False,Cosmicity
14509,Dwight Yoakam,14509,False,Dwight Yoakam
14510,Empire State Human,14510,False,Empire State Human
14511,In the Nursery,14511,False,In the Nursery
14512,Buddahead,14512,False,Buddahead
14513,Unkle Bob,14513,False,Unkle Bob
14514,Marcelo Bonfá,14514,False,Marcelo Bonfá
14515,Deborah Blando,14515,False,Deborah Blando
14516,Steps,14516,False,Steps
14517,KLB,14517,False,KLB
14518,Demis Roussos,14518,False,Demis Roussos
14519,Joanna,14519,False,Joanna
14520,Emilia,14520,False,Emilia
14521,Dhani Lennevald,14521,False,Dhani Lennevald
14522,Lux,14522,False,Lux
14523,Rialto,14523,False,Rialto
14524,The 13th Sign,14524,False,The 13th Sign
14525,Elvira Nikolaisen,14525,False,Elvira Nikolaisen
14526,Melody Club,14526,False,Melody Club
14527,Datura,14527,False,Datura
14528,BigBang,14528,False,BigBang
14529,Babylon Zoo,14529,False,Babylon Zoo
14530,Susanne Sundfør,14530,False,Susanne Sundfør
14531,Charly Lownoise & Mental Theo,14531,False,Charly Lownoise & Mental Theo
14532,Liliana Felipe,14532,False,Liliana Felipe
14533,La Academia 4,14533,False,La Academia 4
14534,The Bluetones,14534,False,The Bluetones
14535,Mamma Mia! The Movie,14535,False,Mamma Mia! The Movie
14536,Luis Enrique,14536,False,Luis Enrique
14537,"Meryl Streep, Julie Walters & Christine Baranski",14537,False,"Meryl Streep, Julie Walters & Christine Baranski"
14538,Litzy,14538,False,Litzy
14539,Trish,14539,False,Trish
14540,Vico C,14540,False,Vico C
14541,"Amanda Seyfried, Ashley Lilley & Rachel McDowall",14541,False,"Amanda Seyfried, Ashley Lilley & Rachel McDowall"
14542,Zahara,14542,False,Zahara
14543,Beth,14543,False,Beth
14544,Miss Caffeina,14544,False,Miss Caffeina
14545,Vaivencida,14545,False,Vaivencida
14546,Cristina Perales,14546,False,Cristina Perales
14547,Standstill,14547,False,Standstill
14548,Tamara,14548,False,Tamara
14550,FM ft Cataracs & Dev,14550,False,FM ft Cataracs & Dev
14551,Nx ZeroȀ,14551,False,Nx ZeroȀ
14552,Chris Willis; David Guetta; Fergie; LMFAO,14552,False,Chris Willis; David Guetta; Fergie; LMFAO
14553,Gramophonedzie,14553,False,Gramophonedzie
14554,PISTA SERTANEJA REMIXES   d-_-b,14554,False,PISTA SERTANEJA REMIXES   d-_-b
14555,ReplaceĀ,14555,False,ReplaceĀ
14556,DCUP,14556,False,DCUP
14557,Katy Perry,14557,False,Katy Perry
14558,Chris Willis,14558,False,Chris Willis
14559,Luan Santana Part. Ivete Sangalo,14559,False,Luan Santana Part. Ivete Sangalo
14560,French Teen Idol,14560,False,French Teen Idol
14561,O Jardim das Horas,14561,False,O Jardim das Horas
14562,Marina De La Riva,14562,False,Marina De La Riva
14563,Marianna Leporace,14563,False,Marianna Leporace
14564,Andy Shauf,14564,False,Andy Shauf
14565,Radionave,14565,False,Radionave
14566,Adriana,14566,False,Adriana
14567,Coleção Amo Você,14567,False,Coleção Amo Você
14568,Limão com Mel,14568,False,Limão com Mel
14569,Flávio Venturini,14569,False,Flávio Venturini
14570,Banda Calypso,14570,False,Banda Calypso
14571,Vida Reluz,14571,False,Vida Reluz
14572,Zezé Di Camargo & Luciano,14572,False,Zezé Di Camargo & Luciano
14573,Calcinha Preta,14573,False,Calcinha Preta
14574,Padre Marcelo Rossi,14574,False,Padre Marcelo Rossi
14575,Nechivile,14575,False,Nechivile
14576,Luciana Mello,14576,False,Luciana Mello
14577,Anjos De Resgate,14577,False,Anjos De Resgate
14578,Marina Elali,14578,False,Marina Elali
14579,Toquinho,14579,False,Toquinho
14580,El Guincho,14580,False,El Guincho
14581,means,14581,False,means
14582,Cry Of The Afflicted,14582,False,Cry Of The Afflicted
14583,Her Words Kill,14583,False,Her Words Kill
14584,Metal Milícia,14584,False,Metal Milícia
14585,Tianastácia,14585,False,Tianastácia
14586,Irah Caldeira,14586,False,Irah Caldeira
14587,Circus Bon Voyage,14587,False,Circus Bon Voyage
14588,Best Interest,14588,False,Best Interest
14589,Fruto Sagrado,14589,False,Fruto Sagrado
14590,Ministério Apascentar De Nova Iguaçu,14590,False,Ministério Apascentar De Nova Iguaçu
14591,タッキー＆翼,14591,False,タッキー＆翼
14592,Anahi,14592,False,Anahi
14593,滝沢秀明,14593,False,滝沢秀明
14594,羅志祥,14594,False,羅志祥
14595,今井翼,14595,False,今井翼
14596,New Politics,14596,False,New Politics
14597,Nadirah X,14597,False,Nadirah X
14598,Madcon,14598,False,Madcon
14599,Karen Elson,14599,False,Karen Elson
14600,The Matrix,14600,False,The Matrix
14601,Katy Hudson,14601,False,Katy Hudson
14602,MMLN,14602,False,MMLN
14603,www.za4.bblog.mn,14603,False,www.za4.bblog.mn
14604,Gratitude,14604,False,Gratitude
14605,Kate Perry & Guru Josh Project,14605,False,Kate Perry & Guru Josh Project
14606,Twitter: @BiruelBlogSU,14606,False,Twitter: @BiruelBlogSU
14607,GRAMMY,14607,False,GRAMMY
14608,DJplaceboing,14608,False,DJplaceboing
14609,Henry Blank,14609,False,Henry Blank
14610,Hallway Blast,14610,False,Hallway Blast
14614,Hidden in Plain View,14614,False,Hidden in Plain View
14618,Michael Franti & Spearhead,14618,False,Michael Franti & Spearhead
14619,The Holy Ghost Tent Revival,14619,False,The Holy Ghost Tent Revival
14620,Billy Preston,14620,False,Billy Preston
14621,The Ghost Frequency,14621,False,The Ghost Frequency
14622,Polaroid,14622,False,Polaroid
14623,Pathway to Providence,14623,False,Pathway to Providence
14624,GO! With Fourteen O,14624,False,GO! With Fourteen O
14625,August Rush,14625,False,August Rush
14626,So Weird,14626,False,So Weird
14627,Camp,14627,False,Camp
14628,Alana Grace,14628,False,Alana Grace
14629,Lipstick,14629,False,Lipstick
14630,Mixtape,14630,False,Mixtape
14631,Lorraine,14631,False,Lorraine
14632,Ane Brun,14632,False,Ane Brun
14633,black room,14633,False,black room
14634,David Usher,14634,False,David Usher
14635,Rob Pattinson,14635,False,Rob Pattinson
14636,The National Bank,14636,False,The National Bank
14637,Tinted Windows,14637,False,Tinted Windows
14638,Kate Havnevik,14638,False,Kate Havnevik
14639,Superjupiter,14639,False,Superjupiter
14640,Apparatjik,14640,False,Apparatjik
14641,Kids in the Kitchen,14641,False,Kids in the Kitchen
14642,120 Days,14642,False,120 Days
14643,César Menotti e Fabiano,14643,False,César Menotti e Fabiano
14644,J. Quest,14644,False,J. Quest
14645,SoKo,14645,False,SoKo
14646,Brazzaville,14646,False,Brazzaville
14647,Mirkelam,14647,False,Mirkelam
14648,Ceylan Ertem,14648,False,Ceylan Ertem
14649,Lhasa,14649,False,Lhasa
14650,Bülent Ortaçgil & Fikret Kızılok,14650,False,Bülent Ortaçgil & Fikret Kızılok
14651,Yaşar,14651,False,Yaşar
14652,Stuart A. Staples,14652,False,Stuart A. Staples
14653,"Hollywood, Mon Amour",14653,False,"Hollywood, Mon Amour"
14657,Dead Boys,14657,False,Dead Boys
14661,Lisa Kudrow,14661,False,Lisa Kudrow
14662,The Midnight Beast,14662,False,The Midnight Beast
14663,Glass and Glue,14663,False,Glass and Glue
14664,Les chansons d'amour,14664,False,Les chansons d'amour
14665,G.A.N. 665+1,14665,False,G.A.N. 665+1
14666,Washed Out,14666,False,Washed Out
14667,The Hidden Cameras,14667,False,The Hidden Cameras
14668,Binärpilot,14668,False,Binärpilot
14669,Karlheinz Stockhausen,14669,False,Karlheinz Stockhausen
14670,Felix Kubin,14670,False,Felix Kubin
14671,Nancy Nova,14671,False,Nancy Nova
14672,Luc Ferrari,14672,False,Luc Ferrari
14673,Erlend Øye,14673,False,Erlend Øye
14674,Joe Meek & The Blue Men,14674,False,Joe Meek & The Blue Men
14675,Märtini Brös,14675,False,Märtini Brös
14676,Future Bible Heroes,14676,False,Future Bible Heroes
14677,GuMMy†Be▲R!,14677,False,GuMMy†Be▲R!
14678,David Byrne,14678,False,David Byrne
14679,David Arthur Brown,14679,False,David Arthur Brown
14680,Northern Lite,14680,False,Northern Lite
14681,G.A.N. 665 + 1,14681,False,G.A.N. 665 + 1
14682,Flat Earth Society,14682,False,Flat Earth Society
14683,Balam Acab,14683,False,Balam Acab
14684,8 Bit Weapon,14684,False,8 Bit Weapon
14685,Shivaree,14685,False,Shivaree
14686,Анна Герман,14686,False,Анна Герман
14687,Skafandr,14687,False,Skafandr
14688,Terranova,14688,False,Terranova
14689,Capoeira Angola,14689,False,Capoeira Angola
14690,Alai Oli,14690,False,Alai Oli
14691,Carolina Soares,14691,False,Carolina Soares
14692,(hed) Planet Earth,14692,False,(hed) Planet Earth
14693,Башня Rowan,14693,False,Башня Rowan
14694,Хелависа,14694,False,Хелависа
14695,Soledad Bravo,14695,False,Soledad Bravo
14696,Max Frei,14696,False,Max Frei
14697,hands around my throat,14697,False,hands around my throat
14698,コナミ矩形波倶楽部,14698,False,コナミ矩形波倶楽部
14699,Salvador,14699,False,Salvador
14700,Khorus,14700,False,Khorus
14701,Promises,14701,False,Promises
14702,Khalil Fong,14702,False,Khalil Fong
14703,Haderek,14703,False,Haderek
14704,Taeyang,14704,False,Taeyang
14705,Ultra,14705,False,Ultra
14706,Antony Costa,14706,False,Antony Costa
14707,Duncan James,14707,False,Duncan James
14708,Rodolfo,14708,False,Rodolfo
14712,The Devils,14712,False,The Devils
14722,Romance On A Rocketship,14722,False,Romance On A Rocketship
14723,Andrew Bird's Bowl of Fire,14723,False,Andrew Bird's Bowl of Fire
14724,Leoni,14724,False,Leoni
14725,Kin,14725,False,Kin
14726,BulletProof Messenger,14726,False,BulletProof Messenger
14727,Angtoria,14727,False,Angtoria
14728,Farin Urlaub,14728,False,Farin Urlaub
14729,Cephyrius,14729,False,Cephyrius
14730,The Busters,14730,False,The Busters
14731,Chris Hülsbeck,14731,False,Chris Hülsbeck
14732,Melancholy,14732,False,Melancholy
14733,Secret Secret Dino Club,14733,False,Secret Secret Dino Club
14734,Tyga,14734,False,Tyga
14735,Nursehella,14735,False,Nursehella
14736,Scotty Vanity,14736,False,Scotty Vanity
14737,Kawasaki 3p,14737,False,Kawasaki 3p
14738,S.A.R.S.,14738,False,S.A.R.S.
14739,Boris Brejcha,14739,False,Boris Brejcha
14740,Yann Tiersen & Shannon Wright,14740,False,Yann Tiersen & Shannon Wright
14741,Dječaci,14741,False,Dječaci
14742,Kollektiv Turmstrasse,14742,False,Kollektiv Turmstrasse
14743,Che Sudaka,14743,False,Che Sudaka
14744,Extrawelt,14744,False,Extrawelt
14745,Megapuss,14745,False,Megapuss
14746,Claire Pichet,14746,False,Claire Pichet
14747,Afromental,14747,False,Afromental
14748,Sistars,14748,False,Sistars
14749,Cee Lo Green,14749,False,Cee Lo Green
14750,Dominik Eulberg,14750,False,Dominik Eulberg
14751,Marco Carola,14751,False,Marco Carola
14752,Stephan Bodzin,14752,False,Stephan Bodzin
14753,Paul Ritch,14753,False,Paul Ritch
14754,Loco Dice,14754,False,Loco Dice
14755,klakast,14755,False,klakast
14756,Rino Cerrone,14756,False,Rino Cerrone
14757,Steve Bug,14757,False,Steve Bug
14758,Lucio Aquilina,14758,False,Lucio Aquilina
14759,Danilo Vigorito,14759,False,Danilo Vigorito
14760,Richie Hawtin,14760,False,Richie Hawtin
14761,Gabriel Ananda,14761,False,Gabriel Ananda
14762,Troy Pierce,14762,False,Troy Pierce
14763,Spektre,14763,False,Spektre
14764,John Tejada,14764,False,John Tejada
14765,Alexander Kowalski,14765,False,Alexander Kowalski
14766,Minilogue,14766,False,Minilogue
14767,Alessio Mereu,14767,False,Alessio Mereu
14768,Sascha Funke,14768,False,Sascha Funke
14769,audiossey,14769,False,audiossey
14770,Ilario Alicante,14770,False,Ilario Alicante
14771,Pig & Dan,14771,False,Pig & Dan
14772,White Zone,14772,False,White Zone
14773,Oxia,14773,False,Oxia
14774,Mathew Jonson,14774,False,Mathew Jonson
14775,Martin Buttrich,14775,False,Martin Buttrich
14776,Gaetano Parisio,14776,False,Gaetano Parisio
14777,Mark Broom,14777,False,Mark Broom
14778,Pascal FEOS,14778,False,Pascal FEOS
14779,Dusty Kid,14779,False,Dusty Kid
14780,Oliver Koletzki,14780,False,Oliver Koletzki
14781,M.A.N.D.Y.,14781,False,M.A.N.D.Y.
14782,Davide Squillace,14782,False,Davide Squillace
14783,Popof,14783,False,Popof
14784,Cardo,14784,False,Cardo
14785,FAKIEDJ,14785,False,FAKIEDJ
14786,Kiko,14786,False,Kiko
14787,KT Wanderlust,14787,False,KT Wanderlust
14788,Geoffrey Paris,14788,False,Geoffrey Paris
14789,Christmas Songs,14789,False,Christmas Songs
14790,the BUNNY the BEAR,14790,False,the BUNNY the BEAR
14791,Endwell,14791,False,Endwell
14792,Awaken Demons,14792,False,Awaken Demons
14793,CjClip,14793,False,CjClip
14794,Trigger the Bloodshed,14794,False,Trigger the Bloodshed
14795,Years Spent Cold,14795,False,Years Spent Cold
14796,Destruction of a King,14796,False,Destruction of a King
14797,Hazel Nuts Chocolate,14797,False,Hazel Nuts Chocolate
14798,Smile Smile,14798,False,Smile Smile
14799,I Fight Dragons,14799,False,I Fight Dragons
14800,Syubidupidapap,14800,False,Syubidupidapap
14801,Donots,14801,False,Donots
14802,Fettes Brot,14802,False,Fettes Brot
14803,Karpatenhund,14803,False,Karpatenhund
14804,Die drei ???,14804,False,Die drei ???
14805,Monsters of Liedermaching,14805,False,Monsters of Liedermaching
14806,Fiddler's Green,14806,False,Fiddler's Green
14807,Itchy Poopzkid,14807,False,Itchy Poopzkid
14827,Casey Jones,14827,False,Casey Jones
14828,J.K. Rowling,14828,False,J.K. Rowling
14829,Icepick,14829,False,Icepick
14830,Pipedown,14830,False,Pipedown
14831,xBishopx,14831,False,xBishopx
14832,Set it Straight,14832,False,Set it Straight
14833,Make It Count,14833,False,Make It Count
14834,Berri Txarrak,14834,False,Berri Txarrak
14835,Paragraf 119,14835,False,Paragraf 119
14836,Die Drei Fragezeichen,14836,False,Die Drei Fragezeichen
14837,Settle the Score,14837,False,Settle the Score
14838,xREPRESENTx,14838,False,xREPRESENTx
14839,Billy the Kid,14839,False,Billy the Kid
14840,Atari Teenage Riot,14840,False,Atari Teenage Riot
14841,Newklam,14841,False,Newklam
14842,Siba e a Fuloresta,14842,False,Siba e a Fuloresta
14843,Elias and The Wizzkids,14843,False,Elias and The Wizzkids
14844,Roberta Sá & Trio Madeira Brasil,14844,False,Roberta Sá & Trio Madeira Brasil
14845,Hello Saferide,14845,False,Hello Saferide
14846,!!!,14846,False,!!!
14847,Armia,14847,False,Armia
14853,Satanic Surfers,14853,False,Satanic Surfers
14863,Adhesive,14863,False,Adhesive
14871,Khigh,14871,False,Khigh
14872,(sic)monic,14872,False,(sic)monic
14873,MD.45,14873,False,MD.45
14874,Vanishing Point,14874,False,Vanishing Point
14875,Terminator,14875,False,Terminator
14876,Alcatrazz,14876,False,Alcatrazz
14877,Lye by Mistake,14877,False,Lye by Mistake
14878,Chick Corea,14878,False,Chick Corea
14879,Unexpect,14879,False,Unexpect
14880,Return to Forever,14880,False,Return to Forever
14881,Dolunay,14881,False,Dolunay
14882,Liquid Trio Experiment,14882,False,Liquid Trio Experiment
14883,Flamenco Caravan,14883,False,Flamenco Caravan
14884,Aeternom,14884,False,Aeternom
14885,Antonio Resende,14885,False,Antonio Resende
14886,George Duke,14886,False,George Duke
14887,Diddy Feat. Christina Aguilera,14887,False,Diddy Feat. Christina Aguilera
14888,Carlos Núñez,14888,False,Carlos Núñez
14889,Callejón,14889,False,Callejón
14890,Silent Civilian,14890,False,Silent Civilian
14891,Sanctity,14891,False,Sanctity
14892,Degradead,14892,False,Degradead
14893,Wolfpack Unleashed,14893,False,Wolfpack Unleashed
14894,Daysend,14894,False,Daysend
14895,The Duskfall,14895,False,The Duskfall
14896,Lords of Decadence,14896,False,Lords of Decadence
14897,Old Time Radio,14897,False,Old Time Radio
14898,Honey,14898,False,Honey
14899,WET FINGERS,14899,False,WET FINGERS
14900,Dev Feat. The Cataracs,14900,False,Dev Feat. The Cataracs
14901,Dan Bălan,14901,False,Dan Bălan
14902,Ania Wyszkoni,14902,False,Ania Wyszkoni
14903,Mirami feat. VovaZiLvova,14903,False,Mirami feat. VovaZiLvova
14904,Feed Me,14904,False,Feed Me
14905,Afrojack,14905,False,Afrojack
14906,Tim Berg,14906,False,Tim Berg
14907,A.J.K.S.,14907,False,A.J.K.S.
14908,Decrepit Birth,14908,False,Decrepit Birth
14909,Ojciec Dyktator,14909,False,Ojciec Dyktator
14910,Spawn of Possession,14910,False,Spawn of Possession
14911,Prawe Skrzydło,14911,False,Prawe Skrzydło
14912,G.O.R.E,14912,False,G.O.R.E
14913,Arsis,14913,False,Arsis
14914,Deivos,14914,False,Deivos
14915,Nuclear Vomit,14915,False,Nuclear Vomit
14916,Centaurus-A,14916,False,Centaurus-A
14917,Arka Satana,14917,False,Arka Satana
14918,Kayanis,14918,False,Kayanis
14919,Hate Eternal,14919,False,Hate Eternal
14920,Łeb Prosiaka,14920,False,Łeb Prosiaka
14921,Amaral Y Chetes,14921,False,Amaral Y Chetes
14922,Jumbo,14922,False,Jumbo
14923,"Celso Piña, Control Machete y Blanquito Man",14923,False,"Celso Piña, Control Machete y Blanquito Man"
14924,John Waite,14924,False,John Waite
14925,Hombres G,14925,False,Hombres G
14926,El Gran Silencio,14926,False,El Gran Silencio
14927,Alejandro Y Vicente Fernandez,14927,False,Alejandro Y Vicente Fernandez
14928,Bend and Break,14928,False,Bend and Break
14929,Pandora,14929,False,Pandora
14930,Sugar Ray,14930,False,Sugar Ray
14931,Labirinto,14931,False,Labirinto
14932,Film School,14932,False,Film School
14933,Hangin Freud,14933,False,Hangin Freud
14934,The Up On In,14934,False,The Up On In
14935,Tephra,14935,False,Tephra
14936,Skywave,14936,False,Skywave
14937,Air Formation,14937,False,Air Formation
14938,Highspire,14938,False,Highspire
14939,Seaweed,14939,False,Seaweed
14940,Medications,14940,False,Medications
14941,Pia Fraus,14941,False,Pia Fraus
14942,Secret Shine,14942,False,Secret Shine
14943,Kontakte,14943,False,Kontakte
14944,Portecho,14944,False,Portecho
14945,Büyük ev ablukada,14945,False,Büyük ev ablukada
14946,Metamorfosi,14946,False,Metamorfosi
14947,New Trolls,14947,False,New Trolls
14948,Osanna,14948,False,Osanna
14949,Il Paese dei Balocchi,14949,False,Il Paese dei Balocchi
14950,Banco del Mutuo Soccorso,14950,False,Banco del Mutuo Soccorso
14951,Asia Minor,14951,False,Asia Minor
14952,Quella Vecchia Locanda,14952,False,Quella Vecchia Locanda
14953,Alusa Fallax,14953,False,Alusa Fallax
14954,Il Rovescio della Medaglia,14954,False,Il Rovescio della Medaglia
14955,Il Volo,14955,False,Il Volo
14956,Museo Rosenbach,14956,False,Museo Rosenbach
14957,Semiramis,14957,False,Semiramis
14958,Dalton,14958,False,Dalton
14959,Mezquita,14959,False,Mezquita
14960,Bacamarte,14960,False,Bacamarte
14961,Curved Air,14961,False,Curved Air
14962,Robert Wyatt,14962,False,Robert Wyatt
14963,Saint Just,14963,False,Saint Just
14964,Latte e Miele,14964,False,Latte e Miele
14965,The Wilde Flowers,14965,False,The Wilde Flowers
14966,E.A. Poe,14966,False,E.A. Poe
14967,Samla Mammas Manna,14967,False,Samla Mammas Manna
14968,Locanda delle Fate,14968,False,Locanda delle Fate
14969,Campo di Marte,14969,False,Campo di Marte
14970,Gruppo d'Alternativa,14970,False,Gruppo d'Alternativa
14971,Renaissance,14971,False,Renaissance
14972,Reale Accademia di Musica,14972,False,Reale Accademia di Musica
14973,Panna Fredda,14973,False,Panna Fredda
14974,De De Lind,14974,False,De De Lind
14975,Odissea,14975,False,Odissea
14976,Anonima Sound Ltd,14976,False,Anonima Sound Ltd
14977,Raccomandata Ricevuta Ritorno,14977,False,Raccomandata Ricevuta Ritorno
14978,Strawbs,14978,False,Strawbs
14979,The Heart Throbs,14979,False,The Heart Throbs
14980,Die Art,14980,False,Die Art
14981,The Hope Blister,14981,False,The Hope Blister
14982,Escape With Romeo,14982,False,Escape With Romeo
14983,Phillip Boa,14983,False,Phillip Boa
14984,Bobo in White Wooden Houses,14984,False,Bobo in White Wooden Houses
14985,Reinhard Mey,14985,False,Reinhard Mey
14986,Dicky Dixon,14986,False,Dicky Dixon
14987,RICHARD DIXON-COMPOSER,14987,False,RICHARD DIXON-COMPOSER
14988,Derek McCorkell,14988,False,Derek McCorkell
14989,Wayne Kerr,14989,False,Wayne Kerr
14990,Dawson Cowals,14990,False,Dawson Cowals
14991,Integrity Music,14991,False,Integrity Music
14992,Big Stuf,14992,False,Big Stuf
14993,The Perrys,14993,False,The Perrys
14994,Scott Wesley Brown,14994,False,Scott Wesley Brown
14995,Living G,14995,False,Living G
14996,Joe Wise,14996,False,Joe Wise
14997,Chelsie Boyd,14997,False,Chelsie Boyd
14998,Legacy Five,14998,False,Legacy Five
14999,David Haas,14999,False,David Haas
15000,talley trio,15000,False,talley trio
15001,The Benedicte Monks of Santo Domingo de Silos,15001,False,The Benedicte Monks of Santo Domingo de Silos
15002,Joel Rosenberger,15002,False,Joel Rosenberger
15003,Robert Caldeira Jr,15003,False,Robert Caldeira Jr
15004,Brian Free & Assurance,15004,False,Brian Free & Assurance
15005,Carolyn Arends,15005,False,Carolyn Arends
15006,Ernie Haase & Signature Sound,15006,False,Ernie Haase & Signature Sound
15007,Greater Vision,15007,False,Greater Vision
15008,Mylon LeFevre,15008,False,Mylon LeFevre
15009,Russ Taff,15009,False,Russ Taff
15010,Enlightenment,15010,False,Enlightenment
15011,The Hoppers,15011,False,The Hoppers
15012,The Crabb Family,15012,False,The Crabb Family
15013,Jessy Dixon,15013,False,Jessy Dixon
15014,Flight 180,15014,False,Flight 180
15015,Bill Gaither,15015,False,Bill Gaither
15016,PRO ARTE ET MUSICA,15016,False,PRO ARTE ET MUSICA
15017,Donavon Hill,15017,False,Donavon Hill
15018,Kelly Willard,15018,False,Kelly Willard
15019,Lordsong,15019,False,Lordsong
15020,Dennis Jernigan,15020,False,Dennis Jernigan
15021,The Chuck Wagon Gang,15021,False,The Chuck Wagon Gang
15022,Nashville Singers,15022,False,Nashville Singers
15023,Frankie Laine,15023,False,Frankie Laine
15024,Kemper Crabb,15024,False,Kemper Crabb
15025,Kingdom Heirs,15025,False,Kingdom Heirs
15026,Don Francisco,15026,False,Don Francisco
15027,Jimmy Buffett,15027,False,Jimmy Buffett
15028,Guy Mitchell,15028,False,Guy Mitchell
15029,The Steeles,15029,False,The Steeles
15030,The Cathedrals,15030,False,The Cathedrals
15031,Gold City,15031,False,Gold City
15032,Autumn Fox,15032,False,Autumn Fox
15033,Trash80,15033,False,Trash80
15034,"Crosby, Stills & Nash",15034,False,"Crosby, Stills & Nash"
15035,"MIT Concert Choir, William Cutter directing",15035,False,"MIT Concert Choir, William Cutter directing"
15036,Bruce Hornsby,15036,False,Bruce Hornsby
15037,Hybrid,15037,False,Hybrid
15038,Joan Osborne,15038,False,Joan Osborne
15039,Dervish,15039,False,Dervish
15040,Solas,15040,False,Solas
15041,jugi,15041,False,jugi
15042,Kris Delmhorst,15042,False,Kris Delmhorst
15043,Liquid Mind,15043,False,Liquid Mind
15044,Eternal Lord,15044,False,Eternal Lord
15045,Defeater,15045,False,Defeater
15046,Thy Art Is Murder,15046,False,Thy Art Is Murder
15047,Counterparts,15047,False,Counterparts
15048,Touché Amoré,15048,False,Touché Amoré
15049,Johnny Truant,15049,False,Johnny Truant
15050,Burning the Masses,15050,False,Burning the Masses
15051,Hostage Calm,15051,False,Hostage Calm
15052,Trophy Scars,15052,False,Trophy Scars
15053,Through the Eyes of the Dead,15053,False,Through the Eyes of the Dead
15054,At the Throne of Judgment,15054,False,At the Throne of Judgment
15055,Fear Before the March of Flames,15055,False,Fear Before the March of Flames
15056,The Boy Will Drown,15056,False,The Boy Will Drown
15057,Mungo's HI FI,15057,False,Mungo's HI FI
15058,Urban Myth Club,15058,False,Urban Myth Club
15059,Suicide Sports Club,15059,False,Suicide Sports Club
15060,Burn The Negative,15060,False,Burn The Negative
15061,Caravan Palace,15061,False,Caravan Palace
15062,Train of Thought,15062,False,Train of Thought
15063,Senser,15063,False,Senser
15064,Belleruche,15064,False,Belleruche
15065,Sainkho Namtchylak,15065,False,Sainkho Namtchylak
15066,The Correspondents,15066,False,The Correspondents
15067,John Parish,15067,False,John Parish
15068,SONOIO,15068,False,SONOIO
15069,A-Trak,15069,False,A-Trak
15070,Pale 3,15070,False,Pale 3
15071,Juno Reactor vs. Don Davis,15071,False,Juno Reactor vs. Don Davis
15072,The Brothers Gutworm,15072,False,The Brothers Gutworm
15073,"Tom Tykwer, Reinhold Heil & Johnny Klimek",15073,False,"Tom Tykwer, Reinhold Heil & Johnny Klimek"
15074,Ünloco,15074,False,Ünloco
15075,80kidz,15075,False,80kidz
15076,RAM RIDER,15076,False,RAM RIDER
15077,Syrup16g,15077,False,Syrup16g
15078,I-Dep,15078,False,I-Dep
15079,Shinichi Osawa,15079,False,Shinichi Osawa
15080,三船　浩／キング男声合唱団,15080,False,三船　浩／キング男声合唱団
15081,Coburn,15081,False,Coburn
15082,autoKratz,15082,False,autoKratz
15083,Mondo Grosso,15083,False,Mondo Grosso
15084,Kagami,15084,False,Kagami
15085,Towa Tei,15085,False,Towa Tei
15086,Fantastic Plastic Machine,15086,False,Fantastic Plastic Machine
15087,Jazztronik,15087,False,Jazztronik
15088,DE DE MOUSE,15088,False,DE DE MOUSE
15089,Apogee,15089,False,Apogee
15090,Plus-Tech Squeeze Box,15090,False,Plus-Tech Squeeze Box
15091,Popular Computer,15091,False,Popular Computer
15092,斉藤和義,15092,False,斉藤和義
15093,Macdonald Duck Eclair,15093,False,Macdonald Duck Eclair
15094,Nerdette,15094,False,Nerdette
15095,Mysterious DJ,15095,False,Mysterious DJ
15096,Rilke Projekt,15096,False,Rilke Projekt
15097,Soundtracks,15097,False,Soundtracks
15098,Funny van Dannen,15098,False,Funny van Dannen
15099,Ena Pá 2000,15099,False,Ena Pá 2000
15100,James Dean Bradfield,15100,False,James Dean Bradfield
15101,Lil Rob,15101,False,Lil Rob
15102,Cartel De Santa,15102,False,Cartel De Santa
15103,Delinquent Habits,15103,False,Delinquent Habits
15104,Malverde,15104,False,Malverde
15105,Tego Calderón,15105,False,Tego Calderón
15106,Kemo The Blaxican,15106,False,Kemo The Blaxican
15107,Voltio,15107,False,Voltio
15108,Control Machete,15108,False,Control Machete
15109,La Coka Nostra,15109,False,La Coka Nostra
15110,pato machete,15110,False,pato machete
15111,Fermin IV,15111,False,Fermin IV
15112,Sindicato Argentino Del Hip Hop,15112,False,Sindicato Argentino Del Hip Hop
15113,Spm,15113,False,Spm
15114,Chyno Nyno,15114,False,Chyno Nyno
15115,The Psycho Realm,15115,False,The Psycho Realm
15116,Kid Frost,15116,False,Kid Frost
15117,South Park Mexican,15117,False,South Park Mexican
15118,Mellow Man Ace,15118,False,Mellow Man Ace
15119,Molotov,15119,False,Molotov
15120,B-Real,15120,False,B-Real
15121,Big Mato,15121,False,Big Mato
15122,Young Marble Giants,15122,False,Young Marble Giants
15124,Talulah Gosh,15124,False,Talulah Gosh
15128,The Cat's Miaow,15128,False,The Cat's Miaow
15130,Circulatory System,15130,False,Circulatory System
15134,Moğollar,15134,False,Moğollar
15135,Ундервуд,15135,False,Ундервуд
15136,Лемондэй,15136,False,Лемондэй
15137,Kissogram,15137,False,Kissogram
15138,2 Гига Любви,15138,False,2 Гига Любви
15139,Маша Badda Boo,15139,False,Маша Badda Boo
15140,God Help the Girl,15140,False,God Help the Girl
15141,Ларик Сурапов,15141,False,Ларик Сурапов
15142,bso,15142,False,bso
15143,Constructorr,15143,False,Constructorr
15144,Olly Murs,15144,False,Olly Murs
15145,Ruth Lorenzo,15145,False,Ruth Lorenzo
15146,Stacey Solomon,15146,False,Stacey Solomon
15147,Danyl Johnson,15147,False,Danyl Johnson
15148,Lucie Jones,15148,False,Lucie Jones
15149,Israel Lucero,15149,False,Israel Lucero
15150,X Factor Finalists,15150,False,X Factor Finalists
15151,Lucas Poletto,15151,False,Lucas Poletto
15152,regis danese,15152,False,regis danese
15153,Saulo Roston,15153,False,Saulo Roston
15154,Maria Alice Fontanezzi,15154,False,Maria Alice Fontanezzi
15155,The Best Of Carpenters,15155,False,The Best Of Carpenters
15156,www.depositodomp3.com,15156,False,www.depositodomp3.com
15157,Bruna Caram,15157,False,Bruna Caram
15158,Magic Box,15158,False,Magic Box
15159,Mercury Rev,15159,False,Mercury Rev
15160,John Cale,15160,False,John Cale
15161,Vib Gyor,15161,False,Vib Gyor
15162,L'aura,15162,False,L'aura
15163,Tommy heavenly6,15163,False,Tommy heavenly6
15164,999,15164,False,999
15165,Alessandra Mussolini,15165,False,Alessandra Mussolini
15166,Kat Graham,15166,False,Kat Graham
15167,K-Sis,15167,False,K-Sis
15168,Marcio Mathers,15168,False,Marcio Mathers
15169,Your Favorite Martian,15169,False,Your Favorite Martian
15170,Fatty Spins,15170,False,Fatty Spins
15171,Discovery,15171,False,Discovery
15172,Surfer Blood,15172,False,Surfer Blood
15173,Fukkk Offf,15173,False,Fukkk Offf
15179,Leftöver Crack,15179,False,Leftöver Crack
15180,The Aquabats,15180,False,The Aquabats
15181,Star Fucking Hipsters,15181,False,Star Fucking Hipsters
15182,[spunge],15182,False,[spunge]
15183,Sha,15183,False,Sha
15184,Cast Of 'Camp Rock 2',15184,False,Cast Of 'Camp Rock 2'
15185,Der Checker,15185,False,Der Checker
15186,Sharpay,15186,False,Sharpay
15191,Buffalo 77,15191,False,Buffalo 77
15192,Kubichek!,15192,False,Kubichek!
15193,Lovers Make Liars,15193,False,Lovers Make Liars
15194,And Then There Were None,15194,False,And Then There Were None
15195,The Urgency,15195,False,The Urgency
15196,Saia Rodada,15196,False,Saia Rodada
15197,Maglore,15197,False,Maglore
15198,B.G.K.,15198,False,B.G.K.
15199,Death Side,15199,False,Death Side
15200,Holy Terror,15200,False,Holy Terror
15201,Koro,15201,False,Koro
15202,Gauze,15202,False,Gauze
15203,Assfactor 4,15203,False,Assfactor 4
15204,Infest,15204,False,Infest
15205,Zero Boys,15205,False,Zero Boys
15206,Discordance Axis,15206,False,Discordance Axis
15207,Framtid,15207,False,Framtid
15208,Impact,15208,False,Impact
15209,Deadboy & the Elephantmen,15209,False,Deadboy & the Elephantmen
15210,Raw Power,15210,False,Raw Power
15211,Void,15211,False,Void
15212,Disclose,15212,False,Disclose
15213,Heather Headley,15213,False,Heather Headley
15214,Mary Mary,15214,False,Mary Mary
15215,Paula Toller,15215,False,Paula Toller
15216,John Wesley,15216,False,John Wesley
15217,Bill Bailey,15217,False,Bill Bailey
15218,Elliot Minor,15218,False,Elliot Minor
15219,ALL CAPS,15219,False,ALL CAPS
15220,We Should Be Dead,15220,False,We Should Be Dead
15221,Twenty Twenty,15221,False,Twenty Twenty
15222,Razgar,15222,False,Razgar
15223,Scott Lavender,15223,False,Scott Lavender
15224,Munhoz & Mariano,15224,False,Munhoz & Mariano
15225,João Carreiro & Capataz,15225,False,João Carreiro & Capataz
15226,Myllena,15226,False,Myllena
15227,Charlie Brown Jr e Forfun,15227,False,Charlie Brown Jr e Forfun
15228,The Best Of-6,15228,False,The Best Of-6
15229,Placebo (Feat. David Bowie),15229,False,Placebo (Feat. David Bowie)
15230,The Best Of-1,15230,False,The Best Of-1
15231,The Burning Hotels,15231,False,The Burning Hotels
15232,Elis Paprika,15232,False,Elis Paprika
15233,Switches,15233,False,Switches
15234,Dirty Karma,15234,False,Dirty Karma
15235,Harrisons,15235,False,Harrisons
15236,In-Grid,15236,False,In-Grid
15237,Joe Anderson,15237,False,Joe Anderson
15238,Melinda Doolittle,15238,False,Melinda Doolittle
15239,Electrobelle,15239,False,Electrobelle
15240,Sam Taylor-Wood,15240,False,Sam Taylor-Wood
15241,I Like It electric,15241,False,I Like It electric
15242,SALON BORIS,15242,False,SALON BORIS
15243,IN_VOX,15243,False,IN_VOX
15244,Daichi Miura,15244,False,Daichi Miura
15245,Porn Sword Tobacco,15245,False,Porn Sword Tobacco
15246,Diatonis,15246,False,Diatonis
15247,Manual,15247,False,Manual
15248,Gino Fioravanti,15248,False,Gino Fioravanti
15249,Sheena Easton,15249,False,Sheena Easton
15250,This Light,15250,False,This Light
15251,Hall of Dreams,15251,False,Hall of Dreams
15252,Everlasting Will,15252,False,Everlasting Will
15253,Destin Road,15253,False,Destin Road
15254,Inner Place,15254,False,Inner Place
15255,Yahel,15255,False,Yahel
15256,S.U.N. Project,15256,False,S.U.N. Project
15257,Slave to the System,15257,False,Slave to the System
15258,Cosmosis,15258,False,Cosmosis
15259,Lost Buddha,15259,False,Lost Buddha
15260,Luisa Mandou um Beijo,15260,False,Luisa Mandou um Beijo
15261,The Bloody Irish Boys,15261,False,The Bloody Irish Boys
15262,Brakes,15262,False,Brakes
15263,Chat,15263,False,Chat
15267,Joséphine Baker,15267,False,Joséphine Baker
15268,Fréhel,15268,False,Fréhel
15269,Perry Como,15269,False,Perry Como
15270,Thanos Petrelis,15270,False,Thanos Petrelis
15277,Boom Boom Satellites,15277,False,Boom Boom Satellites
15288,Polly Scattergood,15288,False,Polly Scattergood
15289,Dismantled,15289,False,Dismantled
15290,Hora,15290,False,Hora
15291,2gether,15291,False,2gether
15292,Philipp Poisel,15292,False,Philipp Poisel
15293,Alin Coen Band,15293,False,Alin Coen Band
15294,Evelyn Evelyn,15294,False,Evelyn Evelyn
15295,Miss Emily Brown,15295,False,Miss Emily Brown
15296,Jennifer Rostock,15296,False,Jennifer Rostock
15297,Florian Ostertag,15297,False,Florian Ostertag
15298,Grossstadtgeflüster,15298,False,Grossstadtgeflüster
15299,pornophonique,15299,False,pornophonique
15300,König der Löwen,15300,False,König der Löwen
15301,Bo Diddley,15301,False,Bo Diddley
15302,Sigh,15302,False,Sigh
15303,Place Vendome,15303,False,Place Vendome
15304,이박사,15304,False,이박사
15305,Subterranean Masquerade,15305,False,Subterranean Masquerade
15306,Moon Safari,15306,False,Moon Safari
15307,Bogdan Raczynski,15307,False,Bogdan Raczynski
15308,Jello,15308,False,Jello
15309,Ceephax,15309,False,Ceephax
15310,Funkstörung,15310,False,Funkstörung
15311,Phoenecia,15311,False,Phoenecia
15312,"Aphex Twin, Drukqs",15312,False,"Aphex Twin, Drukqs"
15313,"Daft Punk, Alive 2007 (live)",15313,False,"Daft Punk, Alive 2007 (live)"
15314,"Belleruche, Turntable Soul Music",15314,False,"Belleruche, Turntable Soul Music"
15315,Xela,15315,False,Xela
15316,Plaid & Bob Jaroc,15316,False,Plaid & Bob Jaroc
15317,Ceephax Acid Crew,15317,False,Ceephax Acid Crew
15318,Mira Calix,15318,False,Mira Calix
15319,Devilish,15319,False,Devilish
15320,Китай,15320,False,Китай
15321,Halifax,15321,False,Halifax
15322,Filipe Guerra,15322,False,Filipe Guerra
15323,Lady GaGa Feat. Akon & Kardin,15323,False,Lady GaGa Feat. Akon & Kardin
15324,House Boulevard,15324,False,House Boulevard
15325,玉置成実,15325,False,玉置成実
15327,Joey Ramone,15327,False,Joey Ramone
15328,Dakota Fanning,15328,False,Dakota Fanning
15329,A Smile from the Trenches,15329,False,A Smile from the Trenches
15330,Kany García,15330,False,Kany García
15331,Ekhymosis,15331,False,Ekhymosis
15332,Carlos Vives,15332,False,Carlos Vives
15333,Grupo Niche,15333,False,Grupo Niche
15334,Fonseca,15334,False,Fonseca
15335,Bacilos,15335,False,Bacilos
15336,Sukhwinder Singh,15336,False,Sukhwinder Singh
15337,Andrés Cepeda,15337,False,Andrés Cepeda
15338,Franz Joseph Haydn,15338,False,Franz Joseph Haydn
15339,A Dos Velas,15339,False,A Dos Velas
15340,Fruko y Sus Tesos,15340,False,Fruko y Sus Tesos
15341,Gilberto Santa Rosa,15341,False,Gilberto Santa Rosa
15342,Los de Adentro,15342,False,Los de Adentro
15343,Lluvia del Pop,15343,False,Lluvia del Pop
15344,JJ72,15344,False,JJ72
15345,Mother Mother,15345,False,Mother Mother
15346,Computerclub,15346,False,Computerclub
15347,Shannon Noll,15347,False,Shannon Noll
15348,Anna Bergendahl,15348,False,Anna Bergendahl
15349,Declan,15349,False,Declan
15350,Bryan Rice,15350,False,Bryan Rice
15351,Timoteij,15351,False,Timoteij
15352,Brinck,15352,False,Brinck
15353,Mĺns Zelmerlöv,15353,False,Mĺns Zelmerlöv
15354,State of Shock,15354,False,State of Shock
15355,Alex Goot,15355,False,Alex Goot
15356,Dyego Alves,15356,False,Dyego Alves
15357,Emir,15357,False,Emir
15361,Bobby Darin,15361,False,Bobby Darin
15362,Rachel's,15362,False,Rachel's
15365,The Softies,15365,False,The Softies
15366,Danielle Ate the Sandwich,15366,False,Danielle Ate the Sandwich
15367,Magnetik,15367,False,Magnetik
15368,Milla,15368,False,Milla
15369,Zuzana Smatanová,15369,False,Zuzana Smatanová
15370,Khoiba,15370,False,Khoiba
15371,Holly Brook,15371,False,Holly Brook
15372,DVA,15372,False,DVA
15373,Wren,15373,False,Wren
15374,Kazety,15374,False,Kazety
15375,Aneta Langerová,15375,False,Aneta Langerová
15378,The Faders,15378,False,The Faders
15379,Cake Bake Betty,15379,False,Cake Bake Betty
15380,Killaz Group,15380,False,Killaz Group
15381,Macca Squad,15381,False,Macca Squad
15382,Afro Kolektyw,15382,False,Afro Kolektyw
15383,K.A.S.T.A.,15383,False,K.A.S.T.A.
15384,Noxagt,15384,False,Noxagt
15385,Talbot Tagora,15385,False,Talbot Tagora
15386,Brainiac,15386,False,Brainiac
15387,Tall Dwarfs,15387,False,Tall Dwarfs
15388,Capitol K,15388,False,Capitol K
15389,John Martyn,15389,False,John Martyn
15390,The Impressions,15390,False,The Impressions
15391,Al Green,15391,False,Al Green
15392,Refrigerator,15392,False,Refrigerator
15393,Land of the Loops,15393,False,Land of the Loops
15394,Depth Charge,15394,False,Depth Charge
15395,Shoshana Bean,15395,False,Shoshana Bean
15396,Annalene Beechey,15396,False,Annalene Beechey
15397,New Broadway Cast,15397,False,New Broadway Cast
15398,Julie Atherton,15398,False,Julie Atherton
15399,Erik og Kriss,15399,False,Erik og Kriss
15400,Tim Prottey-Jones,15400,False,Tim Prottey-Jones
15401,"Dolly Parton, Loretta Lynn & Tammy Wynette",15401,False,"Dolly Parton, Loretta Lynn & Tammy Wynette"
15402,Kerry Ellis,15402,False,Kerry Ellis
15403,Anne Murray,15403,False,Anne Murray
15404,Wicked the Musical,15404,False,Wicked the Musical
15405,Stuart Matthew Price,15405,False,Stuart Matthew Price
15406,The Hives & Cyndi Lauper,15406,False,The Hives & Cyndi Lauper
15407,Avenue Q,15407,False,Avenue Q
15408,Rebecca Caine,15408,False,Rebecca Caine
15409,"Meryl Streep, Julie Walters, Christine Baranski",15409,False,"Meryl Streep, Julie Walters, Christine Baranski"
15410,Julia Murney,15410,False,Julia Murney
15411,Hair Original Broadway Cast,15411,False,Hair Original Broadway Cast
15412,Louise Dearman,15412,False,Louise Dearman
15413,Stuart Matthew Price and Louise Dearman,15413,False,Stuart Matthew Price and Louise Dearman
15414,Alex Swings Oscar Sings!,15414,False,Alex Swings Oscar Sings!
15415,Ані Лорак,15415,False,Ані Лорак
15416,Erik Grönwall,15416,False,Erik Grönwall
15417,"Alex Swings, Oscar Sings!",15417,False,"Alex Swings, Oscar Sings!"
15418,GReeeeN,15418,False,GReeeeN
15419,Martin Kember,15419,False,Martin Kember
15420,The Republic Tigers,15420,False,The Republic Tigers
15421,Eva Avila,15421,False,Eva Avila
15422,S Club 8,15422,False,S Club 8
15423,Vera Loca,15423,False,Vera Loca
15424,TNT,15424,False,TNT
15425,BOAT,15425,False,BOAT
15426,Pull Down,15426,False,Pull Down
15427,Jonezetta,15427,False,Jonezetta
15428,The Rocking Horse Winner,15428,False,The Rocking Horse Winner
15429,Bambix,15429,False,Bambix
15430,Lifestream,15430,False,Lifestream
15431,Secret Lives of the Freemasons,15431,False,Secret Lives of the Freemasons
15432,Noise Ratchet,15432,False,Noise Ratchet
15433,Tuia E Os Transmissores,15433,False,Tuia E Os Transmissores
15434,Comma,15434,False,Comma
15435,Echoplex,15435,False,Echoplex
15436,Rivets,15436,False,Rivets
15437,Pulsaris,15437,False,Pulsaris
15438,Chris Wollard & The Ship Thieves,15438,False,Chris Wollard & The Ship Thieves
15439,Vendetta Red,15439,False,Vendetta Red
15440,Nipshot,15440,False,Nipshot
15441,eau bouili et poison,15441,False,eau bouili et poison
15442,Thiago Milani,15442,False,Thiago Milani
15443,Skin,15443,False,Skin
15444,Tired Pony,15444,False,Tired Pony
15445,Eagle Scout,15445,False,Eagle Scout
15446,Middle Class Rut,15446,False,Middle Class Rut
15447,Blood Command,15447,False,Blood Command
15448,Attack! Attack!,15448,False,Attack! Attack!
15449,Colonia,15449,False,Colonia
15450,Andy Hunter°,15450,False,Andy Hunter°
15451,Ultrabeat,15451,False,Ultrabeat
15452,Filo & Peri,15452,False,Filo & Peri
15453,Stabilo,15453,False,Stabilo
15454,Thompson,15454,False,Thompson
15455,Zbigniew Hołdys,15455,False,Zbigniew Hołdys
15456,Raised By Swans,15456,False,Raised By Swans
15457,Various Artists,15457,False,Various Artists
15458,Wire Daisies,15458,False,Wire Daisies
15459,K.C. And The Sunshine,15459,False,K.C. And The Sunshine
15460,Darryl Worley,15460,False,Darryl Worley
15461,Brother Clyde,15461,False,Brother Clyde
15462,Miley Cyrus and John Travolta,15462,False,Miley Cyrus and John Travolta
15463,DEPAPEPE,15463,False,DEPAPEPE
15464,Edane,15464,False,Edane
15465,Karl Sanders,15465,False,Karl Sanders
15466,A Hero A Fake,15466,False,A Hero A Fake
15467,Inspirative,15467,False,Inspirative
15468,District 78,15468,False,District 78
15469,Dandi Wind,15469,False,Dandi Wind
15470,Nicole Scherzinger - Happily Never After ( Written By Ne-yo ) (2007) [www.RnB4U.dl.am],15470,False,Nicole Scherzinger - Happily Never After ( Written By Ne-yo ) (2007) [www.RnB4U.dl.am]
15471,Chris Brown - With You (Prod. by StarGate) (2007 Full) [www.RnB4U.dl.am],15471,False,Chris Brown - With You (Prod. by StarGate) (2007 Full) [www.RnB4U.dl.am]
15472,AC,15472,False,AC
15473,Flora Matos,15473,False,Flora Matos
15474,Nathy MC,15474,False,Nathy MC
15475,Bei Maejor,15475,False,Bei Maejor
15476,Paul & Linda McCartney,15476,False,Paul & Linda McCartney
15477,Oddział Zamknięty,15477,False,Oddział Zamknięty
15478,Obywatel G.C.,15478,False,Obywatel G.C.
15479,Skaldowie,15479,False,Skaldowie
15480,Cof DaMu,15480,False,Cof DaMu
15481,Don McLean,15481,False,Don McLean
15482,Los Lobos,15482,False,Los Lobos
15483,Mott the Hoople,15483,False,Mott the Hoople
15484,The Matrix Reloaded,15484,False,The Matrix Reloaded
15485,Seychelles,15485,False,Seychelles
15486,Mamma Cadela,15486,False,Mamma Cadela
15487,Gustavo Garde,15487,False,Gustavo Garde
15495,Jet Market,15495,False,Jet Market
15496,Much The Same,15496,False,Much The Same
15497,I Sea Monsters,15497,False,I Sea Monsters
15498,"Chunk! No, Captain Chunk!",15498,False,"Chunk! No, Captain Chunk!"
15499,Sudarshana,15499,False,Sudarshana
15500,F.I.B,15500,False,F.I.B
15501,Dikers,15501,False,Dikers
15502,Golliwog,15502,False,Golliwog
15503,Order!Order!,15503,False,Order!Order!
15504,Nodes of Ranvier,15504,False,Nodes of Ranvier
15505,Tom Sawyer,15505,False,Tom Sawyer
15506,Break the Silence,15506,False,Break the Silence
15507,Colchon,15507,False,Colchon
15508,Layaway Plan,15508,False,Layaway Plan
15509,Anchors For Arms,15509,False,Anchors For Arms
15510,Randy Orton,15510,False,Randy Orton
15511,Jared Leto,15511,False,Jared Leto
15512,Os + De Mil,15512,False,Os + De Mil
15513,Mephisto Walz,15513,False,Mephisto Walz
15514,Liikkuvat Lapset,15514,False,Liikkuvat Lapset
15515,Kuolleet Kukat,15515,False,Kuolleet Kukat
15516,Musta Paraati,15516,False,Musta Paraati
15517,Xmal Deutschland,15517,False,Xmal Deutschland
15518,Kuudes Tunti,15518,False,Kuudes Tunti
15519,Pyhäkoulu,15519,False,Pyhäkoulu
15520,Kaaos,15520,False,Kaaos
15521,Radio Scarlet,15521,False,Radio Scarlet
15522,Suruaika,15522,False,Suruaika
15523,Riistetyt,15523,False,Riistetyt
15524,Scary Bitches,15524,False,Scary Bitches
15525,Poslednie Tanki V Parizhe,15525,False,Poslednie Tanki V Parizhe
15527,The Guess Who,15527,False,The Guess Who
15529,Marya Roxx,15529,False,Marya Roxx
15530,L'ame Immotale,15530,False,L'ame Immotale
15531,Prophetic Dream,15531,False,Prophetic Dream
15532,E-Type,15532,False,E-Type
15533,La Bouche,15533,False,La Bouche
15534,Cold in May,15534,False,Cold in May
15535,Locnville,15535,False,Locnville
15536,Rudenko,15536,False,Rudenko
15537,Alex Beaupain,15537,False,Alex Beaupain
15538,Paulinho da Viola,15538,False,Paulinho da Viola
15544,Terence Trent D'Arby,15544,False,Terence Trent D'Arby
15548,The Spinto Band,15548,False,The Spinto Band
15551,Help She Can't Swim,15551,False,Help She Can't Swim
15556,Cristina Branco,15556,False,Cristina Branco
15562,Paris Combo,15562,False,Paris Combo
15564,Skrillex,15564,False,Skrillex
15565,It's Alive,15565,False,It's Alive
15566,Chester Bennington,15566,False,Chester Bennington
15567,The Brothers Martin,15567,False,The Brothers Martin
15568,The Pistolas,15568,False,The Pistolas
15569,Julien-K,15569,False,Julien-K
15570,Blue Stahli,15570,False,Blue Stahli
15571,Blasted Mechanism,15571,False,Blasted Mechanism
15572,Deluka,15572,False,Deluka
15573,King Black Acid,15573,False,King Black Acid
15574,Pony Pony Run Run,15574,False,Pony Pony Run Run
15575,Subkulture,15575,False,Subkulture
15576,peixe : avião,15576,False,peixe : avião
15577,David Fonseca,15577,False,David Fonseca
15578,Murdering Tripping Blues,15578,False,Murdering Tripping Blues
15579,Janusz Olejniczak,15579,False,Janusz Olejniczak
15580,The Pianist,15580,False,The Pianist
15581,Jimmy Pardo,15581,False,Jimmy Pardo
15582,Arthur Alexander,15582,False,Arthur Alexander
15583,The Bobby Fuller Four,15583,False,The Bobby Fuller Four
15584,Dexys Midnight Runners,15584,False,Dexys Midnight Runners
15585,Anita Carter,15585,False,Anita Carter
15586,Faces,15586,False,Faces
15587,The Tremeloes,15587,False,The Tremeloes
15588,Comedy Death-Ray Radio,15588,False,Comedy Death-Ray Radio
15589,Swamp Dogg,15589,False,Swamp Dogg
15590,Ellen Foley,15590,False,Ellen Foley
15591,Dennis Wilson,15591,False,Dennis Wilson
15592,Fungi Girls,15592,False,Fungi Girls
15593,Johnny Hollow,15593,False,Johnny Hollow
15594,Jean-Jacques Burnel,15594,False,Jean-Jacques Burnel
15595,Noise Unit,15595,False,Noise Unit
15596,Les Jumeaux,15596,False,Les Jumeaux
15597,Michael Brook,15597,False,Michael Brook
15598,Oppenheimer Analysis,15598,False,Oppenheimer Analysis
15599,Świetliki i Linda,15599,False,Świetliki i Linda
15600,Intermix,15600,False,Intermix
15601,Blue Zoo,15601,False,Blue Zoo
15602,The Actor,15602,False,The Actor
15603,Strange Boutique,15603,False,Strange Boutique
15604,Lars Falk,15604,False,Lars Falk
15605,Grzegorz Ciechowski,15605,False,Grzegorz Ciechowski
15606,Rosetta Stone,15606,False,Rosetta Stone
15607,UV Pop,15607,False,UV Pop
15608,Opéra de nuit,15608,False,Opéra de nuit
15609,Position Parallèle,15609,False,Position Parallèle
15610,Behind Crimson Eyes,15610,False,Behind Crimson Eyes
15611,Paul Kelly,15611,False,Paul Kelly
15612,Society's Parasites,15612,False,Society's Parasites
15613,12th Planet,15613,False,12th Planet
15614,Scatman John,15614,False,Scatman John
15615,Koolfox,15615,False,Koolfox
15616,Art of Fighters,15616,False,Art of Fighters
15617,Plushgun,15617,False,Plushgun
15618,Ronald Jenkees,15618,False,Ronald Jenkees
15619,YTCracker,15619,False,YTCracker
15620,Benny Benassi feat. Gary Go,15620,False,Benny Benassi feat. Gary Go
15621,Keef Baker,15621,False,Keef Baker
15622,Dryft,15622,False,Dryft
15623,Rent -Original Cast Recording,15623,False,Rent -Original Cast Recording
15624,FC/Kahuna,15624,False,FC/Kahuna
15625,Scandy,15625,False,Scandy
15626,Tarmvred,15626,False,Tarmvred
15627,Al B. Sure!,15627,False,Al B. Sure!
15628,Celluloïd Mata,15628,False,Celluloïd Mata
15629,Tonikom,15629,False,Tonikom
15630,The Uniform,15630,False,The Uniform
15631,Zentriert ins Antlitz,15631,False,Zentriert ins Antlitz
15632,sona eact®,15632,False,sona eact®
15633,Cdatakill,15633,False,Cdatakill
15634,Black Lung,15634,False,Black Lung
15635,Oil 10,15635,False,Oil 10
15636,S.I.N.A,15636,False,S.I.N.A
15637,The Teardrop Explodes,15637,False,The Teardrop Explodes
15638,Eyeless in Gaza,15638,False,Eyeless in Gaza
15639,Julian Cope,15639,False,Julian Cope
15640,meltmaster,15640,False,meltmaster
15641,Pere Ubu,15641,False,Pere Ubu
15642,The Red Krayola,15642,False,The Red Krayola
15643,This Heat,15643,False,This Heat
15644,amatria,15644,False,amatria
15645,Lori Meyers,15645,False,Lori Meyers
15646,The New Raemon,15646,False,The New Raemon
15647,El Columpio Asesino,15647,False,El Columpio Asesino
15648,Summer Camp,15648,False,Summer Camp
15649,Feldberg,15649,False,Feldberg
15650,Joe Crepúsculo,15650,False,Joe Crepúsculo
15651,"Loney, dear",15651,False,"Loney, dear"
15652,Planningtorock,15652,False,Planningtorock
15653,Bishop Morocco,15653,False,Bishop Morocco
15654,Crystal Fighters,15654,False,Crystal Fighters
15655,Wildbirds & Peacedrums,15655,False,Wildbirds & Peacedrums
15656,Dente,15656,False,Dente
15657,Kordan,15657,False,Kordan
15658,Hundreds,15658,False,Hundreds
15659,She Keeps Bees,15659,False,She Keeps Bees
15660,Bye Bye Bicycle,15660,False,Bye Bye Bicycle
15661,Du,15661,False,Du
15662,Facto delafé y las flores azules,15662,False,Facto delafé y las flores azules
15663,Claude François,15663,False,Claude François
15664,Umberto Tozzi,15664,False,Umberto Tozzi
15665,Biagio Antonacci,15665,False,Biagio Antonacci
15666,Lynn Johnson,15666,False,Lynn Johnson
15667,Experimental Model,15667,False,Experimental Model
15668,Ricchi e Poveri,15668,False,Ricchi e Poveri
15669,Gianni Morandi,15669,False,Gianni Morandi
15670,7and5,15670,False,7and5
15671,Baskyl,15671,False,Baskyl
15672,Anna Oxa,15672,False,Anna Oxa
15673,Mike Brant,15673,False,Mike Brant
15674,Michele Zarrillo,15674,False,Michele Zarrillo
15675,Modus,15675,False,Modus
15676,Edelis,15676,False,Edelis
15677,Raffaella Carrà,15677,False,Raffaella Carrà
15678,F.R. David,15678,False,F.R. David
15679,Cordovero,15679,False,Cordovero
15680,Renato Zero,15680,False,Renato Zero
15681,Nicoletta,15681,False,Nicoletta
15682,Savage,15682,False,Savage
15683,Frédéric François,15683,False,Frédéric François
15684,Little Tony,15684,False,Little Tony
15685,Gigi D'Alessio,15685,False,Gigi D'Alessio
15686,Gemelli Diversi,15686,False,Gemelli Diversi
15687,Merlinmoon,15687,False,Merlinmoon
15688,Bill Laswell,15688,False,Bill Laswell
15689,"Kleitman, Michael",15689,False,"Kleitman, Michael"
15690,Sasha,15690,False,Sasha
15691,Plácido Domingo,15691,False,Plácido Domingo
15692,Acoustic brasil,15692,False,Acoustic brasil
15693,Brazilution,15693,False,Brazilution
15694,LTJ Bukem,15694,False,LTJ Bukem
15695,ciëlo,15695,False,ciëlo
15696,Tino Coury,15696,False,Tino Coury
15697,Siavash Ghomayshi,15697,False,Siavash Ghomayshi
15698,Habib,15698,False,Habib
15699,Ebi,15699,False,Ebi
15700,Mal Etre,15700,False,Mal Etre
15701,Dariush,15701,False,Dariush
15702,Matin 2 Hanjareh,15702,False,Matin 2 Hanjareh
15703,Shahyar Ghanbari,15703,False,Shahyar Ghanbari
15704,Kaveh Yaghmaei,15704,False,Kaveh Yaghmaei
15705,Mohsen Chavoshi,15705,False,Mohsen Chavoshi
15706,Reza Yazdani,15706,False,Reza Yazdani
15707,DJ Dado,15707,False,DJ Dado
15708,Mohammad Reza Shajarian,15708,False,Mohammad Reza Shajarian
15709,Rom di Prisco,15709,False,Rom di Prisco
15710,Oliver Shanti & Friends,15710,False,Oliver Shanti & Friends
15711,Kira,15711,False,Kira
15712,Kira & The Kindred Spirits,15712,False,Kira & The Kindred Spirits
15713,Alex Canasta,15713,False,Alex Canasta
15714,Julie Maria,15714,False,Julie Maria
15715,Agnes Obel,15715,False,Agnes Obel
15716,Sinne Eeg,15716,False,Sinne Eeg
15717,When Saints Go Machine,15717,False,When Saints Go Machine
15718,Mads Langer & Mike Sheridan,15718,False,Mads Langer & Mike Sheridan
15719,Ib Glindemann Orchestra,15719,False,Ib Glindemann Orchestra
15720,Bo Kaspers Orkester,15720,False,Bo Kaspers Orkester
15721,DR P3,15721,False,DR P3
15722,Emiliana Torrini,15722,False,Emiliana Torrini
15723,Analogik,15723,False,Analogik
15724,Mads Langer,15724,False,Mads Langer
15725,"Lucia Popp, Siegfried Jerusalem, Etc.; Bernard Haitink: Bavarian Radio Symphony Orchestra & Chorus",15725,False,"Lucia Popp, Siegfried Jerusalem, Etc.; Bernard Haitink: Bavarian Radio Symphony Orchestra & Chorus"
15726,Nana Jacobi,15726,False,Nana Jacobi
15727,Boy of Girl,15727,False,Boy of Girl
15728,Mikael Simpson,15728,False,Mikael Simpson
15729,Nicola Conte,15729,False,Nicola Conte
15737,Mohombi,15737,False,Mohombi
15738,Dablio,15738,False,Dablio
15739,Sam Tsui & Kurt Schneider,15739,False,Sam Tsui & Kurt Schneider
15740,G.NA,15740,False,G.NA
15741,Matt Zarley,15741,False,Matt Zarley
15742,Nelstar*,15742,False,Nelstar*
15743,Miriam Makeba,15743,False,Miriam Makeba
15744,Lil Mama,15744,False,Lil Mama
15745,Inezita Barroso,15745,False,Inezita Barroso
15746,Eve feat. Sean Paul,15746,False,Eve feat. Sean Paul
15747,Stephen Gunzenhauser,15747,False,Stephen Gunzenhauser
15748,Michael Cardenas,15748,False,Michael Cardenas
15749,Son House,15749,False,Son House
15750,Secret Machines,15750,False,Secret Machines
15751,The Waterboys,15751,False,The Waterboys
15752,A Camp,15752,False,A Camp
15753,The Tumbled Sea,15753,False,The Tumbled Sea
15754,Nils Frahm,15754,False,Nils Frahm
15755,Constantina,15755,False,Constantina
15756,Asalto al Parque Zoológico,15756,False,Asalto al Parque Zoológico
15757,Matthew Robert Cooper,15757,False,Matthew Robert Cooper
15758,Marinho Castellar & Banda Disritmia,15758,False,Marinho Castellar & Banda Disritmia
15759,We vs. Death,15759,False,We vs. Death
15760,Sylvain Chauveau,15760,False,Sylvain Chauveau
15761,Because of Ghosts,15761,False,Because of Ghosts
15762,oy division,15762,False,oy division
15763,migwud',15763,False,migwud'
15764,Uzva,15764,False,Uzva
15765,Щурците,15765,False,Щурците
15766,НЛО,15766,False,НЛО
15767,BTR,15767,False,BTR
15768,aladdin,15768,False,aladdin
15769,Turbo,15769,False,Turbo
15770,Piotr Rogucki,15770,False,Piotr Rogucki
15771,The Boomtown Rats,15771,False,The Boomtown Rats
15772,Esther Phillips,15772,False,Esther Phillips
15773,Ann-Margret,15773,False,Ann-Margret
15774,Carmen McRae,15774,False,Carmen McRae
15775,Millie Jackson,15775,False,Millie Jackson
15776,Nancy Wilson,15776,False,Nancy Wilson
15777,Blossom Dearie,15777,False,Blossom Dearie
15778,Anthony Rother,15778,False,Anthony Rother
15779,History,15779,False,History
15780,Elektrochemie LK,15780,False,Elektrochemie LK
15781,DJ Rush,15781,False,DJ Rush
15782,DJ Koze,15782,False,DJ Koze
15783,Ada,15783,False,Ada
15784,Chris Liebing,15784,False,Chris Liebing
15785,Kid Alex,15785,False,Kid Alex
15786,Panash,15786,False,Panash
15787,Frank Martiniq,15787,False,Frank Martiniq
15788,Roman Flügel,15788,False,Roman Flügel
15789,Pankananda,15789,False,Pankananda
15790,Oliver Koletzki/Florian Meindl,15790,False,Oliver Koletzki/Florian Meindl
15791,Moonbootica,15791,False,Moonbootica
15792,Lützenkirchen,15792,False,Lützenkirchen
15793,Sven Väth,15793,False,Sven Väth
15794,Lexy & K. Paul,15794,False,Lexy & K. Paul
15795,Alter Ego,15795,False,Alter Ego
15796,Westbam and Afrika Islam,15796,False,Westbam and Afrika Islam
15797,Westbam,15797,False,Westbam
15798,Audion,15798,False,Audion
15799,Justus Köhncke,15799,False,Justus Köhncke
15800,Tiefschwarz,15800,False,Tiefschwarz
15801,Pier Bucci,15801,False,Pier Bucci
15802,Pan-Pot,15802,False,Pan-Pot
15803,Frankie Valli & The Four Seasons,15803,False,Frankie Valli & The Four Seasons
15804,Ryan Molloy,15804,False,Ryan Molloy
15805,The Dalton Academy Warblers,15805,False,The Dalton Academy Warblers
15806,Mike Rowland,15806,False,Mike Rowland
15807,Tim Curry,15807,False,Tim Curry
15808,Bob Gaudio,15808,False,Bob Gaudio
15809,上田雅美,15809,False,上田雅美
15810,The Franks,15810,False,The Franks
15811,近藤嶺,15811,False,近藤嶺
15812,Eddie Izzard,15812,False,Eddie Izzard
15813,mO Body,15813,False,mO Body
15814,Viikate,15814,False,Viikate
15815,Suburban Tribe,15815,False,Suburban Tribe
15816,Brian Hyland,15816,False,Brian Hyland
15817,Eric Burdon & The Animals,15817,False,Eric Burdon & The Animals
15819,Winter Gloves,15819,False,Winter Gloves
15821,Fat Segal,15821,False,Fat Segal
15822,Sam Bradley,15822,False,Sam Bradley
15823,Ana Paula Valadão,15823,False,Ana Paula Valadão
15824,Arthur Freed & Nacio Herb Br..,15824,False,Arthur Freed & Nacio Herb Br..
15825,Artie,15825,False,Artie
15826,Puck,15826,False,Puck
15827,Idina Menzel & Rachel,15827,False,Idina Menzel & Rachel
15828,"Puck, Finn, Sandy, Howard & Terry",15828,False,"Puck, Finn, Sandy, Howard & Terry"
15829,Rachel,15829,False,Rachel
15830,Brian Reitzell & Alex Heffes,15830,False,Brian Reitzell & Alex Heffes
15831,Automatic Flowers,15831,False,Automatic Flowers
15832,Ivan$Stani,15832,False,Ivan$Stani
15833,Графа,15833,False,Графа
15834,Тома Здравков,15834,False,Тома Здравков
15835,Маги Джанаварова,15835,False,Маги Джанаварова
15836,Вероника,15836,False,Вероника
15837,Link 80,15837,False,Link 80
15838,Lazy Bitches,15838,False,Lazy Bitches
15839,The Epoxies,15839,False,The Epoxies
15840,Magik Markers,15840,False,Magik Markers
15845,Regurgitate,15845,False,Regurgitate
15847,Harry Potter 3: The Prizoner of Azkaban Soundtrack,15847,False,Harry Potter 3: The Prizoner of Azkaban Soundtrack
15848,Buraka Som Sistema,15848,False,Buraka Som Sistema
15849,Dressy Bessy,15849,False,Dressy Bessy
15850,Emily Powers,15850,False,Emily Powers
15851,Tender Trap,15851,False,Tender Trap
15852,The Siddeleys,15852,False,The Siddeleys
15853,Tiger Trap,15853,False,Tiger Trap
15854,Saturday Looks Good to Me,15854,False,Saturday Looks Good to Me
15855,The Diskettes,15855,False,The Diskettes
15856,Bearsuit,15856,False,Bearsuit
15857,Boy Crazy,15857,False,Boy Crazy
15858,Cub,15858,False,Cub
15859,The Owls,15859,False,The Owls
15860,Marine Research,15860,False,Marine Research
15861,Emily Jane Powers,15861,False,Emily Jane Powers
15862,Henry's Dress,15862,False,Henry's Dress
15863,All Girl Summer Fun Band,15863,False,All Girl Summer Fun Band
15864,Go Sailor,15864,False,Go Sailor
15865,The Aislers Set,15865,False,The Aislers Set
15866,Velocity Girl,15866,False,Velocity Girl
15867,The Orchids,15867,False,The Orchids
15868,Language of Flowers,15868,False,Language of Flowers
15869,The Eames Era,15869,False,The Eames Era
15870,Black Tambourine,15870,False,Black Tambourine
15871,The Pastels,15871,False,The Pastels
15872,that dog.,15872,False,that dog.
15873,The Scotland Yard Gospel Choir,15873,False,The Scotland Yard Gospel Choir
15874,Korn (Unplugged),15874,False,Korn (Unplugged)
15875,Bethlehem,15875,False,Bethlehem
15876,The Pax Cecilia,15876,False,The Pax Cecilia
15877,Opus Däi,15877,False,Opus Däi
15878,Echolyn,15878,False,Echolyn
15879,O Bando do Velho Jack,15879,False,O Bando do Velho Jack
15880,Swayzak,15880,False,Swayzak
15881,Jenni Potts,15881,False,Jenni Potts
15882,Darin Schaffer,15882,False,Darin Schaffer
15883,Yasume,15883,False,Yasume
15884,Christopher Willits,15884,False,Christopher Willits
15885,Greyboy,15885,False,Greyboy
15886,Express Rising,15886,False,Express Rising
15887,Ancient Astronauts,15887,False,Ancient Astronauts
15888,Julien Neto,15888,False,Julien Neto
15889,Eef Barzelay,15889,False,Eef Barzelay
15890,Critters Buggin,15890,False,Critters Buggin
15891,GRAMATIK,15891,False,GRAMATIK
15892,Allison,15892,False,Allison
15893,Aurum,15893,False,Aurum
15894,UFF,15894,False,UFF
15895,Martin Rica,15895,False,Martin Rica
15896,Hello Seahorse!,15896,False,Hello Seahorse!
15897,Chetes,15897,False,Chetes
15898,Colchón,15898,False,Colchón
15899,División Minúscula,15899,False,División Minúscula
15900,Nikki Clan,15900,False,Nikki Clan
15901,Lyon Fi!,15901,False,Lyon Fi!
15902,Paulina Goto,15902,False,Paulina Goto
15903,Lu,15903,False,Lu
15904,We Smoke Fags,15904,False,We Smoke Fags
15905,Edurne,15905,False,Edurne
15906,Daniela Castillo,15906,False,Daniela Castillo
15907,Karen Paola,15907,False,Karen Paola
15908,Gilda,15908,False,Gilda
15909,Catalina Palacios,15909,False,Catalina Palacios
15910,Carolina Soto,15910,False,Carolina Soto
15911,Ximena Abarca,15911,False,Ximena Abarca
15912,Sin senos no hay paraíso,15912,False,Sin senos no hay paraíso
15913,Marcela Morelo,15913,False,Marcela Morelo
15914,Supernova,15914,False,Supernova
15915,Quarashi,15915,False,Quarashi
15916,Art Ensemble of Chicago,15916,False,Art Ensemble of Chicago
15917,The Dickies,15917,False,The Dickies
15918,Poison Idea,15918,False,Poison Idea
15919,D'Angelo,15919,False,D'Angelo
15920,Anita Baker,15920,False,Anita Baker
15921,Camp Lo,15921,False,Camp Lo
15922,Montell Jordan,15922,False,Montell Jordan
15923,Bizzy Bone,15923,False,Bizzy Bone
15924,Kurt Elling,15924,False,Kurt Elling
15925,Mamma Mia!: The Movie Soundtrack,15925,False,Mamma Mia!: The Movie Soundtrack
15926,High School Musical 3: Senior Year,15926,False,High School Musical 3: Senior Year
15927,Marcelo Adnet,15927,False,Marcelo Adnet
15928,ambient,15928,False,ambient
15929,Paramore攀,15929,False,Paramore攀
15930,Ricardo Gravações,15930,False,Ricardo Gravações
15931,Liz Lanne,15931,False,Liz Lanne
15932,Lauriete,15932,False,Lauriete
15933,La Familia,15933,False,La Familia
15934,Billy Fury,15934,False,Billy Fury
15935,Timpuri noi,15935,False,Timpuri noi
15936,My Mine,15936,False,My Mine
15937,Morris,15937,False,Morris
15938,Travka,15938,False,Travka
15939,Александр Панайотов,15939,False,Александр Панайотов
15940,VeritaSaga,15940,False,VeritaSaga
15941,БиС,15941,False,БиС
15942,Arsenium,15942,False,Arsenium
15943,Giulia,15943,False,Giulia
15944,Treitl Hammond,15944,False,Treitl Hammond
15945,Heart of space,15945,False,Heart of space
15946,Maximov Show,15946,False,Maximov Show
15947,Sertse,15947,False,Sertse
15948,Ранетки,15948,False,Ранетки
15949,The Redwalls,15949,False,The Redwalls
15950,Глюкоза,15950,False,Глюкоза
15951,Gato Idiota,15951,False,Gato Idiota
15952,Планка,15952,False,Планка
15953,Alice Springs,15953,False,Alice Springs
15954,Reflex,15954,False,Reflex
15955,Teddybears,15955,False,Teddybears
15956,Support Lesbiens,15956,False,Support Lesbiens
15957,Деньги-на-Ветер,15957,False,Деньги-на-Ветер
15958,Тутси,15958,False,Тутси
15959,Belén Arjona,15959,False,Belén Arjona
15960,Jalankulkuämpäri,15960,False,Jalankulkuämpäri
15961,Liquido,15961,False,Liquido
15962,Непара,15962,False,Непара
15963,Филипп Киркоров,15963,False,Филипп Киркоров
15964,Корни,15964,False,Корни
15965,Let It Flow,15965,False,Let It Flow
15966,Özgün Akay,15966,False,Özgün Akay
15967,Özlem Tekin,15967,False,Özlem Tekin
15968,Makine,15968,False,Makine
15969,Benjamin Ann,15969,False,Benjamin Ann
15970,İşteş Gezen Fiiller,15970,False,İşteş Gezen Fiiller
15971,Hope To Find,15971,False,Hope To Find
15972,Hypnogaja,15972,False,Hypnogaja
15973,Aylin Aslım,15973,False,Aylin Aslım
15974,My Endeavour,15974,False,My Endeavour
15975,Saving Abel,15975,False,Saving Abel
15976,Edgewater,15976,False,Edgewater
15977,Deepfield,15977,False,Deepfield
15978,Seven Wiser,15978,False,Seven Wiser
15979,Course of Nature,15979,False,Course of Nature
15980,Stereoside,15980,False,Stereoside
15981,Modern Day Zero,15981,False,Modern Day Zero
15982,Logan,15982,False,Logan
15983,Josefus,15983,False,Josefus
15984,Sorcery,15984,False,Sorcery
15985,Lucifer's Friend,15985,False,Lucifer's Friend
15986,Montrose,15986,False,Montrose
15987,Radio Birdman,15987,False,Radio Birdman
15988,Wicked Lady,15988,False,Wicked Lady
15989,Mountain,15989,False,Mountain
15990,Iron Claw,15990,False,Iron Claw
15991,Abecedarians,15991,False,Abecedarians
15992,Скрябін,15992,False,Скрябін
15993,Pagoda,15993,False,Pagoda
15994,The Grates,15994,False,The Grates
15995,IRA,15995,False,IRA
15996,Indios Bravos,15996,False,Indios Bravos
15997,3Moonboys,15997,False,3Moonboys
15998,Pogodno,15998,False,Pogodno
15999,Fisz Emade jako Tworzywo Sztuczne,15999,False,Fisz Emade jako Tworzywo Sztuczne
16000,Tworzywo Sztuczne,16000,False,Tworzywo Sztuczne
16001,6000000000 себя,16001,False,6000000000 себя
16002,Daphne Loves Derby,16002,False,Daphne Loves Derby
16003,Another Mask,16003,False,Another Mask
16004,-t de sangre,16004,False,-t de sangre
16005,Yourcodenameis:milo,16005,False,Yourcodenameis:milo
16006,KODLA,16006,False,KODLA
16007,Mari! Mari!,16007,False,Mari! Mari!
16008,Overland,16008,False,Overland
16009,Djs From Mars,16009,False,Djs From Mars
16010,MXD,16010,False,MXD
16011,Professional Murder Music,16011,False,Professional Murder Music
16012,Carfax Abbey,16012,False,Carfax Abbey
16013,Deadsy,16013,False,Deadsy
16014,My Sixth Shadow,16014,False,My Sixth Shadow
16015,Seigmen,16015,False,Seigmen
16016,Торба-на-Круче,16016,False,Торба-на-Круче
16017,ТонкаяКраснаяНить,16017,False,ТонкаяКраснаяНить
16018,New Dawn Foundation,16018,False,New Dawn Foundation
16019,Ljungblut,16019,False,Ljungblut
16020,Videodrone,16020,False,Videodrone
16021,Xternals,16021,False,Xternals
16022,Sakin,16022,False,Sakin
16023,PİNHANİ,16023,False,PİNHANİ
16024,Incesaz,16024,False,Incesaz
16025,Cem Adrian,16025,False,Cem Adrian
16026,White Willow,16026,False,White Willow
16027,Kreş,16027,False,Kreş
16028,Songs: Ohia,16028,False,Songs: Ohia
16029,Cinerama,16029,False,Cinerama
16030,Hüsnü Arkan,16030,False,Hüsnü Arkan
16034,西野カナ,16034,False,西野カナ
16039,Scambo,16039,False,Scambo
16040,Ismael Serrano,16040,False,Ismael Serrano
16041,O Círculo,16041,False,O Círculo
16042,Banda Dom,16042,False,Banda Dom
16043,Jonas Brotheres,16043,False,Jonas Brotheres
16044,ShababGamed(Wama4love),16044,False,ShababGamed(Wama4love)
16045,Steadman,16045,False,Steadman
16046,Cavaleiros do Zodíaco,16046,False,Cavaleiros do Zodíaco
16047,Paulo Miklos,16047,False,Paulo Miklos
16048,Santos,16048,False,Santos
16049,R.Sigma,16049,False,R.Sigma
16050,Brandon Boyd,16050,False,Brandon Boyd
16051,Autour de Lucie,16051,False,Autour de Lucie
16052,Venus Hum,16052,False,Venus Hum
16053,Matthew Dear,16053,False,Matthew Dear
16054,El Ten Eleven,16054,False,El Ten Eleven
16055,The Big Pink,16055,False,The Big Pink
16056,Dykehouse,16056,False,Dykehouse
16057,Outputmessage,16057,False,Outputmessage
16058,Koushik,16058,False,Koushik
16059,Astrobrite,16059,False,Astrobrite
16060,Osborne,16060,False,Osborne
16061,Lovers Electric,16061,False,Lovers Electric
16062,The Japanese Popstars,16062,False,The Japanese Popstars
16063,Alex Metric,16063,False,Alex Metric
16064,Stereos,16064,False,Stereos
16065,Jason Manns,16065,False,Jason Manns
16066,샤이니 (SHINee),16066,False,샤이니 (SHINee)
16067,Adam Gregory,16067,False,Adam Gregory
16068,Great Big Sea,16068,False,Great Big Sea
16069,Jennifer Lopez vs Britney Spea,16069,False,Jennifer Lopez vs Britney Spea
16070,themaddnesstrack,16070,False,themaddnesstrack
16071,Grupo Rouge !!!,16071,False,Grupo Rouge !!!
16072,Junior Ferrari,16072,False,Junior Ferrari
16073,Daniel Rolim,16073,False,Daniel Rolim
16074,Binary Star,16074,False,Binary Star
16075,DJ Vandan,16075,False,DJ Vandan
16076,Michael W. Smith,16076,False,Michael W. Smith
16077,Olu,16077,False,Olu
16078,Big Z Remixes,16078,False,Big Z Remixes
16079,Freeway & Jake One,16079,False,Freeway & Jake One
16080,David Dallas,16080,False,David Dallas
16081,NickT Records,16081,False,NickT Records
16082,Questionmark Asylum,16082,False,Questionmark Asylum
16083,Gorilla Zoe,16083,False,Gorilla Zoe
16084,Sexion d'Assaut,16084,False,Sexion d'Assaut
16085,StartYourOwnRebellion,16085,False,StartYourOwnRebellion
16086,Miguel,16086,False,Miguel
16087,One Be Lo ft. J-Spliff,16087,False,One Be Lo ft. J-Spliff
16088,C2C,16088,False,C2C
16089,Blakroc,16089,False,Blakroc
16090,The Demanders,16090,False,The Demanders
16091,Marie & Nick,16091,False,Marie & Nick
16092,真理絵,16092,False,真理絵
16093,Nick & Marie,16093,False,Nick & Marie
16094,Dixie Dregs,16094,False,Dixie Dregs
16095,Pride & Glory,16095,False,Pride & Glory
16096,Eric Johnson,16096,False,Eric Johnson
16097,Aswad,16097,False,Aswad
16098,Culture,16098,False,Culture
16099,Linton Kwesi Johnson,16099,False,Linton Kwesi Johnson
16100,Mikey Dread,16100,False,Mikey Dread
16101,The Heptones,16101,False,The Heptones
16102,Wailing Souls,16102,False,Wailing Souls
16103,Alpha Blondy,16103,False,Alpha Blondy
16104,Big Youth,16104,False,Big Youth
16105,Wyclef Jean,16105,False,Wyclef Jean
16106,Dubmatix,16106,False,Dubmatix
16107,Freddie McGregor,16107,False,Freddie McGregor
16108,Third World,16108,False,Third World
16111,$lick,16111,False,$lick
16112,Six-Fo feat. $lick,16112,False,Six-Fo feat. $lick
16113,Eminem ft. Xzibit & Nate Dogg,16113,False,Eminem ft. Xzibit & Nate Dogg
16114,S. Ice feat. $lick,16114,False,S. Ice feat. $lick
16115,"Eminem ft. Nate Dogg, Dr. Dre",16115,False,"Eminem ft. Nate Dogg, Dr. Dre"
16116,Doniu & 52 Dębiec,16116,False,Doniu & 52 Dębiec
16117,Eminem Ft. Trick Trick,16117,False,Eminem Ft. Trick Trick
16118,50 Cent Ft. Justin Ft. Timbaland,16118,False,50 Cent Ft. Justin Ft. Timbaland
16119,$lick feat. Six-Fo,16119,False,$lick feat. Six-Fo
16120,"BOB, Hayley Williams and Eminem",16120,False,"BOB, Hayley Williams and Eminem"
16121,Katherine,16121,False,Katherine
16122,Le Trio Joubran,16122,False,Le Trio Joubran
16123,Jan Garbarek Group,16123,False,Jan Garbarek Group
16124,Peace Orchestra,16124,False,Peace Orchestra
16125,Arthur H,16125,False,Arthur H
16126,"Joe Cohn, Peter Beets, J.J. Wiggins, Peter Washington, Joost van Schaik & Willie Jones III",16126,False,"Joe Cohn, Peter Beets, J.J. Wiggins, Peter Washington, Joost van Schaik & Willie Jones III"
16127,Nils Petter Molvær,16127,False,Nils Petter Molvær
16128,J..S. Bach,16128,False,J..S. Bach
16129,Antonio Sánchez,16129,False,Antonio Sánchez
16130,Sylvain Beuf,16130,False,Sylvain Beuf
16131,Leonard Bernstein & New York Philharmonic,16131,False,Leonard Bernstein & New York Philharmonic
16132,Gary Burton,16132,False,Gary Burton
16133,Rudresh Mahanthappa,16133,False,Rudresh Mahanthappa
16134,Atom and His Package,16134,False,Atom and His Package
16135,Mock Orange,16135,False,Mock Orange
16136,Jason Anderson,16136,False,Jason Anderson
16137,Joe Rogan,16137,False,Joe Rogan
16138,Ken Hensley,16138,False,Ken Hensley
16139,Chris Norman,16139,False,Chris Norman
16140,Sully Erna,16140,False,Sully Erna
16141,Bros,16141,False,Bros
16142,Love Bites,16142,False,Love Bites
16143,Girl Thing,16143,False,Girl Thing
16144,Bellefire,16144,False,Bellefire
16145,Kym Marsh,16145,False,Kym Marsh
16146,Frank,16146,False,Frank
16147,Maarja,16147,False,Maarja
16148,Candice Alley,16148,False,Candice Alley
16149,Triinu Kivilaan,16149,False,Triinu Kivilaan
16150,B3,16150,False,B3
16151,Phixx,16151,False,Phixx
16152,Precious,16152,False,Precious
16153,Jonathan Boulet,16153,False,Jonathan Boulet
16154,Holger,16154,False,Holger
16155,Casuarina,16155,False,Casuarina
16156,Dragon Ash,16156,False,Dragon Ash
16157,Nic Endo,16157,False,Nic Endo
16158,Rhymester,16158,False,Rhymester
16159,Tha Blue Herb,16159,False,Tha Blue Herb
16160,Tigarah,16160,False,Tigarah
16161,MC 몽,16161,False,MC 몽
16162,KICK THE CAN CREW,16162,False,KICK THE CAN CREW
16163,Mr.Children,16163,False,Mr.Children
16164,TERIYAKI BOYZ,16164,False,TERIYAKI BOYZ
16165,송지은,16165,False,송지은
16166,가인,16166,False,가인
16167,ケツメイシ,16167,False,ケツメイシ
16168,YOU THE ROCK★,16168,False,YOU THE ROCK★
16169,stellastarr*,16169,False,stellastarr*
16170,Sandro,16170,False,Sandro
16171,Javier Malosetti,16171,False,Javier Malosetti
16172,Vox Dei,16172,False,Vox Dei
16173,Manal,16173,False,Manal
16174,Sandro y los de Fuego,16174,False,Sandro y los de Fuego
16175,Pappo,16175,False,Pappo
16176,Timur Izhbulatov,16176,False,Timur Izhbulatov
16177,Mongo Santamaria,16177,False,Mongo Santamaria
16178,Mike Keneally,16178,False,Mike Keneally
16179,Tran Qual,16179,False,Tran Qual
16180,Sandro de América,16180,False,Sandro de América
16181,Passenger of Shit,16181,False,Passenger of Shit
16182,Мутант Ъхвлам,16182,False,Мутант Ъхвлам
16183,Трагедия Всей Жизни,16183,False,Трагедия Всей Жизни
16184,Babangida,16184,False,Babangida
16185,Барбитурный,16185,False,Барбитурный
16186,Егор Летов,16186,False,Егор Летов
16187,Meanna,16187,False,Meanna
16188,Ленина Пакет,16188,False,Ленина Пакет
16189,The Priests,16189,False,The Priests
16190,Heroin,16190,False,Heroin
16191,8u,16191,False,8u
16192,Munen Musin,16192,False,Munen Musin
16193,Speedcore Front Ost Berlin,16193,False,Speedcore Front Ost Berlin
16194,Сладкоежка,16194,False,Сладкоежка
16195,Technique,16195,False,Technique
16196,Розовые Очки От Ferre,16196,False,Розовые Очки От Ferre
16197,David Lynch,16197,False,David Lynch
16198,Nortt,16198,False,Nortt
16199,Бухенвальд Флава,16199,False,Бухенвальд Флава
16200,Mental D-struction,16200,False,Mental D-struction
16201,burbiturnый,16201,False,burbiturnый
16202,Judas Iscariot,16202,False,Judas Iscariot
16203,micromatics,16203,False,micromatics
16204,Hirosima Girl,16204,False,Hirosima Girl
16205,Полумягкие,16205,False,Полумягкие
16206,Abney Park,16206,False,Abney Park
16207,Monster Bobby,16207,False,Monster Bobby
16208,Billy Bragg and The Blokes,16208,False,Billy Bragg and The Blokes
16209,Matt McIntosh,16209,False,Matt McIntosh
16210,"Pips, Chips & Videoclips",16210,False,"Pips, Chips & Videoclips"
16215,Arts the Beatdoctor,16215,False,Arts the Beatdoctor
16217,Dave Matthews,16217,False,Dave Matthews
16229,Last & Galle,16229,False,Last & Galle
16230,林原めぐみ,16230,False,林原めぐみ
16231,Hiroyuki Iwatsuki,16231,False,Hiroyuki Iwatsuki
16232,Jabberloop,16232,False,Jabberloop
16233,Kopflast,16233,False,Kopflast
16234,Alboth!,16234,False,Alboth!
16235,WHOURKR,16235,False,WHOURKR
16236,にせんねんもんだい,16236,False,にせんねんもんだい
16237,Satoko Fujii & Tatsuya Yoshida,16237,False,Satoko Fujii & Tatsuya Yoshida
16238,Kazumi Totaka,16238,False,Kazumi Totaka
16239,NOISM,16239,False,NOISM
16240,クラムボン,16240,False,クラムボン
16241,The Railway Raver,16241,False,The Railway Raver
16242,佐宗綾子,16242,False,佐宗綾子
16243,Ast & Kralle,16243,False,Ast & Kralle
16244,杏里,16244,False,杏里
16245,Kurushi Final,16245,False,Kurushi Final
16246,Eisenvater,16246,False,Eisenvater
16247,Orthrelm,16247,False,Orthrelm
16248,細江慎治,16248,False,細江慎治
16249,PE'Z,16249,False,PE'Z
16250,2up,16250,False,2up
16251,COLTEMONIKHA,16251,False,COLTEMONIKHA
16252,Made In Mexico,16252,False,Made In Mexico
16253,Gale Racer,16253,False,Gale Racer
16254,Grand Ulena,16254,False,Grand Ulena
16255,Ex Models,16255,False,Ex Models
16256,der Gast in der Falle,16256,False,der Gast in der Falle
16257,Battleship,16257,False,Battleship
16258,Optical-8 + Melt-Banana - Elliot Sharp + Zeena Parkins,16258,False,Optical-8 + Melt-Banana - Elliot Sharp + Zeena Parkins
16259,Bleach 03,16259,False,Bleach 03
16260,Slapshot,16260,False,Slapshot
16261,Billy Blue,16261,False,Billy Blue
16262,Whirl,16262,False,Whirl
16263,Northern Picture Library,16263,False,Northern Picture Library
16264,The Charlottes,16264,False,The Charlottes
16265,Donnybrook,16265,False,Donnybrook
16266,Swirlies,16266,False,Swirlies
16267,Moscow Olympics,16267,False,Moscow Olympics
16268,Weed Hounds,16268,False,Weed Hounds
16269,Korla Pandit,16269,False,Korla Pandit
16270,Medicine,16270,False,Medicine
16271,Deadline,16271,False,Deadline
16272,Outbreak,16272,False,Outbreak
16273,Dance Floor Justice,16273,False,Dance Floor Justice
16274,Restless,16274,False,Restless
16275,ブラック・キャッツ,16275,False,ブラック・キャッツ
16276,Billy Briggs,16276,False,Billy Briggs
16277,Jets,16277,False,Jets
16278,Tex Williams,16278,False,Tex Williams
16279,Polecats,16279,False,Polecats
16280,Hank Thompson,16280,False,Hank Thompson
16281,Frenzy,16281,False,Frenzy
16282,Curtis Gordon,16282,False,Curtis Gordon
16283,The Carlisles,16283,False,The Carlisles
16284,Boyd Bennett,16284,False,Boyd Bennett
16285,Spade Cooley,16285,False,Spade Cooley
16286,Levi Dexter,16286,False,Levi Dexter
16287,Rockabilly Rebs,16287,False,Rockabilly Rebs
16288,ブルー・エンジェル,16288,False,ブルー・エンジェル
16289,Bob Wills & His Texas Playboys,16289,False,Bob Wills & His Texas Playboys
16290,Hank Penny,16290,False,Hank Penny
16291,Shillelagh Sisters,16291,False,Shillelagh Sisters
16292,Red Hot 'N' Blue,16292,False,Red Hot 'N' Blue
16293,The Lucky Stars,16293,False,The Lucky Stars
16294,Big Sandy & His Fly-Rite Boys,16294,False,Big Sandy & His Fly-Rite Boys
16295,Levi Dexter & The Ripchords,16295,False,Levi Dexter & The Ripchords
16296,Mac Curtis,16296,False,Mac Curtis
16297,The Stargazers,16297,False,The Stargazers
16298,The Neanderthals,16298,False,The Neanderthals
16299,Bill Mack,16299,False,Bill Mack
16300,The Caravelles,16300,False,The Caravelles
16301,Moon Mullican,16301,False,Moon Mullican
16302,Skeets McDonald,16302,False,Skeets McDonald
16303,The Five Keys,16303,False,The Five Keys
16304,Babs Gonzales,16304,False,Babs Gonzales
16305,Billy Wallace,16305,False,Billy Wallace
16306,Levi & The Rockats,16306,False,Levi & The Rockats
16307,Hardrock Gunter,16307,False,Hardrock Gunter
16308,Happy Drivers,16308,False,Happy Drivers
16309,Wildfire Willie & The Ramblers,16309,False,Wildfire Willie & The Ramblers
16310,Merrill Moore,16310,False,Merrill Moore
16311,Jimmy Lee & Wayne Walker,16311,False,Jimmy Lee & Wayne Walker
16312,Erskine Hawkins,16312,False,Erskine Hawkins
16313,Nâdiya,16313,False,Nâdiya
16314,Irene Grandi,16314,False,Irene Grandi
16315,Noemi,16315,False,Noemi
16316,Loredana Errore,16316,False,Loredana Errore
16317,Jean-Philippe Rameau,16317,False,Jean-Philippe Rameau
16318,Pietro Antonio Locatelli,16318,False,Pietro Antonio Locatelli
16319,Heinrich Ignaz Franz von Biber,16319,False,Heinrich Ignaz Franz von Biber
16320,Francesco Geminiani,16320,False,Francesco Geminiani
16321,Marc-Antoine Charpentier,16321,False,Marc-Antoine Charpentier
16322,Alessandro Scarlatti,16322,False,Alessandro Scarlatti
16323,Luigi Boccherini,16323,False,Luigi Boccherini
16324,Lemongrass,16324,False,Lemongrass
16325,François Couperin,16325,False,François Couperin
16326,Dietrich Buxtehude,16326,False,Dietrich Buxtehude
16327,Marin Marais,16327,False,Marin Marais
16328,Tomaso Giovanni Albinoni,16328,False,Tomaso Giovanni Albinoni
16329,Giuseppe Tartini,16329,False,Giuseppe Tartini
16330,Giovanni Battista Pergolesi,16330,False,Giovanni Battista Pergolesi
16331,Giuseppe Torelli,16331,False,Giuseppe Torelli
16332,John Dowland,16332,False,John Dowland
16333,Felix Mendelssohn,16333,False,Felix Mendelssohn
16334,Robert Schumann,16334,False,Robert Schumann
16335,Johann Friedrich Fasch,16335,False,Johann Friedrich Fasch
16336,Audio Lotion,16336,False,Audio Lotion
16337,Arthur Verocai,16337,False,Arthur Verocai
16338,Metropolitan Jazz Affair,16338,False,Metropolitan Jazz Affair
16339,Urbs & Cutex,16339,False,Urbs & Cutex
16340,The Boo Radleys,16340,False,The Boo Radleys
16341,D-Pulse,16341,False,D-Pulse
16342,John Roberts,16342,False,John Roberts
16343,Blackjoy,16343,False,Blackjoy
16344,Dsh! Dsh!,16344,False,Dsh! Dsh!
16345,The Tunics,16345,False,The Tunics
16346,Серёга Шнуров,16346,False,Серёга Шнуров
16347,Celia,16347,False,Celia
16348,Arawak,16348,False,Arawak
16349,7he Myriads,16349,False,7he Myriads
16350,Hess Is More,16350,False,Hess Is More
16351,Josh Pyke,16351,False,Josh Pyke
16352,Kisschasy,16352,False,Kisschasy
16353,Dukes Of Windsor,16353,False,Dukes Of Windsor
16354,Broken Fabiola,16354,False,Broken Fabiola
16355,Achillea,16355,False,Achillea
16356,Let's Wrestle,16356,False,Let's Wrestle
16357,Tubelord,16357,False,Tubelord
16358,Japandroids,16358,False,Japandroids
16359,DARTZ!,16359,False,DARTZ!
16360,Encyclopedia,16360,False,Encyclopedia
16361,Artymove,16361,False,Artymove
16362,girugämesh,16362,False,girugämesh
16363,Marina and the Diamonds,16363,False,Marina and the Diamonds
16364,Out of Ether,16364,False,Out of Ether
16365,Oxynucid,16365,False,Oxynucid
16366,First Aid Kit,16366,False,First Aid Kit
16367,Mrs Jynx,16367,False,Mrs Jynx
16368,Moth Conk Midi,16368,False,Moth Conk Midi
16369,Products of Monkey Love,16369,False,Products of Monkey Love
16370,Vocalizer,16370,False,Vocalizer
16371,Acidburp,16371,False,Acidburp
16372,Vertical67,16372,False,Vertical67
16373,Leftfield,16373,False,Leftfield
16374,Aim,16374,False,Aim
16375,BBC 6 Music,16375,False,BBC 6 Music
16376,Volitune,16376,False,Volitune
16377,Mark Swift,16377,False,Mark Swift
16378,Dozer,16378,False,Dozer
16379,Smoke Blow,16379,False,Smoke Blow
16380,Beyond The Embrace,16380,False,Beyond The Embrace
16381,Desi Slava,16381,False,Desi Slava
16382,Андреа,16382,False,Андреа
16383,David Deejay feat. Dony,16383,False,David Deejay feat. Dony
16384,Andrea,16384,False,Andrea
16385,Teddy Thompson,16385,False,Teddy Thompson
16386,Dianna Agron,16386,False,Dianna Agron
16387,Rosario Dawson,16387,False,Rosario Dawson
16388,Yppah,16388,False,Yppah
16389,Esoterica,16389,False,Esoterica
16390,ASHES dIVIDE,16390,False,ASHES dIVIDE
16391,Punk TV,16391,False,Punk TV
16392,Goatika Creative Lab,16392,False,Goatika Creative Lab
16393,Microfilm,16393,False,Microfilm
16394,Нет Сна,16394,False,Нет Сна
16404,Kamp!,16404,False,Kamp!
16405,Novika,16405,False,Novika
16406,Hatifnats,16406,False,Hatifnats
16407,Terry Poison,16407,False,Terry Poison
16408,Basstek,16408,False,Basstek
16409,Haley Reinhart,16409,False,Haley Reinhart
16410,Katie Waissel,16410,False,Katie Waissel
16411,We Are the In Crowd,16411,False,We Are the In Crowd
16412,Ross and the Wrongens,16412,False,Ross and the Wrongens
16413,M. Craft,16413,False,M. Craft
16414,The Color Morale,16414,False,The Color Morale
16415,Hundredth,16415,False,Hundredth
16416,Malcolm Middleton,16416,False,Malcolm Middleton
16417,"Riley, Terry (1935-)",16417,False,"Riley, Terry (1935-)"
16418,The Trucks,16418,False,The Trucks
16419,Prosser,16419,False,Prosser
16420,"Stravinsky, Igor (1882-1971)",16420,False,"Stravinsky, Igor (1882-1971)"
16421,Tape,16421,False,Tape
16422,Serenity,16422,False,Serenity
16423,The Murder Of My Sweet,16423,False,The Murder Of My Sweet
16424,Winter In Eden,16424,False,Winter In Eden
16425,AghonyA,16425,False,AghonyA
16426,Elysion,16426,False,Elysion
16427,Visions of Atlantis,16427,False,Visions of Atlantis
16428,A.D.D.,16428,False,A.D.D.
16429,Hydrogyn,16429,False,Hydrogyn
16430,Satyrian,16430,False,Satyrian
16431,Atargatis,16431,False,Atargatis
16432,Wednesday Night Heroes,16432,False,Wednesday Night Heroes
16435,Groovie Ghoulies,16435,False,Groovie Ghoulies
16437,Les Discrets,16437,False,Les Discrets
16438,Catharsis,16438,False,Catharsis
16439,Wrath of the Weak,16439,False,Wrath of the Weak
16440,Líam,16440,False,Líam
16441,Heurt,16441,False,Heurt
16442,大谷幸,16442,False,大谷幸
16443,仲野順也,16443,False,仲野順也
16444,Sawa,16444,False,Sawa
16445,Jeff Martin,16445,False,Jeff Martin
16446,The Armada,16446,False,The Armada
16447,Paatos,16447,False,Paatos
16448,Ahmed Arif,16448,False,Ahmed Arif
16449,Nicole Atkins,16449,False,Nicole Atkins
16450,Dymaxion,16450,False,Dymaxion
16451,Toby Twining,16451,False,Toby Twining
16452,Delia Derbyshire,16452,False,Delia Derbyshire
16453,Ruins,16453,False,Ruins
16454,Silver Apples,16454,False,Silver Apples
16455,Hala Strana,16455,False,Hala Strana
16456,Bisk,16456,False,Bisk
16457,Ścianka,16457,False,Ścianka
16458,Spaceways,16458,False,Spaceways
16459,Prurient,16459,False,Prurient
16460,Akira Rabelais,16460,False,Akira Rabelais
16461,King Uszniewicz and His Uszniewicztones,16461,False,King Uszniewicz and His Uszniewicztones
16462,Ildjarn,16462,False,Ildjarn
16463,Tickley Feather,16463,False,Tickley Feather
16464,V/Vm,16464,False,V/Vm
16465,Vordr,16465,False,Vordr
16466,Liquid Liquid,16466,False,Liquid Liquid
16467,Satanicpornocultshop,16467,False,Satanicpornocultshop
16468,Clutchy Hopkins,16468,False,Clutchy Hopkins
16469,Dwarr,16469,False,Dwarr
16486,Son Kite,16486,False,Son Kite
16490,Fresh Dumbledore,16490,False,Fresh Dumbledore
16491,Robin Skouteris,16491,False,Robin Skouteris
16492,Brittany Murphy & Paul Oakenfold,16492,False,Brittany Murphy & Paul Oakenfold
16493,HEARTSREVOLUTION,16493,False,HEARTSREVOLUTION
16494,Frauenarzt & Manny Marc,16494,False,Frauenarzt & Manny Marc
16495,Amanda Blank,16495,False,Amanda Blank
16496,Die schwarzen untoten blutgetränkten Waschlappen,16496,False,Die schwarzen untoten blutgetränkten Waschlappen
16497,pinkroom,16497,False,pinkroom
16498,Lil Jon & The East Side Boyz,16498,False,Lil Jon & The East Side Boyz
16499,X-Ecutioners,16499,False,X-Ecutioners
16500,Terror Squad,16500,False,Terror Squad
16501,Fat Joe,16501,False,Fat Joe
16502,Age of Nemesis,16502,False,Age of Nemesis
16503,Novastar,16503,False,Novastar
16504,Sabrina Malheiros,16504,False,Sabrina Malheiros
16505,Al Jarreau,16505,False,Al Jarreau
16506,Patrice Rushen,16506,False,Patrice Rushen
16507,3D,16507,False,3D
16508,The Dizz,16508,False,The Dizz
16509,Alex Bugnon,16509,False,Alex Bugnon
16510,Peter Brown,16510,False,Peter Brown
16511,The Diane Rehm Show,16511,False,The Diane Rehm Show
16512,Guy,16512,False,Guy
16513,Tavis Smiley on PBS,16513,False,Tavis Smiley on PBS
16514,Michael Cooper,16514,False,Michael Cooper
16515,Michael Franks,16515,False,Michael Franks
16516,Eric Benét,16516,False,Eric Benét
16517,Angela Bofill,16517,False,Angela Bofill
16518,Maze Featuring Frankie Beverly,16518,False,Maze Featuring Frankie Beverly
16519,Art Porter,16519,False,Art Porter
16520,Sergio Mendes and Brasil '65,16520,False,Sergio Mendes and Brasil '65
16521,Phyllis Hyman,16521,False,Phyllis Hyman
16522,ABC News,16522,False,ABC News
16523,Montefiori Cocktail,16523,False,Montefiori Cocktail
16524,Kate Hudson,16524,False,Kate Hudson
16525,Flux Pavilion,16525,False,Flux Pavilion
16527,Rusko,16527,False,Rusko
16529,Le Loup,16529,False,Le Loup
16530,Rafter,16530,False,Rafter
16531,The Crayon Fields,16531,False,The Crayon Fields
16532,Witchcraft,16532,False,Witchcraft
16533,Emily Neveu,16533,False,Emily Neveu
16534,Rashni,16534,False,Rashni
16535,Ivena,16535,False,Ivena
16559,Ro Danishei,16559,False,Ro Danishei
16560,vidalles,16560,False,vidalles
16561,Johnny Weir,16561,False,Johnny Weir
16562,Dropping a Popped Locket,16562,False,Dropping a Popped Locket
16563,Death love,16563,False,Death love
16564,Gabi,16564,False,Gabi
16565,Katy Rose,16565,False,Katy Rose
16566,skins,16566,False,skins
16567,Son of Dork,16567,False,Son of Dork
16568,The Parlotones,16568,False,The Parlotones
16569,Aka Carl & The Technicians,16569,False,Aka Carl & The Technicians
16570,Killah Priest,16570,False,Killah Priest
16571,Bladerunner,16571,False,Bladerunner
16572,Modified Motion & Faction,16572,False,Modified Motion & Faction
16573,Too Strong,16573,False,Too Strong
16574,John B,16574,False,John B
16575,U-God,16575,False,U-God
16576,Triad,16576,False,Triad
16577,I-Low,16577,False,I-Low
16578,Sigma,16578,False,Sigma
16579,Psycatron,16579,False,Psycatron
16580,Culture Shock,16580,False,Culture Shock
16581,Dean Newton & Huggy,16581,False,Dean Newton & Huggy
16582,Separate,16582,False,Separate
16583,Forbidden Society & Current Value,16583,False,Forbidden Society & Current Value
16584,S.I.N.,16584,False,S.I.N.
16585,Blink 182,16585,False,Blink 182
16586,Moist,16586,False,Moist
16587,Oliver Pigott,16587,False,Oliver Pigott
16588,Dan Priestner,16588,False,Dan Priestner
16589,Killer Instinct,16589,False,Killer Instinct
16590,Daniel James McIsaac,16590,False,Daniel James McIsaac
16591,I Hate Kate,16591,False,I Hate Kate
16592,Abraham-Hicks,16592,False,Abraham-Hicks
16593,Gitane DeMone,16593,False,Gitane DeMone
16594,Francine Jarry & Abraham-Hicks,16594,False,Francine Jarry & Abraham-Hicks
16595,Animosity,16595,False,Animosity
16596,Blixa Bargeld,16596,False,Blixa Bargeld
16597,Abandoned Shelter,16597,False,Abandoned Shelter
16598,Ostava,16598,False,Ostava
16599,Electroheart,16599,False,Electroheart
16600,Freiheit,16600,False,Freiheit
16601,Polygon Life,16601,False,Polygon Life
16602,Electrosquad,16602,False,Electrosquad
16603,Miika Kosola,16603,False,Miika Kosola
16604,Empty Room,16604,False,Empty Room
16605,New Mixed Emotions,16605,False,New Mixed Emotions
16606,Lívia Moura,16606,False,Lívia Moura
16607,Young The Giant,16607,False,Young The Giant
16608,Illusion of Light,16608,False,Illusion of Light
16609,Patrick Doval,16609,False,Patrick Doval
16610,ironfield,16610,False,ironfield
16611,Nadia Sohaei,16611,False,Nadia Sohaei
16612,shirane,16612,False,shirane
16613,Disco Digitale,16613,False,Disco Digitale
16614,Decence,16614,False,Decence
16615,Purple Fog Side,16615,False,Purple Fog Side
16616,Wayside Drive,16616,False,Wayside Drive
16617,Auto-Auto,16617,False,Auto-Auto
16618,Dearling Physique,16618,False,Dearling Physique
16619,White Apple Tree,16619,False,White Apple Tree
16620,Deviant UK,16620,False,Deviant UK
16621,IceSixxx,16621,False,IceSixxx
16622,Fugitive Souls,16622,False,Fugitive Souls
16623,solardip,16623,False,solardip
16624,ELECTROANOVA,16624,False,ELECTROANOVA
16625,Poslednja igra leptira,16625,False,Poslednja igra leptira
16626,El Último Ke Zierre,16626,False,El Último Ke Zierre
16627,堀山俊彦,16627,False,堀山俊彦
16628,Fiskales Ad-Hok,16628,False,Fiskales Ad-Hok
16629,Leeway,16629,False,Leeway
16630,Underdog,16630,False,Underdog
16631,Tsuyoshi Sekito,16631,False,Tsuyoshi Sekito
16632,平澤創,16632,False,平澤創
16633,There Will Be Fireworks,16633,False,There Will Be Fireworks
16634,Cro-Mags,16634,False,Cro-Mags
16635,Sleeping Peonies,16635,False,Sleeping Peonies
16636,Bauda,16636,False,Bauda
16637,Watchtower,16637,False,Watchtower
16638,Spermbirds,16638,False,Spermbirds
16639,Los Crudos,16639,False,Los Crudos
16640,Die Walter Elf,16640,False,Die Walter Elf
16641,Soziedad Alkoholika,16641,False,Soziedad Alkoholika
16642,Ophelia,16642,False,Ophelia
16643,Arctic Plateau,16643,False,Arctic Plateau
16644,kill my bleeding smile,16644,False,kill my bleeding smile
16645,Grey Waters,16645,False,Grey Waters
16646,The Cruel Sea,16646,False,The Cruel Sea
16647,Troy Dean,16647,False,Troy Dean
16648,MuShu,16648,False,MuShu
16649,Bernard Fanning,16649,False,Bernard Fanning
16650,John Lee Hooker & Miles Davis,16650,False,John Lee Hooker & Miles Davis
16651,Juzzie Smith,16651,False,Juzzie Smith
16652,Daddy Cool,16652,False,Daddy Cool
16653,Luka Bloom,16653,False,Luka Bloom
16654,Delbert McClinton,16654,False,Delbert McClinton
16655,Israel Cannan,16655,False,Israel Cannan
16656,Karma County,16656,False,Karma County
16657,Alex Lloyd,16657,False,Alex Lloyd
16658,Ed Kuepper,16658,False,Ed Kuepper
16659,James Hunter,16659,False,James Hunter
16660,George,16660,False,George
16661,Dismember,16661,False,Dismember
16662,Margaret Berger,16662,False,Margaret Berger
16663,Värttinä,16663,False,Värttinä
16664,Cloetta Paris,16664,False,Cloetta Paris
16665,TNT (Brasil),16665,False,TNT (Brasil)
16666,Laurent Garnier,16666,False,Laurent Garnier
16667,Stereo MC's,16667,False,Stereo MC's
16668,Danger Mouse and Sparklehorse,16668,False,Danger Mouse and Sparklehorse
16669,Amely,16669,False,Amely
16670,etc.,16670,False,etc.
16671,Kids of 88,16671,False,Kids of 88
16672,Scrubb,16672,False,Scrubb
16673,Isaac Shepard,16673,False,Isaac Shepard
16674,Olivia Ong,16674,False,Olivia Ong
16675,Local H,16675,False,Local H
16676,Wipers,16676,False,Wipers
16677,Sea Exchange,16677,False,Sea Exchange
16678,Pernice Brothers,16678,False,Pernice Brothers
16679,The Sleepy Jackson,16679,False,The Sleepy Jackson
16680,Last Days of April,16680,False,Last Days of April
16681,Dylan Mondegreen,16681,False,Dylan Mondegreen
16682,Army Navy,16682,False,Army Navy
16683,The Elephants,16683,False,The Elephants
16684,The Hit Parade,16684,False,The Hit Parade
16685,Lake Heartbeat,16685,False,Lake Heartbeat
16686,Days,16686,False,Days
16687,California Snow Story,16687,False,California Snow Story
16688,This Is Ivy League,16688,False,This Is Ivy League
16689,Canadian Invasion,16689,False,Canadian Invasion
16690,Carla Werner,16690,False,Carla Werner
16691,Dawn Landes,16691,False,Dawn Landes
16692,The Orion Experience,16692,False,The Orion Experience
16693,Rafael,16693,False,Rafael
16694,The Delgados,16694,False,The Delgados
16695,YoungBloodZ,16695,False,YoungBloodZ
16696,Krayzie Bone,16696,False,Krayzie Bone
16697,Birdman,16697,False,Birdman
16698,Mystikal,16698,False,Mystikal
16699,Alec Empire,16699,False,Alec Empire
16700,Shadows Chasing Ghosts,16700,False,Shadows Chasing Ghosts
16701,Through Colour,16701,False,Through Colour
16702,The Getaway Plan,16702,False,The Getaway Plan
16703,ISpyStrangers,16703,False,ISpyStrangers
16704,All Forgotten,16704,False,All Forgotten
16705,Stone Parade,16705,False,Stone Parade
16706,Dead Letter Circus,16706,False,Dead Letter Circus
16707,My Vitriol,16707,False,My Vitriol
16708,After the Fall,16708,False,After the Fall
16709,The Afters,16709,False,The Afters
16710,Lower Than Atlantis,16710,False,Lower Than Atlantis
16711,Sugar Army,16711,False,Sugar Army
16712,Sleep Parade,16712,False,Sleep Parade
16713,National Product,16713,False,National Product
16714,The Receiving End of Sirens,16714,False,The Receiving End of Sirens
16715,The Brobecks,16715,False,The Brobecks
16716,Showbread,16716,False,Showbread
16717,T.A.T.U,16717,False,T.A.T.U
16718,The Pink Spiders,16718,False,The Pink Spiders
16719,Panic! at the Disco feat. Britney Spears and Gwen Stefani,16719,False,Panic! at the Disco feat. Britney Spears and Gwen Stefani
16720,Motor,16720,False,Motor
16721,Mirror feat. Dave Gahan,16721,False,Mirror feat. Dave Gahan
16722,frYars feat. Dave Gahan,16722,False,frYars feat. Dave Gahan
16723,98 Degrees,16723,False,98 Degrees
16724,Girly Berry,16724,False,Girly Berry
16725,M'Black,16725,False,M'Black
16726,Alyson,16726,False,Alyson
16727,Ameerah,16727,False,Ameerah
16728,Erin Hamilton,16728,False,Erin Hamilton
16729,Camille Jones,16729,False,Camille Jones
16730,The Parallel Project,16730,False,The Parallel Project
16731,Mr. Pit,16731,False,Mr. Pit
16732,JES,16732,False,JES
16733,Bastien Laval Feat. Layla,16733,False,Bastien Laval Feat. Layla
16734,Deadmau5 & Wolfgang Gartner,16734,False,Deadmau5 & Wolfgang Gartner
16735,Modjo,16735,False,Modjo
16736,Who da Funk,16736,False,Who da Funk
16737,Rex Mundi,16737,False,Rex Mundi
16738,Cellmod,16738,False,Cellmod
16739,Far Too Loud vs Code Zero,16739,False,Far Too Loud vs Code Zero
16740,Siriusmo,16740,False,Siriusmo
16741,City Rain,16741,False,City Rain
16742,Harmonic 313,16742,False,Harmonic 313
16743,Dr Rubberfunk,16743,False,Dr Rubberfunk
16744,Hexstatic,16744,False,Hexstatic
16745,DJ Food,16745,False,DJ Food
16746,Global Communication,16746,False,Global Communication
16747,Fax,16747,False,Fax
16748,Mr. Projectile,16748,False,Mr. Projectile
16749,Aus,16749,False,Aus
16750,Ulrich Schnauss & Jonas Munk,16750,False,Ulrich Schnauss & Jonas Munk
16751,Jon Hopkins,16751,False,Jon Hopkins
16752,The Detroit Escalator Co.,16752,False,The Detroit Escalator Co.
16753,Eskmo,16753,False,Eskmo
16754,Gonzales,16754,False,Gonzales
16755,The Vector Warrior,16755,False,The Vector Warrior
16756,Secret Frequency Crew,16756,False,Secret Frequency Crew
16757,Obfusc,16757,False,Obfusc
16758,Lucky Boys Confusion,16758,False,Lucky Boys Confusion
16759,Filligar,16759,False,Filligar
16760,Gay Fairy Tales,16760,False,Gay Fairy Tales
16761,Barbie,16761,False,Barbie
16762,Josh Henderson,16762,False,Josh Henderson
16763,Ender Thomas,16763,False,Ender Thomas
16764,Julio Iglesias Jr.,16764,False,Julio Iglesias Jr.
16765,Bette Midler,16765,False,Bette Midler
16766,Anna Margaret,16766,False,Anna Margaret
16767,Chloe Lowery,16767,False,Chloe Lowery
16768,Angelis,16768,False,Angelis
16769,Patricia Marx,16769,False,Patricia Marx
16770,Janel Parrish,16770,False,Janel Parrish
16771,Meaghan Jette Martin,16771,False,Meaghan Jette Martin
16772,Mulan,16772,False,Mulan
16773,Matheus Herriez,16773,False,Matheus Herriez
16774,LazyTown,16774,False,LazyTown
16775,Jacques Briere & Roman Prada,16775,False,Jacques Briere & Roman Prada
16776,Stevie Brock,16776,False,Stevie Brock
16777,The O.C. Mix 6: Covering Our Tracks,16777,False,The O.C. Mix 6: Covering Our Tracks
16778,reigndear,16778,False,reigndear
16779,Kool Keith,16779,False,Kool Keith
16780,Longpigs,16780,False,Longpigs
16781,Movie Clips,16781,False,Movie Clips
16782,Voice Memo,16782,False,Voice Memo
16783,Straw,16783,False,Straw
16784,Charles Bukowski,16784,False,Charles Bukowski
16785,Kiran Leonard,16785,False,Kiran Leonard
16786,Kele,16786,False,Kele
16787,The Time Travelling Pirates,16787,False,The Time Travelling Pirates
16788,The Saddest Landscape,16788,False,The Saddest Landscape
16789,Supernova Disaster,16789,False,Supernova Disaster
16790,Búfalo,16790,False,Búfalo
16791,Merchant Ships,16791,False,Merchant Ships
16792,Kidcrash,16792,False,Kidcrash
16793,MOTIM,16793,False,MOTIM
16794,Mesa Verde,16794,False,Mesa Verde
16795,Endless Inertia,16795,False,Endless Inertia
16796,With Horses In Her Eyes,16796,False,With Horses In Her Eyes
16797,Gantz,16797,False,Gantz
16798,Followed By 37 Seconds Of Happiness,16798,False,Followed By 37 Seconds Of Happiness
16799,The Fall of Boss Koala,16799,False,The Fall of Boss Koala
16800,Le pré où je suis mort,16800,False,Le pré où je suis mort
16801,The Earth And Everything In It,16801,False,The Earth And Everything In It
16802,3 Segundos Antes da Queda,16802,False,3 Segundos Antes da Queda
16803,Dr. Living Dead,16803,False,Dr. Living Dead
16804,Rihanna-remixado REnan,16804,False,Rihanna-remixado REnan
16805,Luciana Abreu,16805,False,Luciana Abreu
16806,Mandy Capristo,16806,False,Mandy Capristo
16807,Elize,16807,False,Elize
16808,Marcia Goldschmidt,16808,False,Marcia Goldschmidt
16809,Kim Petras,16809,False,Kim Petras
16810,Vanessão,16810,False,Vanessão
16823,Landon Pigg,16823,False,Landon Pigg
16832,Jessica Jarrell,16832,False,Jessica Jarrell
16833,T.S.O.L.,16833,False,T.S.O.L.
16834,Peter Criss,16834,False,Peter Criss
16835,WWE,16835,False,WWE
16836,Kiss/Melbourne Symphony Ensemble,16836,False,Kiss/Melbourne Symphony Ensemble
16837,Ron Sexsmith,16837,False,Ron Sexsmith
16838,Willard Grant Conspiracy,16838,False,Willard Grant Conspiracy
16839,Chico César,16839,False,Chico César
16840,The O.C. Supertones,16840,False,The O.C. Supertones
16841,Passafire,16841,False,Passafire
16842,The Movement,16842,False,The Movement
16843,Lô Borges,16843,False,Lô Borges
16844,Wado,16844,False,Wado
16845,Salyu,16845,False,Salyu
16846,globe,16846,False,globe
16847,Doping Panda,16847,False,Doping Panda
16848,W & Whale,16848,False,W & Whale
16849,Wise,16849,False,Wise
16850,Dil Se,16850,False,Dil Se
16851,YA-KYIM,16851,False,YA-KYIM
16852,Honey is Cool,16852,False,Honey is Cool
16853,青山テルマ,16853,False,青山テルマ
16854,KCO,16854,False,KCO
16855,CSS,16855,False,CSS
16856,AI,16856,False,AI
16857,Black Bikini Alpha,16857,False,Black Bikini Alpha
16858,Triana,16858,False,Triana
16859,The Posies,16859,False,The Posies
16860,Karsh Kale,16860,False,Karsh Kale
16861,Habib Koité & Bamada,16861,False,Habib Koité & Bamada
16862,Milivoj Culibrk,16862,False,Milivoj Culibrk
16863,Duncan Dhu,16863,False,Duncan Dhu
16864,Aisha Duo,16864,False,Aisha Duo
16865,No_Mad,16865,False,No_Mad
16866,The Rebs,16866,False,The Rebs
16867,Aperegina,16867,False,Aperegina
16868,Goapele,16868,False,Goapele
16869,Lloyd Ft Lil Wayne,16869,False,Lloyd Ft Lil Wayne
16870,Aida,16870,False,Aida
16871,David Jordan,16871,False,David Jordan
16872,Swingin' Utters,16872,False,Swingin' Utters
16873,Zatopeks,16873,False,Zatopeks
16874,The Peacocks,16874,False,The Peacocks
16875,Bankrupt,16875,False,Bankrupt
16876,Cobra Skulls,16876,False,Cobra Skulls
16877,The Briefs,16877,False,The Briefs
16878,Teen Idols,16878,False,Teen Idols
16879,The Exploding Hearts,16879,False,The Exploding Hearts
16880,Dead to Me,16880,False,Dead to Me
16881,Dwarves,16881,False,Dwarves
16882,Gorilla,16882,False,Gorilla
16883,The Methadones,16883,False,The Methadones
16884,The Apers,16884,False,The Apers
16885,Stiff Little Fingers,16885,False,Stiff Little Fingers
16886,Shark Soup,16886,False,Shark Soup
16887,U.S. Bombs,16887,False,U.S. Bombs
16888,Long Tall Texans,16888,False,Long Tall Texans
16889,Isis Mariana,16889,False,Isis Mariana
16890,Under The Light,16890,False,Under The Light
16891,Josh Farro,16891,False,Josh Farro
16892,Go Betty Go,16892,False,Go Betty Go
16893,The Civil Wars,16893,False,The Civil Wars
16894,Delta Spirit,16894,False,Delta Spirit
16895,Pinkly Smooth,16895,False,Pinkly Smooth
16896,Monster,16896,False,Monster
16897,Caustic,16897,False,Caustic
16898,Vampire Rodents,16898,False,Vampire Rodents
16899,Ambassador21,16899,False,Ambassador21
16900,Stromkern,16900,False,Stromkern
16901,The Pain Machinery,16901,False,The Pain Machinery
16902,Out Out,16902,False,Out Out
16903,Brain Leisure,16903,False,Brain Leisure
16904,The Fighting Cocks,16904,False,The Fighting Cocks
16905,DeathBoy,16905,False,DeathBoy
16906,Cyanotic,16906,False,Cyanotic
16907,Steril,16907,False,Steril
16908,Psychopomps,16908,False,Psychopomps
16909,Disharmony,16909,False,Disharmony
16910,genCAB,16910,False,genCAB
16911,Flesh Field,16911,False,Flesh Field
16912,CTRLer,16912,False,CTRLer
16913,Run Level Zero,16913,False,Run Level Zero
16914,Chrysalide,16914,False,Chrysalide
16915,Nevilton,16915,False,Nevilton
16916,Fondo Flamenco,16916,False,Fondo Flamenco
16917,Harel Skaat,16917,False,Harel Skaat
16918,Casely,16918,False,Casely
16919,Michael Paynter,16919,False,Michael Paynter
16920,Jessica & Lisa,16920,False,Jessica & Lisa
16921,Lisa & Jessica,16921,False,Lisa & Jessica
16922,Pequena Sereia (Remix),16922,False,Pequena Sereia (Remix)
16923,78violet,16923,False,78violet
16924,The Dead Cool Dropouts,16924,False,The Dead Cool Dropouts
16925,Drew Seeley & Selena Gomez,16925,False,Drew Seeley & Selena Gomez
16926,"Cast of ""Sonny With a Chance""",16926,False,"Cast of ""Sonny With a Chance"""
16927,Ashley Tisdale & Lucas Grabeel,16927,False,Ashley Tisdale & Lucas Grabeel
16928,Demi Lovato ft SWAC cast,16928,False,Demi Lovato ft SWAC cast
16929,Huckapoo,16929,False,Huckapoo
16930,Ryan and Sharpay,16930,False,Ryan and Sharpay
16931,Hannah Montana and Miley Cyrus,16931,False,Hannah Montana and Miley Cyrus
16932,Demi Lovato-MuSiCaCeNtRaL.CoM & ReLoADeD69.NeT,16932,False,Demi Lovato-MuSiCaCeNtRaL.CoM & ReLoADeD69.NeT
16933,the veronicas,16933,False,the veronicas
16934,Light Asylum,16934,False,Light Asylum
16935,Гренки,16935,False,Гренки
16936,phantom icicles,16936,False,phantom icicles
16937,Ehron Vonallen,16937,False,Ehron Vonallen
16938,The Roy Shukers,16938,False,The Roy Shukers
16939,Dave Barnes,16939,False,Dave Barnes
16940,Beecher,16940,False,Beecher
16947,Witchfinder General,16947,False,Witchfinder General
16948,Riblja Corba,16948,False,Riblja Corba
16949,Saint Vitus,16949,False,Saint Vitus
16950,Tony Iommi,16950,False,Tony Iommi
16951,Battleheart,16951,False,Battleheart
16952,Dar Williams,16952,False,Dar Williams
16953,Rich Mullins,16953,False,Rich Mullins
16954,Hagood Hardy,16954,False,Hagood Hardy
16955,Agnes Milewski,16955,False,Agnes Milewski
16956,Marco Beltrami,16956,False,Marco Beltrami
16957,Christophe Beck,16957,False,Christophe Beck
16958,original score,16958,False,original score
16959,Bill Whelan,16959,False,Bill Whelan
16960,Drained Scorn,16960,False,Drained Scorn
16961,Umbra et Imago,16961,False,Umbra et Imago
16962,Mekrokiev,16962,False,Mekrokiev
16963,CODE NAME: K1LL,16963,False,CODE NAME: K1LL
16964,neurotoxxik,16964,False,neurotoxxik
16965,yade,16965,False,yade
16966,Untoten vs. Soko Friedhof,16966,False,Untoten vs. Soko Friedhof
16967,Frightdoll,16967,False,Frightdoll
16968,Opera Multi Steel,16968,False,Opera Multi Steel
16969,Enchained Souls,16969,False,Enchained Souls
16970,Aesma Daeva,16970,False,Aesma Daeva
16971,AKADO,16971,False,AKADO
16972,Sleetgrout,16972,False,Sleetgrout
16973,Inline.seX.Terror,16973,False,Inline.seX.Terror
16974,Skyhooks,16974,False,Skyhooks
16975,"Alec ""acker dacker"" Whitehead feat. Kimmy ""wigga wigga lego stegasaurus dim simmer"" Hale",16975,False,"Alec ""acker dacker"" Whitehead feat. Kimmy ""wigga wigga lego stegasaurus dim simmer"" Hale"
16976,Electro Rockerz,16976,False,Electro Rockerz
16995,Kottonmouth Kings,16995,False,Kottonmouth Kings
17007,Ariane Moffatt,17007,False,Ariane Moffatt
17008,Brian May,17008,False,Brian May
17009,Stampede,17009,False,Stampede
17010,Neil Patrick Harris,17010,False,Neil Patrick Harris
17011,Transmitters,17011,False,Transmitters
17012,loungeclash,17012,False,loungeclash
17013,Loop Guru,17013,False,Loop Guru
17014,Slipper,17014,False,Slipper
17015,Tivoli Symphony Orchestra,17015,False,Tivoli Symphony Orchestra
17016,A Kid Hereafter,17016,False,A Kid Hereafter
17017,Klaus Lynggaard,17017,False,Klaus Lynggaard
17018,isam b,17018,False,isam b
17019,Spok Frevo Orquestra,17019,False,Spok Frevo Orquestra
17020,Erik Levander,17020,False,Erik Levander
17021,Tumi and the Volume,17021,False,Tumi and the Volume
17022,18th Dye,17022,False,18th Dye
17023,Choir of Young Believers,17023,False,Choir of Young Believers
17024,beta satan,17024,False,beta satan
17025,Maria Timm,17025,False,Maria Timm
17026,Jomi Massage,17026,False,Jomi Massage
17027,Fred Nukes,17027,False,Fred Nukes
17028,Kirsten Ketsjer,17028,False,Kirsten Ketsjer
17029,Campbell Brothers,17029,False,Campbell Brothers
17030,Telmary,17030,False,Telmary
17031,Sleep with all your friends,17031,False,Sleep with all your friends
17032,Thaw,17032,False,Thaw
17033,Boom Clap Bachelors,17033,False,Boom Clap Bachelors
17034,Lucy Love,17034,False,Lucy Love
17035,The Brazierlights In The Window,17035,False,The Brazierlights In The Window
17036,Ian Ion,17036,False,Ian Ion
17037,Canon Blue,17037,False,Canon Blue
17038,Lodekka,17038,False,Lodekka
17039,BadboE,17039,False,BadboE
17040,Various Production,17040,False,Various Production
17041,Boy Better Know,17041,False,Boy Better Know
17042,BOGULTA,17042,False,BOGULTA
17043,Jah Wobble & Temple of Sound,17043,False,Jah Wobble & Temple of Sound
17044,The Pop Group,17044,False,The Pop Group
17045,Metamatics,17045,False,Metamatics
17046,Zeb,17046,False,Zeb
17047,Misel Quitno,17047,False,Misel Quitno
17048,Waldeck,17048,False,Waldeck
17049,Dub Syndicate,17049,False,Dub Syndicate
17050,African Head Charge,17050,False,African Head Charge
17051,Baby Mammoth,17051,False,Baby Mammoth
17052,Alice Coltrane,17052,False,Alice Coltrane
17053,The Scaramanga Six,17053,False,The Scaramanga Six
17054,June Tabor,17054,False,June Tabor
17055,Richard Thompson,17055,False,Richard Thompson
17056,Napoleon IIIrd,17056,False,Napoleon IIIrd
17057,Vessels,17057,False,Vessels
17058,Juxtaposition,17058,False,Juxtaposition
17059,Man Aubergine,17059,False,Man Aubergine
17060,Benjamin Wetherill,17060,False,Benjamin Wetherill
17061,Sleepingdog,17061,False,Sleepingdog
17062,blah blah tin,17062,False,blah blah tin
17063,I Concur,17063,False,I Concur
17064,Quack Quack,17064,False,Quack Quack
17065,Oysterband,17065,False,Oysterband
17066,Instant Species,17066,False,Instant Species
17067,A Hawk and a Hacksaw,17067,False,A Hawk and a Hacksaw
17068,Essie Jain,17068,False,Essie Jain
17069,Pifco,17069,False,Pifco
17070,Random Number,17070,False,Random Number
17071,Galitza,17071,False,Galitza
17072,Nic Jones,17072,False,Nic Jones
17073,Samsa,17073,False,Samsa
17074,Chacda,17074,False,Chacda
17077,Dolly Rockers,17077,False,Dolly Rockers
17078,Ode à l'Acadie,17078,False,Ode à l'Acadie
17079,Michel Legrand,17079,False,Michel Legrand
17080,Haylie Duff,17080,False,Haylie Duff
17081,Enrique Guzmán,17081,False,Enrique Guzmán
17082,Angélica María,17082,False,Angélica María
17083,La Bien Querida,17083,False,La Bien Querida
17084,OBK,17084,False,OBK
17085,Los Locos del Ritmo,17085,False,Los Locos del Ritmo
17086,Sarah Brightman/London Symphony Orchestra,17086,False,Sarah Brightman/London Symphony Orchestra
17087,Sandoval,17087,False,Sandoval
17088,Monna Bell,17088,False,Monna Bell
17089,Leonardo de Lozanne,17089,False,Leonardo de Lozanne
17090,Los Cinco Latinos,17090,False,Los Cinco Latinos
17091,Jucifer,17091,False,Jucifer
17092,AiDS-3D,17092,False,AiDS-3D
17093,Kisses,17093,False,Kisses
17094,Cursed,17094,False,Cursed
17095,محمد منير,17095,False,محمد منير
17096,Hasan Dursun,17096,False,Hasan Dursun
17097,Abu Ali,17097,False,Abu Ali
17098,ميس شلش,17098,False,ميس شلش
17099,Grup Yeniçağ,17099,False,Grup Yeniçağ
17100,Imad Al-Sharif,17100,False,Imad Al-Sharif
17101,Talib al-Habib,17101,False,Talib al-Habib
17102,Abu Ali & Abu Abdul Maalik,17102,False,Abu Ali & Abu Abdul Maalik
17103,SufiTrance,17103,False,SufiTrance
17104,Ibrahim Jibreen,17104,False,Ibrahim Jibreen
17105,Houria Aïchi,17105,False,Houria Aïchi
17106,grup genç,17106,False,grup genç
17107,Ahmet Çalışır,17107,False,Ahmet Çalışır
17108,Yusuf Islam,17108,False,Yusuf Islam
17109,Osman Murat Tuğsuz,17109,False,Osman Murat Tuğsuz
17110,Shabnam Majid,17110,False,Shabnam Majid
17111,Mustafa Demirci & Murat Necipoğlu,17111,False,Mustafa Demirci & Murat Necipoğlu
17112,DEBU,17112,False,DEBU
17113,Maher Zain,17113,False,Maher Zain
17114,Al-Aseef,17114,False,Al-Aseef
17115,Hussein al A'dhami,17115,False,Hussein al A'dhami
17116,حسين الاعظمي,17116,False,حسين الاعظمي
17117,Abdullah Rolle,17117,False,Abdullah Rolle
17118,Irfan Makki,17118,False,Irfan Makki
17119,Shaam,17119,False,Shaam
17120,Nass Marrakech,17120,False,Nass Marrakech
17121,Djelimady Tounkara,17121,False,Djelimady Tounkara
17122,بوب مارلي,17122,False,بوب مارلي
17123,Firqat al-Isra,17123,False,Firqat al-Isra
17124,Ottoman Military Band,17124,False,Ottoman Military Band
17125,Sajid Raza Qadri,17125,False,Sajid Raza Qadri
17126,Hadiqa Kiani,17126,False,Hadiqa Kiani
17127,Nusrat Fateh Ali Khan & Party,17127,False,Nusrat Fateh Ali Khan & Party
17128,Sultan Selim III,17128,False,Sultan Selim III
17129,Noor,17129,False,Noor
17130,Ali Farka Touré and Ry Cooder,17130,False,Ali Farka Touré and Ry Cooder
17131,Ali Ufki,17131,False,Ali Ufki
17132,Serkan Süleymaniye,17132,False,Serkan Süleymaniye
17133,Habib Koité,17133,False,Habib Koité
17134,عماد الشريف,17134,False,عماد الشريف
17135,Turkish Military Band,17135,False,Turkish Military Band
17136,Buhurizade Mustafa Itri Efendi,17136,False,Buhurizade Mustafa Itri Efendi
17137,Jape,17137,False,Jape
17138,Five O'Clock Heroes,17138,False,Five O'Clock Heroes
17139,Under the Influence of Giants,17139,False,Under the Influence of Giants
17140,Venus Verse,17140,False,Venus Verse
17141,James Ausfahrt,17141,False,James Ausfahrt
17142,Infadels,17142,False,Infadels
17143,MESKLA,17143,False,MESKLA
17144,Amanda Morra,17144,False,Amanda Morra
17145,Valkyrias,17145,False,Valkyrias
17146,Dolls,17146,False,Dolls
17147,Offer Nissim feat. Maya,17147,False,Offer Nissim feat. Maya
17148,The Forecast,17148,False,The Forecast
17149,Ryan's Hope,17149,False,Ryan's Hope
17150,The Felix Culpa,17150,False,The Felix Culpa
17151,Weatherbox,17151,False,Weatherbox
17152,Rivers Cuomo,17152,False,Rivers Cuomo
17153,BFF,17153,False,BFF
17154,Deadpan110,17154,False,Deadpan110
17155,Krautheim,17155,False,Krautheim
17156,Kilpanda,17156,False,Kilpanda
17157,Nick Lowe,17157,False,Nick Lowe
17158,Estradasphere,17158,False,Estradasphere
17159,The Recoys,17159,False,The Recoys
17160,Russ Crandall,17160,False,Russ Crandall
17161,Hot Feeler,17161,False,Hot Feeler
17162,R.U.D.E.,17162,False,R.U.D.E.
17163,Water Charger,17163,False,Water Charger
17164,Jupiter,17164,False,Jupiter
17165,Fizzgig,17165,False,Fizzgig
17166,The Knack,17166,False,The Knack
17167,The Management,17167,False,The Management
17168,Gosling,17168,False,Gosling
17169,(Pre) Kingdom,17169,False,(Pre) Kingdom
17170,Kalson,17170,False,Kalson
17171,Val. P,17171,False,Val. P
17172,Fake Drugs,17172,False,Fake Drugs
17173,V8,17173,False,V8
17174,Hermética,17174,False,Hermética
17175,Almafuerte,17175,False,Almafuerte
17176,Logos,17176,False,Logos
17177,O'Connor,17177,False,O'Connor
17178,Malón,17178,False,Malón
17179,Horcas,17179,False,Horcas
17180,Hashisheen,17180,False,Hashisheen
17181,Micah P. Hinson,17181,False,Micah P. Hinson
17182,The Ex,17182,False,The Ex
17183,Pez,17183,False,Pez
17184,Rocky Votolato,17184,False,Rocky Votolato
17185,El Eterno Enemigo,17185,False,El Eterno Enemigo
17186,Phoenix Bodies,17186,False,Phoenix Bodies
17187,Unbroken,17187,False,Unbroken
17188,Turning Point,17188,False,Turning Point
17189,dälek,17189,False,dälek
17190,Hakim Bey,17190,False,Hakim Bey
17191,Ekkaia,17191,False,Ekkaia
17192,АЁ КампаниЯ,17192,False,АЁ КампаниЯ
17193,Иезекииль 25:17,17193,False,Иезекииль 25:17
17194,ТГК,17194,False,ТГК
17195,ГРОТ,17195,False,ГРОТ
17196,Сегодняночью,17196,False,Сегодняночью
17197,Loquat,17197,False,Loquat
17198,Tres Coronas,17198,False,Tres Coronas
17199,The Builders and the Butchers,17199,False,The Builders and the Butchers
17200,Starkey,17200,False,Starkey
17201,Cops on Fire,17201,False,Cops on Fire
17202,Hektagon,17202,False,Hektagon
17203,501,17203,False,501
17204,Freedom for Justice,17204,False,Freedom for Justice
17205,Bill Ferguson,17205,False,Bill Ferguson
17206,Kelly Clarkson by www.superalbuns.blogspot.com,17206,False,Kelly Clarkson by www.superalbuns.blogspot.com
17207,Michael,17207,False,Michael
17208,Southside Johnny & The Asbury Jukes,17208,False,Southside Johnny & The Asbury Jukes
17209,Patti Scialfa,17209,False,Patti Scialfa
17210,Lumbre,17210,False,Lumbre
17211,The Troggs,17211,False,The Troggs
17212,Zeplin,17212,False,Zeplin
17213,The Married Monk,17213,False,The Married Monk
17214,Peter Green Splinter Group,17214,False,Peter Green Splinter Group
17215,Firefall,17215,False,Firefall
17216,Boban Marković Orkestar,17216,False,Boban Marković Orkestar
17217,Chicken Shack,17217,False,Chicken Shack
17218,Bruce Springsteen & The E Street Band,17218,False,Bruce Springsteen & The E Street Band
17219,Dale Sumner,17219,False,Dale Sumner
17220,Greg Porée,17220,False,Greg Porée
17221,Tunturia,17221,False,Tunturia
17222,Richard,17222,False,Richard
17223,Atlanta Rhythm Section,17223,False,Atlanta Rhythm Section
17224,UZCA,17224,False,UZCA
17225,Stab,17225,False,Stab
17226,Tolerância Zero,17226,False,Tolerância Zero
17227,Angelzoom,17227,False,Angelzoom
17228,Nasty Taste,17228,False,Nasty Taste
17229,Skuba,17229,False,Skuba
17230,Exilia,17230,False,Exilia
17231,Cidade Negra,17231,False,Cidade Negra
17232,Knuckledust,17232,False,Knuckledust
17233,Oomph! - Defekt (1995),17233,False,Oomph! - Defekt (1995)
17234,Sworn II Silence,17234,False,Sworn II Silence
17235,Guy Wolford - MuteHarmony -,17235,False,Guy Wolford - MuteHarmony -
17236,God Lives Underwater,17236,False,God Lives Underwater
17237,Stephen King,17237,False,Stephen King
17238,Gary Puckett & The Union Gap,17238,False,Gary Puckett & The Union Gap
17239,Funbox,17239,False,Funbox
17240,Тени Свободы,17240,False,Тени Свободы
17241,Смех,17241,False,Смех
17242,F.P.G.,17242,False,F.P.G.
17243,Марки,17243,False,Марки
17244,Agitators,17244,False,Agitators
17245,Ben Gann,17245,False,Ben Gann
17246,radio ЧАЧА,17246,False,radio ЧАЧА
17247,Три 15,17247,False,Три 15
17248,None More Black,17248,False,None More Black
17249,Love Equals Death,17249,False,Love Equals Death
17250,The Sainte Catherines,17250,False,The Sainte Catherines
17251,Smoke or Fire,17251,False,Smoke or Fire
17252,ППП,17252,False,ППП
17253,The Silencers,17253,False,The Silencers
17254,Western Addiction,17254,False,Western Addiction
17255,КаZинаки,17255,False,КаZинаки
17256,Distemper,17256,False,Distemper
17257,HorseRadish,17257,False,HorseRadish
17258,Downfall,17258,False,Downfall
17259,Электрические Партизаны,17259,False,Электрические Партизаны
17260,Lars Fredrikson and Tim Armstrong,17260,False,Lars Fredrikson and Tim Armstrong
17261,Тараканы! feat. Сергей Михалок,17261,False,Тараканы! feat. Сергей Михалок
17262,Buccaneer,17262,False,Buccaneer
17263,Avail,17263,False,Avail
17264,Bracket,17264,False,Bracket
17265,Devils Brigade,17265,False,Devils Brigade
17266,Nocturnal,17266,False,Nocturnal
17267,Lustra,17267,False,Lustra
17268,ПОРТ(812),17268,False,ПОРТ(812)
17269,Четыре таракана,17269,False,Четыре таракана
17270,Dream Theater & Bruce Dickinson,17270,False,Dream Theater & Bruce Dickinson
17271,Bruce Dickinson & Montserrat Cabelle,17271,False,Bruce Dickinson & Montserrat Cabelle
17272,Carlos Santana & Alice Coltrane,17272,False,Carlos Santana & Alice Coltrane
17273,C.A.L.M.,17273,False,C.A.L.M.
17274,Excess Pressure,17274,False,Excess Pressure
17275,Mohicans,17275,False,Mohicans
17276,Brulé,17276,False,Brulé
17277,Sacred Spirit Drums,17277,False,Sacred Spirit Drums
17278,Native American,17278,False,Native American
17279,Athena,17279,False,Athena
17280,Leon Ware,17280,False,Leon Ware
17281,Samantha Fox,17281,False,Samantha Fox
17283,Rasheeda,17283,False,Rasheeda
17284,Remy Ma,17284,False,Remy Ma
17285,Trina,17285,False,Trina
17286,Shawnna,17286,False,Shawnna
17287,The Big Cats,17287,False,The Big Cats
17288,The Naked Brothers Band,17288,False,The Naked Brothers Band
17289,1997,17289,False,1997
17290,Rey Gordiflon,17290,False,Rey Gordiflon
17291,Jau,17291,False,Jau
17292,Exaltasamba - www.sopagode10.net,17292,False,Exaltasamba - www.sopagode10.net
17293,Tom Novy,17293,False,Tom Novy
17294,Sixtoo,17294,False,Sixtoo
17295,Redshape,17295,False,Redshape
17296,Plastikman,17296,False,Plastikman
17297,Caural,17297,False,Caural
17298,Keak Da Sneak,17298,False,Keak Da Sneak
17299,Sian,17299,False,Sian
17300,Samon Kawamura,17300,False,Samon Kawamura
17301,Spirit Agent,17301,False,Spirit Agent
17302,Ras G & The Afrikan Space Program,17302,False,Ras G & The Afrikan Space Program
17303,fLako x Noir,17303,False,fLako x Noir
17304,Rivulets,17304,False,Rivulets
17305,Barzin,17305,False,Barzin
17306,The Boy Least Likely To,17306,False,The Boy Least Likely To
17307,Mineral,17307,False,Mineral
17313,Woodworkings,17313,False,Woodworkings
17320,Autolux,17320,False,Autolux
17321,Shadow of the Colossus,17321,False,Shadow of the Colossus
17322,DS-13,17322,False,DS-13
17323,Le TURF,17323,False,Le TURF
17324,Autodrone,17324,False,Autodrone
17326,Stephen Lynch,17326,False,Stephen Lynch
17327,Cała Góra Barwinków,17327,False,Cała Góra Barwinków
17328,Andrzej Zaucha,17328,False,Andrzej Zaucha
17329,T-Raperzy znad Wisły,17329,False,T-Raperzy znad Wisły
17330,Percy Faith,17330,False,Percy Faith
17331,Jesus Jones,17331,False,Jesus Jones
17332,Boy Meets Girl,17332,False,Boy Meets Girl
17333,Hamza El Din,17333,False,Hamza El Din
17334,Oriental Breakbeats,17334,False,Oriental Breakbeats
17335,Gnawa Njoum Experience,17335,False,Gnawa Njoum Experience
17336,Abdelli,17336,False,Abdelli
17337,Nomad SoundSystem,17337,False,Nomad SoundSystem
17338,Hassan Hakmoun,17338,False,Hassan Hakmoun
17339,Majid Bekkas,17339,False,Majid Bekkas
17340,Anouar Brahem,17340,False,Anouar Brahem
17341,Bachir Attar,17341,False,Bachir Attar
17342,Chalf Hassan,17342,False,Chalf Hassan
17343,Jomed,17343,False,Jomed
17344,nass el ghiwane,17344,False,nass el ghiwane
17345,Ahmed Abdul-Malik,17345,False,Ahmed Abdul-Malik
17346,Ensemble Kaboul,17346,False,Ensemble Kaboul
17347,Radio Tarifa,17347,False,Radio Tarifa
17348,Black Star Liner,17348,False,Black Star Liner
17349,Issa Bagayogo,17349,False,Issa Bagayogo
17350,Soap Kills,17350,False,Soap Kills
17351,Panjabi MC,17351,False,Panjabi MC
17352,Ethnic Music Classics: 1925-48,17352,False,Ethnic Music Classics: 1925-48
17353,"Ahmed Abdul-Malik, Lee Morgan, Johnny Griffin, Benny Golson",17353,False,"Ahmed Abdul-Malik, Lee Morgan, Johnny Griffin, Benny Golson"
17354,Hassan Hakmoun & Adam Rudolph,17354,False,Hassan Hakmoun & Adam Rudolph
17355,08001,17355,False,08001
17356,Hasna El Becharia,17356,False,Hasna El Becharia
17357,Hoba Hoba Spirit,17357,False,Hoba Hoba Spirit
17358,Cherifa,17358,False,Cherifa
17359,Nabyla Maan,17359,False,Nabyla Maan
17360,Warda,17360,False,Warda
17361,Justin Adams,17361,False,Justin Adams
17362,Cheb Zergui,17362,False,Cheb Zergui
17363,Badawi,17363,False,Badawi
17364,Aicha Redouane,17364,False,Aicha Redouane
17365,Susheela Raman,17365,False,Susheela Raman
17366,Bedouin Ascent,17366,False,Bedouin Ascent
17367,Putumayo,17367,False,Putumayo
17368,Hassan Erraji,17368,False,Hassan Erraji
17369,Soapkills,17369,False,Soapkills
17370,hedi habouba,17370,False,hedi habouba
17371,Dahmane El Harrachi,17371,False,Dahmane El Harrachi
17372,Н.О.М.,17372,False,Н.О.М.
17373,Soundpool,17373,False,Soundpool
17374,An April March,17374,False,An April March
17375,Chantal Goya,17375,False,Chantal Goya
17376,Vitesse,17376,False,Vitesse
17379,Good Weather for an Airstrike,17379,False,Good Weather for an Airstrike
17380,The Echelon Effect,17380,False,The Echelon Effect
17381,Inachus,17381,False,Inachus
17382,sleepless dreams,17382,False,sleepless dreams
17383,Evolv,17383,False,Evolv
17384,Oathless,17384,False,Oathless
17385,puffin on my side,17385,False,puffin on my side
17386,...And The Earth Swarmed With Them,17386,False,...And The Earth Swarmed With Them
17387,A Lily,17387,False,A Lily
17388,Finneyerkes,17388,False,Finneyerkes
17389,AMMAN/JOSH,17389,False,AMMAN/JOSH
17390,Circadian Eyes,17390,False,Circadian Eyes
17391,Fluctuations,17391,False,Fluctuations
17392,Anna Rose Carter,17392,False,Anna Rose Carter
17393,m e m ó r,17393,False,m e m ó r
17394,Michael Ashford,17394,False,Michael Ashford
17395,Invisible Elephant,17395,False,Invisible Elephant
17398,Act,17398,False,Act
17399,Wolverine,17399,False,Wolverine
17400,Allen-Lande,17400,False,Allen-Lande
17401,Pin-Up Went Down,17401,False,Pin-Up Went Down
17402,regsgnep,17402,False,regsgnep
17403,Pathosray,17403,False,Pathosray
17404,Quintorigo,17404,False,Quintorigo
17405,Frost,17405,False,Frost
17406,rEarth,17406,False,rEarth
17407,Timoria,17407,False,Timoria
17408,Fabio Concato,17408,False,Fabio Concato
17409,Pallas,17409,False,Pallas
17410,Quella Mezza Sporca Dozzina,17410,False,Quella Mezza Sporca Dozzina
17411,Vatnajökull,17411,False,Vatnajökull
17412,Alaska,17412,False,Alaska
17413,Виноградный День,17413,False,Виноградный День
17414,Булат Окуджава,17414,False,Булат Окуджава
17415,Polska,17415,False,Polska
17416,Obba Supa,17416,False,Obba Supa
17417,Gordon Hempton,17417,False,Gordon Hempton
17418,Gregor Narholz,17418,False,Gregor Narholz
17419,Clockwork Times,17419,False,Clockwork Times
17420,РЖБ,17420,False,РЖБ
17421,specta ciera,17421,False,specta ciera
17422,Voder,17422,False,Voder
17423,Patrick Lee,17423,False,Patrick Lee
17424,Vanilla Ice,17424,False,Vanilla Ice
17425,ST1M,17425,False,ST1M
17426,ST,17426,False,ST
17427,Сэт,17427,False,Сэт
17428,Vanich (Military Clan),17428,False,Vanich (Military Clan)
17429,Tim Dog,17429,False,Tim Dog
17430,Грозный,17430,False,Грозный
17431,NTL,17431,False,NTL
17432,Пост Мортем,17432,False,Пост Мортем
17433,Тимати,17433,False,Тимати
17434,D.masta,17434,False,D.masta
17435,V-Style,17435,False,V-Style
17436,Timati,17436,False,Timati
17437,MC Hammer,17437,False,MC Hammer
17438,Aphrodite,17438,False,Aphrodite
17439,mujuice + dzhem,17439,False,mujuice + dzhem
17440,Михаил Пилявский,17440,False,Михаил Пилявский
17441,Dooq,17441,False,Dooq
17442,Dj Zabelin,17442,False,Dj Zabelin
17443,Vend,17443,False,Vend
17444,Plastik Joy,17444,False,Plastik Joy
17445,Rasmus,17445,False,Rasmus
17446,DJ Zahar,17446,False,DJ Zahar
17447,Nikita Zabelin,17447,False,Nikita Zabelin
17448,Jacaszek & Miłka,17448,False,Jacaszek & Miłka
17449,Black Track,17449,False,Black Track
17450,Sloe Texture,17450,False,Sloe Texture
17451,Cleanscreen,17451,False,Cleanscreen
17452,David Vade,17452,False,David Vade
17453,Многоточие,17453,False,Многоточие
17454,Mikra,17454,False,Mikra
17455,DJ Gvozd,17455,False,DJ Gvozd
17456,Iambic²,17456,False,Iambic²
17457,Melorman,17457,False,Melorman
17458,Clickits,17458,False,Clickits
17459,Orgatanatos,17459,False,Orgatanatos
17460,Infinite Scale,17460,False,Infinite Scale
17461,Kearley,17461,False,Kearley
17462,Zerostation,17462,False,Zerostation
17463,Boppin' B,17463,False,Boppin' B
17464,Empty Trash,17464,False,Empty Trash
17465,Matt Lewis Band,17465,False,Matt Lewis Band
17466,Soul is You,17466,False,Soul is You
17467,Bluesoul Pharmacy,17467,False,Bluesoul Pharmacy
17468,K-Precise,17468,False,K-Precise
17469,Amberly Thiessen,17469,False,Amberly Thiessen
17470,Jacki-O,17470,False,Jacki-O
17471,원더걸스,17471,False,원더걸스
17472,平井堅,17472,False,平井堅
17473,Lovedrug,17473,False,Lovedrug
17474,The Prize Fighter Inferno,17474,False,The Prize Fighter Inferno
17475,Bachelors Of Science,17475,False,Bachelors Of Science
17476,Of The Fallen,17476,False,Of The Fallen
17477,Devon Werkheiser,17477,False,Devon Werkheiser
17478,Secret Affair,17478,False,Secret Affair
17481,王力宏,17481,False,王力宏
17482,天野月子,17482,False,天野月子
17483,sifow,17483,False,sifow
17484,Mink,17484,False,Mink
17485,平野綾,17485,False,平野綾
17486,Erika,17486,False,Erika
17487,椎名林檎×斎藤ネコ,17487,False,椎名林檎×斎藤ネコ
17488,moumoon,17488,False,moumoon
17489,V.V. Brown,17489,False,V.V. Brown
17490,Melissa Etheridge,17490,False,Melissa Etheridge
17491,Glen Phillips with Nickel Creek,17491,False,Glen Phillips with Nickel Creek
17492,Glen Phillips,17492,False,Glen Phillips
17493,The Watchmen,17493,False,The Watchmen
17494,Big Sugar,17494,False,Big Sugar
17495,The Duhks,17495,False,The Duhks
17496,Wild Strawberries,17496,False,Wild Strawberries
17497,Mutual Admiration Society,17497,False,Mutual Admiration Society
17498,Shawn Colvin,17498,False,Shawn Colvin
17499,Jill Barber,17499,False,Jill Barber
17500,Lyle Lovett,17500,False,Lyle Lovett
17501,Prototypes,17501,False,Prototypes
17502,charlyne yi,17502,False,charlyne yi
17503,Lavender Diamond,17503,False,Lavender Diamond
17504,Helium,17504,False,Helium
17505,Momus,17505,False,Momus
17506,King Khan & The Shrines,17506,False,King Khan & The Shrines
17507,Matt Braunger and Matt Dwyer,17507,False,Matt Braunger and Matt Dwyer
17508,The Rurals,17508,False,The Rurals
17509,Glenn Underground,17509,False,Glenn Underground
17510,Kevin Yost,17510,False,Kevin Yost
17511,Crazy Penis,17511,False,Crazy Penis
17512,Sister Sledge,17512,False,Sister Sledge
17513,Ron Trent,17513,False,Ron Trent
17514,Larry Heard,17514,False,Larry Heard
17515,Soul II Soul,17515,False,Soul II Soul
17516,Gloria Gaynor,17516,False,Gloria Gaynor
17517,Melba Moore,17517,False,Melba Moore
17518,Future Engineers,17518,False,Future Engineers
17519,Rick Wade,17519,False,Rick Wade
17520,Vince Watson,17520,False,Vince Watson
17521,Johnny Hammond,17521,False,Johnny Hammond
17522,Roberta Flack,17522,False,Roberta Flack
17523,Alton Miller,17523,False,Alton Miller
17524,Ian Pooley,17524,False,Ian Pooley
17525,Herbert,17525,False,Herbert
17526,Willie Hutch,17526,False,Willie Hutch
17527,Roy Davis Jr.,17527,False,Roy Davis Jr.
17528,The Trammps,17528,False,The Trammps
17529,Dubtribe Sound System,17529,False,Dubtribe Sound System
17530,Ananda Project,17530,False,Ananda Project
17531,Mateo & Matos,17531,False,Mateo & Matos
17532,Pitty - www.download.mus.br,17532,False,Pitty - www.download.mus.br
17533,Matthew Duffy,17533,False,Matthew Duffy
17534,Mordida,17534,False,Mordida
17535,Rosie and Me,17535,False,Rosie and Me
17536,Wander Wildner,17536,False,Wander Wildner
17537,Charme Chulo,17537,False,Charme Chulo
17538,Torcida Independente,17538,False,Torcida Independente
17539,Giovanni Caruso e o Escambau,17539,False,Giovanni Caruso e o Escambau
17540,HollywoodsFinest,17540,False,HollywoodsFinest
17541,Favorite,17541,False,Favorite
17542,JAW,17542,False,JAW
17543,Bass Sultan Hengzt,17543,False,Bass Sultan Hengzt
17544,Telly Tellz,17544,False,Telly Tellz
17545,Berlins Most Wanted,17545,False,Berlins Most Wanted
17546,Celo & Abdi,17546,False,Celo & Abdi
17547,Sonny Black & Saad,17547,False,Sonny Black & Saad
17548,Snaga Und Fard,17548,False,Snaga Und Fard
17549,Godsilla,17549,False,Godsilla
17550,Snaga & Pillath,17550,False,Snaga & Pillath
17551,Frank White und Godsilla,17551,False,Frank White und Godsilla
17552,Tha Realest,17552,False,Tha Realest
17553,Favorite & Hollywood Hank,17553,False,Favorite & Hollywood Hank
17554,UniKKatiL,17554,False,UniKKatiL
17555,Eko Fresh,17555,False,Eko Fresh
17556,Warheit,17556,False,Warheit
17557,Automatikk,17557,False,Automatikk
17558,JAW und Hollywood Hank,17558,False,JAW und Hollywood Hank
17559,Nyze,17559,False,Nyze
17562,Archie Powell & The Exports,17562,False,Archie Powell & The Exports
17563,Paul Westerberg,17563,False,Paul Westerberg
17564,John Hiatt,17564,False,John Hiatt
17565,Don Dixon,17565,False,Don Dixon
17566,Grand Champeen,17566,False,Grand Champeen
17567,Rhett Miller,17567,False,Rhett Miller
17568,Tommy Keene,17568,False,Tommy Keene
17569,Lisa Taylor,17569,False,Lisa Taylor
17570,The Beat Farmers,17570,False,The Beat Farmers
17571,Amanda Lear,17571,False,Amanda Lear
17572,Mirko Oberto,17572,False,Mirko Oberto
17573,Princess Sarah,17573,False,Princess Sarah
17574,Marin,17574,False,Marin
17575,chubby fingers,17575,False,chubby fingers
17576,Misstress Barbara,17576,False,Misstress Barbara
17577,Dirty Vegas,17577,False,Dirty Vegas
17578,Nightriders,17578,False,Nightriders
17579,Mirko Oberto feat. Amanda Lear,17579,False,Mirko Oberto feat. Amanda Lear
17580,Zowie,17580,False,Zowie
17581,Escort,17581,False,Escort
17582,Dirt Club,17582,False,Dirt Club
17583,Human Life,17583,False,Human Life
17584,Chelonis R. Jones,17584,False,Chelonis R. Jones
17585,Velvet d'amour,17585,False,Velvet d'amour
17586,Selambé,17586,False,Selambé
17587,Lay Low,17587,False,Lay Low
17588,Chris Bondy,17588,False,Chris Bondy
17589,Violens,17589,False,Violens
17605,Chali 2na,17605,False,Chali 2na
17606,Raphael Saadiq,17606,False,Raphael Saadiq
17607,Romeo i Julia,17607,False,Romeo i Julia
17608,Pezet&Małolat,17608,False,Pezet&Małolat
17609,Guy Sebastian,17609,False,Guy Sebastian
17610,Projekt Ostry Emade,17610,False,Projekt Ostry Emade
17611,Sobota,17611,False,Sobota
17612,Mutya Buena,17612,False,Mutya Buena
17613,Stuart Newman,17613,False,Stuart Newman
17614,Ray Romano,17614,False,Ray Romano
17615,Bill Cosby,17615,False,Bill Cosby
17616,Richard Pryor,17616,False,Richard Pryor
17617,Matt Skiba,17617,False,Matt Skiba
17618,Pablo Francisco,17618,False,Pablo Francisco
17619,The Paddingtons,17619,False,The Paddingtons
17620,Charlee,17620,False,Charlee
17621,Christopher Wilde.,17621,False,Christopher Wilde.
17622,Silent Hill,17622,False,Silent Hill
17623,The Groove Farm,17623,False,The Groove Farm
17624,Cubismo Grafico,17624,False,Cubismo Grafico
17625,El Chojin,17625,False,El Chojin
17626,Jacqueline du Pré,17626,False,Jacqueline du Pré
17627,Oren Lavie,17627,False,Oren Lavie
17628,Bersuit Vergarabat,17628,False,Bersuit Vergarabat
17629,Akwid,17629,False,Akwid
17630,Eisregen,17630,False,Eisregen
17631,As We Fight,17631,False,As We Fight
17632,Kaleidoscope,17632,False,Kaleidoscope
17633,Silence Dead,17633,False,Silence Dead
17634,Decoder,17634,False,Decoder
17635,Everyone Dies in Utah,17635,False,Everyone Dies in Utah
17636,Swarms,17636,False,Swarms
17637,Solex,17637,False,Solex
17638,Trost,17638,False,Trost
17639,Cobra Killer,17639,False,Cobra Killer
17640,Sing-Sing,17640,False,Sing-Sing
17641,Dot Allison,17641,False,Dot Allison
17642,Mancini,17642,False,Mancini
17644,Eartha Kitt,17644,False,Eartha Kitt
17645,Dalida,17645,False,Dalida
17646,Liza Minnelli,17646,False,Liza Minnelli
17647,Semiramis Pekkan,17647,False,Semiramis Pekkan
17648,Petula Clark,17648,False,Petula Clark
17649,Bülent Ersoy,17649,False,Bülent Ersoy
17650,Michelle Pfeiffer,17650,False,Michelle Pfeiffer
17651,Stephen Trask,17651,False,Stephen Trask
17652,Sammy Hagar,17652,False,Sammy Hagar
17653,PENICILLIN,17653,False,PENICILLIN
17654,ｂｏｒｎ,17654,False,ｂｏｒｎ
17655,ＶａｎｅｓｓＡ,17655,False,ＶａｎｅｓｓＡ
17656,BAELSCOPE,17656,False,BAELSCOPE
17657,Matenrou Opera,17657,False,Matenrou Opera
17658,サディ,17658,False,サディ
17659,ｍａｃｈｉｎｅ,17659,False,ｍａｃｈｉｎｅ
17660,ダリ,17660,False,ダリ
17661,An Cafe,17661,False,An Cafe
17662,ヴァルナ,17662,False,ヴァルナ
17663,DOGinTheパラレルワールドオーケストラ,17663,False,DOGinTheパラレルワールドオーケストラ
17664,ダウナー,17664,False,ダウナー
17665,Nano,17665,False,Nano
17666,Duel Jewel,17666,False,Duel Jewel
17667,Gothika,17667,False,Gothika
17668,And,17668,False,And
17669,V-last.,17669,False,V-last.
17670,Dear Bitch,17670,False,Dear Bitch
17671,Maverick,17671,False,Maverick
17672,ハートレス,17672,False,ハートレス
17673,トゥーン工場,17673,False,トゥーン工場
17674,The LEGENDARY SIX NINE,17674,False,The LEGENDARY SIX NINE
17675,Lc5,17675,False,Lc5
17676,as.milk,17676,False,as.milk
17677,ブローディア,17677,False,ブローディア
17678,ｂｏｏｇｉｅｍａｎ,17678,False,ｂｏｏｇｉｅｍａｎ
17679,ＰＥＲＥＳＴＲＯＩＫＡ,17679,False,ＰＥＲＥＳＴＲＯＩＫＡ
17680,ＲＥＤ,17680,False,ＲＥＤ
17681,Envus,17681,False,Envus
17682,アンデット,17682,False,アンデット
17683,Hi:BRiD,17683,False,Hi:BRiD
17684,ダリス,17684,False,ダリス
17685,Two Hours Traffic,17685,False,Two Hours Traffic
17686,Dj V.ReetMix - ES 6 / 12. Yolanda Be Cool & DCUP,17686,False,Dj V.ReetMix - ES 6 / 12. Yolanda Be Cool & DCUP
17687,Pariah,17687,False,Pariah
17688,Секрет,17688,False,Секрет
17689,Berndsen,17689,False,Berndsen
17699,Bongwater,17699,False,Bongwater
17700,Mark Thomas,17700,False,Mark Thomas
17701,Flanders and Swann,17701,False,Flanders and Swann
17702,Pop Will Eat Itself,17702,False,Pop Will Eat Itself
17703,Esplendor Geométrico,17703,False,Esplendor Geométrico
17704,Sonar,17704,False,Sonar
17705,Douglas Adams,17705,False,Douglas Adams
17706,Cassetteboy,17706,False,Cassetteboy
17707,Hybryds,17707,False,Hybryds
17708,The Sidewinder,17708,False,The Sidewinder
17709,Patrick Jones,17709,False,Patrick Jones
17710,Skinnyman,17710,False,Skinnyman
17711,Synth-Etik,17711,False,Synth-Etik
17712,松浦亜弥,17712,False,松浦亜弥
17713,北出菜奈,17713,False,北出菜奈
17714,メロン記念日,17714,False,メロン記念日
17715,茅原実里,17715,False,茅原実里
17716,月島きらり starring 久住小春(モーニング娘。),17716,False,月島きらり starring 久住小春(モーニング娘。)
17717,美勇伝,17717,False,美勇伝
17718,矢井田瞳,17718,False,矢井田瞳
17719,Miz,17719,False,Miz
17720,堀江由衣,17720,False,堀江由衣
17721,安倍なつみ,17721,False,安倍なつみ
17722,高橋瞳,17722,False,高橋瞳
17723,中澤裕子,17723,False,中澤裕子
17724,ハロー！プロジェクト,17724,False,ハロー！プロジェクト
17725,キャナァーリ倶楽部,17725,False,キャナァーリ倶楽部
17726,福井舞,17726,False,福井舞
17727,藤本美貴,17727,False,藤本美貴
17728,Елена,17728,False,Елена
17729,Емануела,17729,False,Емануела
17730,Benassi Bros.,17730,False,Benassi Bros.
17731,Velotroz,17731,False,Velotroz
17732,Marcelo Camelo & Mallu Magalhães,17732,False,Marcelo Camelo & Mallu Magalhães
17733,Pullovers,17733,False,Pullovers
17734,Ronei Jorge e os Ladrões de Bicicleta,17734,False,Ronei Jorge e os Ladrões de Bicicleta
17735,PS I Love You,17735,False,PS I Love You
17736,Glen Hansard,17736,False,Glen Hansard
17737,Chá de Abu,17737,False,Chá de Abu
17738,Sad King,17738,False,Sad King
17739,Rodrigo Amarante & Fernanda Takai,17739,False,Rodrigo Amarante & Fernanda Takai
17740,College 11,17740,False,College 11
17741,Claudia Albuquerque,17741,False,Claudia Albuquerque
17742,Honest Bob and the Factory-to-Dealer Incentives,17742,False,Honest Bob and the Factory-to-Dealer Incentives
17743,Ocarina of Time,17743,False,Ocarina of Time
17744,Said the Whale,17744,False,Said the Whale
17745,Yoshi's Story,17745,False,Yoshi's Story
17746,Cities Fall,17746,False,Cities Fall
17747,Moonlight Ransom,17747,False,Moonlight Ransom
17748,Aranté Spires,17748,False,Aranté Spires
17749,Talek R. Julian,17749,False,Talek R. Julian
17750,Evil Dead Original Off-Broadway Cast,17750,False,Evil Dead Original Off-Broadway Cast
17751,legend of zelda,17751,False,legend of zelda
17752,Celestial Aeon Project,17752,False,Celestial Aeon Project
17753,エンジェル隊,17753,False,エンジェル隊
17754,MOSAIC.WAV,17754,False,MOSAIC.WAV
17755,supercell feat. 初音ミク,17755,False,supercell feat. 初音ミク
17756,MOSAIC.WAV×鶴田加茂,17756,False,MOSAIC.WAV×鶴田加茂
17757,ave;new,17757,False,ave;new
17758,Wulfgang Amadeus Mozart,17758,False,Wulfgang Amadeus Mozart
17759,Yuko Goto,17759,False,Yuko Goto
17760,TeddyLoid,17760,False,TeddyLoid
17761,ランカ・リー＝中島愛,17761,False,ランカ・リー＝中島愛
17762,TCY Force,17762,False,TCY Force
17763,フェイト・テスタロッサ,17763,False,フェイト・テスタロッサ
17764,Ranka Lee,17764,False,Ranka Lee
17765,八神　はやて,17765,False,八神　はやて
17766,Johann Pachelbel,17766,False,Johann Pachelbel
17767,hoshina anniversary,17767,False,hoshina anniversary
17768,シェリル・ノーム,17768,False,シェリル・ノーム
17769,BRAHMS,17769,False,BRAHMS
17770,"Tamura Yukari, Nana Mizuki and Nanoha A's Seiyuu",17770,False,"Tamura Yukari, Nana Mizuki and Nanoha A's Seiyuu"
17771,Hiroaki Sano,17771,False,Hiroaki Sano
17772,Iwasaki Tarou,17772,False,Iwasaki Tarou
17773,Sheryl Nome / Ranka Lee,17773,False,Sheryl Nome / Ranka Lee
17774,Kuwatani Natsuko,17774,False,Kuwatani Natsuko
17775,Sheryl Nome,17775,False,Sheryl Nome
17776,高町　なのは　（田村　ゆかり）,17776,False,高町　なのは　（田村　ゆかり）
17783,Faunts,17783,False,Faunts
17786,Bellize,17786,False,Bellize
17787,Faber Drive,17787,False,Faber Drive
17788,The All American Rejects,17788,False,The All American Rejects
17789,To Tell,17789,False,To Tell
17790,Plus 44,17790,False,Plus 44
17791,Neverstore,17791,False,Neverstore
17792,The Beatmasters,17792,False,The Beatmasters
17793,Tin Tin Out,17793,False,Tin Tin Out
17794,Betty Boo,17794,False,Betty Boo
17795,The Surf Coasters,17795,False,The Surf Coasters
17796,Data 80,17796,False,Data 80
17797,松尾清憲,17797,False,松尾清憲
17798,Les Rythmes Digitales,17798,False,Les Rythmes Digitales
17799,S'Express,17799,False,S'Express
17800,Family Fantastic,17800,False,Family Fantastic
17801,The Other Two,17801,False,The Other Two
17802,Urban Dance Squad,17802,False,Urban Dance Squad
17803,Sophie Rimheden,17803,False,Sophie Rimheden
17804,Eskimo Disco,17804,False,Eskimo Disco
17805,Huski,17805,False,Huski
17806,大沢誉志幸,17806,False,大沢誉志幸
17807,つじあやの,17807,False,つじあやの
17811,Daniel Boaventura,17811,False,Daniel Boaventura
17812,DragonHeart,17812,False,DragonHeart
17813,Malefactor,17813,False,Malefactor
17814,Exxótica,17814,False,Exxótica
17815,Tardy Brothers,17815,False,Tardy Brothers
17816,Os Catalépticos,17816,False,Os Catalépticos
17817,Gangrena Gasosa,17817,False,Gangrena Gasosa
17818,Sick Sick Sinners,17818,False,Sick Sick Sinners
17833,Rik,17833,False,Rik
17834,Moya Brennan,17834,False,Moya Brennan
17835,Angy,17835,False,Angy
17836,Diego,17836,False,Diego
17837,Dj Flex ( Nigga ) Ft. Belinda,17837,False,Dj Flex ( Nigga ) Ft. Belinda
17838,Nigga Ft. Belinda,17838,False,Nigga Ft. Belinda
17839,Charlie Straight,17839,False,Charlie Straight
17840,Vypsaná fiXa,17840,False,Vypsaná fiXa
17841,Larrikin Love,17841,False,Larrikin Love
17842,AirFare,17842,False,AirFare
17843,Xindl X,17843,False,Xindl X
17844,Xavier Baumaxa,17844,False,Xavier Baumaxa
17845,Chaozz,17845,False,Chaozz
17846,Piebald,17846,False,Piebald
17847,Paul Baribeau,17847,False,Paul Baribeau
17848,Hot Pink Karma,17848,False,Hot Pink Karma
17849,Harvey Danger,17849,False,Harvey Danger
17850,J Roddy Walston and The Business,17850,False,J Roddy Walston and The Business
17851,Nico Vega,17851,False,Nico Vega
17852,Johnny Hobo and the Freight Trains,17852,False,Johnny Hobo and the Freight Trains
17853,jt royster,17853,False,jt royster
17854,The Charade,17854,False,The Charade
17855,The Botticellis,17855,False,The Botticellis
17856,Alessandra Leão,17856,False,Alessandra Leão
17865,Tyrone Wells,17865,False,Tyrone Wells
17866,Gregory Alan Isakov,17866,False,Gregory Alan Isakov
17867,Grimes,17867,False,Grimes
17868,Juels,17868,False,Juels
17869,sean nicholas savage,17869,False,sean nicholas savage
17870,DM Stith,17870,False,DM Stith
17871,Five O'Clock People,17871,False,Five O'Clock People
17872,Blue Merle,17872,False,Blue Merle
17873,The Mary Onettes,17873,False,The Mary Onettes
17874,fops,17874,False,fops
17875,Newsboys,17875,False,Newsboys
17876,The A-Sides,17876,False,The A-Sides
17877,Wolftron,17877,False,Wolftron
17878,木村カエラ,17878,False,木村カエラ
17879,Briskeby,17879,False,Briskeby
17880,DREAMS COME TRUE,17880,False,DREAMS COME TRUE
17881,元ちとせ,17881,False,元ちとせ
17882,氷室京介,17882,False,氷室京介
17883,Corey Smith,17883,False,Corey Smith
17884,Brantley Gilbert,17884,False,Brantley Gilbert
17885,Images in Vogue,17885,False,Images in Vogue
17886,Five Star Fall,17886,False,Five Star Fall
17887,Martha and the Muffins,17887,False,Martha and the Muffins
17888,Amphibious Assault,17888,False,Amphibious Assault
17889,The Diodes,17889,False,The Diodes
17890,Blue Peter,17890,False,Blue Peter
17891,Caco van Hollanda,17891,False,Caco van Hollanda
17892,American Stronda,17892,False,American Stronda
17898,Hey Rosetta!,17898,False,Hey Rosetta!
17899,Day26,17899,False,Day26
17900,PENS,17900,False,PENS
17901,Kenickie,17901,False,Kenickie
17902,Bolt Action Five,17902,False,Bolt Action Five
17903,Chromatics,17903,False,Chromatics
17904,CFCF,17904,False,CFCF
17905,Suburban Lawns,17905,False,Suburban Lawns
17906,Spearmint,17906,False,Spearmint
17907,Life Without Buildings,17907,False,Life Without Buildings
17908,Die! Die! Die!,17908,False,Die! Die! Die!
17909,Thunderbirds Are Now!,17909,False,Thunderbirds Are Now!
17910,Colder,17910,False,Colder
17911,Leo Laporte,17911,False,Leo Laporte
17912,Jessie Baylin,17912,False,Jessie Baylin
17913,Quentin Elias,17913,False,Quentin Elias
17914,Sean Ensign,17914,False,Sean Ensign
17915,Nu Jerzey Devil,17915,False,Nu Jerzey Devil
17916,Saez,17916,False,Saez
17917,Elista,17917,False,Elista
17925,Loaded,17925,False,Loaded
17926,Fashawn,17926,False,Fashawn
17927,Termanology,17927,False,Termanology
17928,Rhymefest,17928,False,Rhymefest
17929,Crooked I,17929,False,Crooked I
17930,Joell Ortiz,17930,False,Joell Ortiz
17931,Pill,17931,False,Pill
17934,Zwan,17934,False,Zwan
17935,Sabertooth Zombie,17935,False,Sabertooth Zombie
17936,Ghostlimb,17936,False,Ghostlimb
17937,Dangers,17937,False,Dangers
17938,Lewd Acts,17938,False,Lewd Acts
17939,Straight Ahead,17939,False,Straight Ahead
17940,Graf Orlock,17940,False,Graf Orlock
17941,Shipwreck A.D.,17941,False,Shipwreck A.D.
17942,Colin of Arabia,17942,False,Colin of Arabia
17943,XFilesX,17943,False,XFilesX
17944,Mind Eraser,17944,False,Mind Eraser
17945,Reign Supreme,17945,False,Reign Supreme
17946,Sinking Ships,17946,False,Sinking Ships
17947,Comadre,17947,False,Comadre
17948,Witch Hunt,17948,False,Witch Hunt
17949,Ten Yard Fight,17949,False,Ten Yard Fight
17950,Bracewar,17950,False,Bracewar
17951,Killing the Dream,17951,False,Killing the Dream
17952,Betrayed,17952,False,Betrayed
17953,The Number Twelve Looks Like You,17953,False,The Number Twelve Looks Like You
17954,Tipper,17954,False,Tipper
17955,WWW,17955,False,WWW
17956,The Herbaliser,17956,False,The Herbaliser
17957,-123 min.,17957,False,-123 min.
17958,Radioactivo,17958,False,Radioactivo
17959,マキシマム ザ ホルモン,17959,False,マキシマム ザ ホルモン
17960,Underground Resistance,17960,False,Underground Resistance
17961,2562,17961,False,2562
17962,Alva Noto + Ryuichi Sakamoto,17962,False,Alva Noto + Ryuichi Sakamoto
17963,Nortec Collective Fussible/Nortec Collective Bostich,17963,False,Nortec Collective Fussible/Nortec Collective Bostich
17964,Andy Stott,17964,False,Andy Stott
17965,Alexander Robotnick,17965,False,Alexander Robotnick
17966,Anthony Shakir,17966,False,Anthony Shakir
17967,Frivolous,17967,False,Frivolous
17968,Burnt Friedman & Jaki Liebezeit,17968,False,Burnt Friedman & Jaki Liebezeit
17969,Prins Thomas,17969,False,Prins Thomas
17970,Agoria,17970,False,Agoria
17971,Nacho Patrol,17971,False,Nacho Patrol
17972,Drexciya,17972,False,Drexciya
17973,Model 500,17973,False,Model 500
17974,Guillamino,17974,False,Guillamino
17975,Dick El Demasiado,17975,False,Dick El Demasiado
17976,Lokai,17976,False,Lokai
17977,The Detroit Experiment,17977,False,The Detroit Experiment
17978,Inti-Illimani,17978,False,Inti-Illimani
17979,Karmate,17979,False,Karmate
17980,Ida,17980,False,Ida
17981,Mercan Dede,17981,False,Mercan Dede
17982,Aynur Doğan,17982,False,Aynur Doğan
17983,Brenna MacCrimmon,17983,False,Brenna MacCrimmon
17984,Fatima Spar und die Freedom Fries,17984,False,Fatima Spar und die Freedom Fries
17985,Amparanoia,17985,False,Amparanoia
17986,Sonbahar Film Müzikleri,17986,False,Sonbahar Film Müzikleri
17987,El Robot Bajo El Agua,17987,False,El Robot Bajo El Agua
17988,Fryderyk Chopin,17988,False,Fryderyk Chopin
17989,El mató a un Policía Motorizado,17989,False,El mató a un Policía Motorizado
17990,Riceboy Sleeps,17990,False,Riceboy Sleeps
17991,Kane Roberts,17991,False,Kane Roberts
17992,Aldo Nova,17992,False,Aldo Nova
17993,Sabrina Washington,17993,False,Sabrina Washington
17994,Abhaya & the Steam Injuns,17994,False,Abhaya & the Steam Injuns
17995,Astha Tamang Maskey,17995,False,Astha Tamang Maskey
17996,Narayan Gopal,17996,False,Narayan Gopal
17997,Nepathya,17997,False,Nepathya
17998,Kutumba,17998,False,Kutumba
17999,Ghulam Ali,17999,False,Ghulam Ali
18000,1974 AD,18000,False,1974 AD
18001,www.songs.pk,18001,False,www.songs.pk
18002,The 88,18002,False,The 88
18003,1SaGain,18003,False,1SaGain
18004,Turn,18004,False,Turn
18005,Eminence Symphony Orchestra,18005,False,Eminence Symphony Orchestra
18006,AZU,18006,False,AZU
18007,Suemitsu & THE Suemith,18007,False,Suemitsu & THE Suemith
18008,Magnet,18008,False,Magnet
18009,Kubb,18009,False,Kubb
18010,Oliver Shanti,18010,False,Oliver Shanti
18011,July Skies,18011,False,July Skies
18012,Broken Fist,18012,False,Broken Fist
18013,Enjoy Your Summer,18013,False,Enjoy Your Summer
18014,James Oclahoma,18014,False,James Oclahoma
18015,Xtuna,18015,False,Xtuna
18022,Braia,18022,False,Braia
18023,Salon Niezależnych,18023,False,Salon Niezależnych
18024,Artur Andrus,18024,False,Artur Andrus
18025,M. Zebaty J. Janczarski,18025,False,M. Zebaty J. Janczarski
18026,Adanowsky,18026,False,Adanowsky
18027,Radio Silence,18027,False,Radio Silence
18028,Rhythm of Mankind & Nature,18028,False,Rhythm of Mankind & Nature
18029,Triangle Sun,18029,False,Triangle Sun
18030,Homeless Balloon,18030,False,Homeless Balloon
18031,Alexander V.Mogilco,18031,False,Alexander V.Mogilco
18032,Origen,18032,False,Origen
18033,The Nexion-Project,18033,False,The Nexion-Project
18034,Iloyd,18034,False,Iloyd
18035,Gary B,18035,False,Gary B
18036,Deep Enfant,18036,False,Deep Enfant
18037,B-Tribe,18037,False,B-Tribe
18038,Blue Stone,18038,False,Blue Stone
18039,Rue du Soleil,18039,False,Rue du Soleil
18040,Green Sun,18040,False,Green Sun
18041,Tristeria,18041,False,Tristeria
18042,The Wimshurst's Machine,18042,False,The Wimshurst's Machine
18043,Daniel Masson,18043,False,Daniel Masson
18044,Jason Edward Dudley,18044,False,Jason Edward Dudley
18045,Alan Steward,18045,False,Alan Steward
18046,Reunited,18046,False,Reunited
18047,Aonua,18047,False,Aonua
18048,Alejandro de Pinedo,18048,False,Alejandro de Pinedo
18049,dJ mAx dReamer,18049,False,dJ mAx dReamer
18050,Paul Schwartz,18050,False,Paul Schwartz
18051,Koru,18051,False,Koru
18052,Mythos,18052,False,Mythos
18053,Deva Premal,18053,False,Deva Premal
18054,Endless Blue,18054,False,Endless Blue
18055,Temple Scene,18055,False,Temple Scene
18056,Michael Hornstein,18056,False,Michael Hornstein
18057,Ismeretlen előadó,18057,False,Ismeretlen előadó
18058,Jens Gad,18058,False,Jens Gad
18059,YPEY,18059,False,YPEY
18060,Sway,18060,False,Sway
18061,"Meth, Ghost & Rae",18061,False,"Meth, Ghost & Rae"
18062,DJ Premier,18062,False,DJ Premier
18063,Blaq Poet,18063,False,Blaq Poet
18064,KRS-One,18064,False,KRS-One
18065,Rock of Heltah Skeltah,18065,False,Rock of Heltah Skeltah
18066,9th Wonder & Buckshot,18066,False,9th Wonder & Buckshot
18067,Goldie,18067,False,Goldie
18068,Tunnelvison,18068,False,Tunnelvison
18069,KRS-One & Marley Marl,18069,False,KRS-One & Marley Marl
18070,Marco Polo & Ruste Juxx,18070,False,Marco Polo & Ruste Juxx
18071,The Bug,18071,False,The Bug
18072,Juggaknots,18072,False,Juggaknots
18073,Goodie Mob,18073,False,Goodie Mob
18074,Twitch The Ripper,18074,False,Twitch The Ripper
18075,Dert Floyd,18075,False,Dert Floyd
18076,YOB,18076,False,YOB
18077,Swallow the Sun,18077,False,Swallow the Sun
18078,Jason Collett,18078,False,Jason Collett
18079,Thrush Hermit,18079,False,Thrush Hermit
18080,Dan Mangan,18080,False,Dan Mangan
18081,Wintersleep,18081,False,Wintersleep
18082,Amy Millan,18082,False,Amy Millan
18083,Aura,18083,False,Aura
18084,Forest City Lovers,18084,False,Forest City Lovers
18085,The Hot Toddies,18085,False,The Hot Toddies
18086,Parts & Labor,18086,False,Parts & Labor
18087,You Say Party! We Say Die!,18087,False,You Say Party! We Say Die!
18088,Hannah Georgas,18088,False,Hannah Georgas
18089,Vinnie Who,18089,False,Vinnie Who
18090,Rosario Bléfari,18090,False,Rosario Bléfari
18091,Clã,18091,False,Clã
18092,The Free Association,18092,False,The Free Association
18093,“V–е,18093,False,“V–е
18094,Deuter,18094,False,Deuter
18095,Halves,18095,False,Halves
18096,DeaDKeDы,18096,False,DeaDKeDы
18097,Ёлка,18097,False,Ёлка
18098,MIDIMarc,18098,False,MIDIMarc
18099,Mick Boogie & Terry Urban,18099,False,Mick Boogie & Terry Urban
18100,4chan,18100,False,4chan
18101,Swishahouse & DJ Michael 5000 Watts,18101,False,Swishahouse & DJ Michael 5000 Watts
18102,DVDA,18102,False,DVDA
18103,DJ Screw,18103,False,DJ Screw
18104,Square Enix,18104,False,Square Enix
18105,Chalie Boy,18105,False,Chalie Boy
18106,Ramon Ayala Y Los Bravos Del Norte,18106,False,Ramon Ayala Y Los Bravos Del Norte
18107,Beto Quintanilla,18107,False,Beto Quintanilla
18108,Trae,18108,False,Trae
18109,Mindthings,18109,False,Mindthings
18110,Rakim Y Ken-Y,18110,False,Rakim Y Ken-Y
18111,Z-Ro,18111,False,Z-Ro
18112,Big Mike,18112,False,Big Mike
18113,Los Cadetes de Linares,18113,False,Los Cadetes de Linares
18114,The Post-Modern Cliche,18114,False,The Post-Modern Cliche
18115,Zion y Lennox,18115,False,Zion y Lennox
18116,The Beatles with Billy Preston,18116,False,The Beatles with Billy Preston
18117,Scott McKenzie,18117,False,Scott McKenzie
18118,Mypollux,18118,False,Mypollux
18119,Life's Decay,18119,False,Life's Decay
18120,Cidadão Instigado,18120,False,Cidadão Instigado
18121,Rytmus,18121,False,Rytmus
18122,Kontrafakt,18122,False,Kontrafakt
18123,Gyurcsány Feree és a Mardel,18123,False,Gyurcsány Feree és a Mardel
18124,"Sqad Up, Lil Wayne",18124,False,"Sqad Up, Lil Wayne"
18125,After One,18125,False,After One
18126,H16,18126,False,H16
18127,FankaDeli,18127,False,FankaDeli
18128,Majka,18128,False,Majka
18129,Andreea Banica,18129,False,Andreea Banica
18130,"Three 6 Mafia feat. Flo Rida, Sean Kingston & Tiësto",18130,False,"Three 6 Mafia feat. Flo Rida, Sean Kingston & Tiësto"
18131,Ida Corr vs. Fedde Le Grand,18131,False,Ida Corr vs. Fedde Le Grand
18132,Mr.Busta,18132,False,Mr.Busta
18133,Boyz N Da Hood,18133,False,Boyz N Da Hood
18134,\Eminem f_ Rihanna,18134,False,\Eminem f_ Rihanna
18135,Arkaea,18135,False,Arkaea
18136,Mutha's Day Out,18136,False,Mutha's Day Out
18137,Superjoint Ritual,18137,False,Superjoint Ritual
18145,Stray,18145,False,Stray
18146,NGC 1365,18146,False,NGC 1365
18147,Anonymous 4,18147,False,Anonymous 4
18148,Death Panel,18148,False,Death Panel
18149,Acidwolf,18149,False,Acidwolf
18150,Erica Dunham,18150,False,Erica Dunham
18151,Unai,18151,False,Unai
18152,Little People,18152,False,Little People
18153,Bartel,18153,False,Bartel
18154,Plastic Operator,18154,False,Plastic Operator
18155,Enface,18155,False,Enface
18156,Нэнси,18156,False,Нэнси
18157,ГDР,18157,False,ГDР
18158,Laurie Anderson,18158,False,Laurie Anderson
18159,Eivind Aarset,18159,False,Eivind Aarset
18160,Arve Henriksen,18160,False,Arve Henriksen
18161,Stian Westerhus,18161,False,Stian Westerhus
18162,PUMA,18162,False,PUMA
18163,John Abercrombie,18163,False,John Abercrombie
18164,"Bjornstad, Darling, Rypdal & Christensen",18164,False,"Bjornstad, Darling, Rypdal & Christensen"
18165,Dorian Concept,18165,False,Dorian Concept
18166,Iannis Xenakis,18166,False,Iannis Xenakis
18167,Serdar Ateser,18167,False,Serdar Ateser
18168,Othin Spake,18168,False,Othin Spake
18169,Sidsel Endresen & Bugge Wesseltoft,18169,False,Sidsel Endresen & Bugge Wesseltoft
18170,Wibutee,18170,False,Wibutee
18171,Avishai Cohen,18171,False,Avishai Cohen
18172,Steve Coleman and Five Elements,18172,False,Steve Coleman and Five Elements
18173,Kurt Rosenwinkel,18173,False,Kurt Rosenwinkel
18174,Ursula Rucker,18174,False,Ursula Rucker
18175,Terje Rypdal,18175,False,Terje Rypdal
18176,Nik Bärtsch's Ronin,18176,False,Nik Bärtsch's Ronin
18177,Arild Andersen Group,18177,False,Arild Andersen Group
18178,Brian Eno & Jah Wobble,18178,False,Brian Eno & Jah Wobble
18179,The Mount Fuji Doomjazz Corporation,18179,False,The Mount Fuji Doomjazz Corporation
18180,Håkon Kornstad,18180,False,Håkon Kornstad
18181,Brian Eno & J. Peter Schwalm,18181,False,Brian Eno & J. Peter Schwalm
18182,Eberhard Weber,18182,False,Eberhard Weber
18183,Live Maria Roggen,18183,False,Live Maria Roggen
18184,Jon Hassell,18184,False,Jon Hassell
18185,Kissey Asplund,18185,False,Kissey Asplund
18186,Jan Bang,18186,False,Jan Bang
18187,Monoceros,18187,False,Monoceros
18188,Nikakoi,18188,False,Nikakoi
18189,Audiokonstrukte,18189,False,Audiokonstrukte
18190,Danny Bow,18190,False,Danny Bow
18191,sayCeT,18191,False,sayCeT
18192,Grandma,18192,False,Grandma
18193,Cex,18193,False,Cex
18194,buried|cable,18194,False,buried|cable
18195,Yarema,18195,False,Yarema
18196,YVAT,18196,False,YVAT
18197,РАДИОПРОЕКТОР,18197,False,РАДИОПРОЕКТОР
18198,Noon,18198,False,Noon
18199,Acumen,18199,False,Acumen
18200,Thorshji,18200,False,Thorshji
18201,Karsten Pflum,18201,False,Karsten Pflum
18202,Spoonbill,18202,False,Spoonbill
18203,flood feelings,18203,False,flood feelings
18204,Speaka,18204,False,Speaka
18205,Pig Destroyer,18205,False,Pig Destroyer
18206,XXX Maniak,18206,False,XXX Maniak
18207,Weakness,18207,False,Weakness
18208,Rocco DeLuca & The Burden,18208,False,Rocco DeLuca & The Burden
18209,Sonya Kitchell,18209,False,Sonya Kitchell
18210,Justin Young,18210,False,Justin Young
18211,Straight No Chaser,18211,False,Straight No Chaser
18212,Vincent Van Go Go,18212,False,Vincent Van Go Go
18213,Hush,18213,False,Hush
18214,Soular,18214,False,Soular
18215,The Commitments,18215,False,The Commitments
18216,Northern State,18216,False,Northern State
18223,Друга Ріка,18223,False,Друга Ріка
18224,Time Bandits,18224,False,Time Bandits
18225,Al Stewart,18225,False,Al Stewart
18226,Fra Lippo Lippi,18226,False,Fra Lippo Lippi
18227,STS9,18227,False,STS9
18228,lulz,18228,False,lulz
18229,VFSix,18229,False,VFSix
18230,VFSix feat. Pat Appleton,18230,False,VFSix feat. Pat Appleton
18231,Angela McCluskey,18231,False,Angela McCluskey
18232,THEreminGIRL,18232,False,THEreminGIRL
18233,Roebeck,18233,False,Roebeck
18234,Lendi Vexer,18234,False,Lendi Vexer
18235,VFSix feat. S.C.E.,18235,False,VFSix feat. S.C.E.
18236,Lost Balance,18236,False,Lost Balance
18237,Harland,18237,False,Harland
18238,Zhong Chi,18238,False,Zhong Chi
18239,Monsieur Cheu,18239,False,Monsieur Cheu
18240,钟茌 Zhongchi,18240,False,钟茌 Zhongchi
18241,SK123,18241,False,SK123
18242,Mescalito,18242,False,Mescalito
18243,Lovespirals,18243,False,Lovespirals
18244,LA COCHINA,18244,False,LA COCHINA
18245,The Silk Demise,18245,False,The Silk Demise
18246,Öökülm,18246,False,Öökülm
18247,Emir Bey,18247,False,Emir Bey
18248,Subsollo,18248,False,Subsollo
18249,bassment,18249,False,bassment
18250,Dan Griober,18250,False,Dan Griober
18251,Solasoap,18251,False,Solasoap
18252,Quantifier,18252,False,Quantifier
18253,Sunday Munich,18253,False,Sunday Munich
18254,Savino,18254,False,Savino
18255,NEL's,18255,False,NEL's
18256,BO$$ in drama,18256,False,BO$$ in drama
18257,Xerox & Illumination,18257,False,Xerox & Illumination
18258,New Rave Kids On The Block,18258,False,New Rave Kids On The Block
18259,MC Gi,18259,False,MC Gi
18260,Gorump Peyya,18260,False,Gorump Peyya
18261,Gameboy/Gamegirl,18261,False,Gameboy/Gamegirl
18262,Designer Drugs,18262,False,Designer Drugs
18263,Kaci Battaglia,18263,False,Kaci Battaglia
18264,Christa Black,18264,False,Christa Black
18265,Heloísa Rosa,18265,False,Heloísa Rosa
18266,The Real Efforts Of Real People,18266,False,The Real Efforts Of Real People
18267,Sara Groves,18267,False,Sara Groves
18268,Joel & Luke,18268,False,Joel & Luke
18269,Lucas Souza Banda,18269,False,Lucas Souza Banda
18270,Agnes Carlsson,18270,False,Agnes Carlsson
18271,The Age of Information,18271,False,The Age of Information
18272,Jorge e Mateus Ao Vivo Goiania,18272,False,Jorge e Mateus Ao Vivo Goiania
18273,Virginia Nunes,18273,False,Virginia Nunes
18274,Victoria Justice and Simon Curtis,18274,False,Victoria Justice and Simon Curtis
18275,Shake It Up,18275,False,Shake It Up
18276,House MD,18276,False,House MD
18277,Lindsay Lohan/Lindsay Lohan/Lindsay Lohan/Lindsay Lohan/Lindsay Lohan,18277,False,Lindsay Lohan/Lindsay Lohan/Lindsay Lohan/Lindsay Lohan/Lindsay Lohan
18278,Love Generation,18278,False,Love Generation
18279,Jamie Lynn Spears,18279,False,Jamie Lynn Spears
18280,Fabrizio Moro,18280,False,Fabrizio Moro
18281,The Departure,18281,False,The Departure
18282,Shannon,18282,False,Shannon
18283,Expose,18283,False,Expose
18284,Company B,18284,False,Company B
18285,Safire,18285,False,Safire
18286,The Cover Girls,18286,False,The Cover Girls
18287,Noel,18287,False,Noel
18288,Technotronic,18288,False,Technotronic
18289,Freestyle Project,18289,False,Freestyle Project
18290,Fun Fun,18290,False,Fun Fun
18291,Fascination,18291,False,Fascination
18292,DJ Elkin,18292,False,DJ Elkin
18293,Manuella,18293,False,Manuella
18294,Monet,18294,False,Monet
18295,Freeez,18295,False,Freeez
18296,Pretty Poison,18296,False,Pretty Poison
18297,Peter Schilling,18297,False,Peter Schilling
18298,TKA,18298,False,TKA
18299,Hashim,18299,False,Hashim
18300,Ken Laszlo,18300,False,Ken Laszlo
18301,Cynthia,18301,False,Cynthia
18302,Freestyle,18302,False,Freestyle
18303,Prāta vētra,18303,False,Prāta vētra
18305,Brandon Heath,18305,False,Brandon Heath
18306,Satellites & Sirens,18306,False,Satellites & Sirens
18307,Me In Motion,18307,False,Me In Motion
18308,Μύρωνας Στρατής,18308,False,Μύρωνας Στρατής
18309,Josh Wilson,18309,False,Josh Wilson
18310,Above The Golden State,18310,False,Above The Golden State
18311,Luminate,18311,False,Luminate
18312,Sixteen Cities,18312,False,Sixteen Cities
18313,Anthem Lights,18313,False,Anthem Lights
18314,Ensource,18314,False,Ensource
18315,Stunt Rock,18315,False,Stunt Rock
18316,Nedry,18316,False,Nedry
18317,Sovacusa,18317,False,Sovacusa
18318,Vex'd,18318,False,Vex'd
18319,Lazyfish + Alexandroid,18319,False,Lazyfish + Alexandroid
18320,Lava,18320,False,Lava
18321,Scanners,18321,False,Scanners
18322,Astronautas,18322,False,Astronautas
18323,I Am Arrows,18323,False,I Am Arrows
18324,A-Part,18324,False,A-Part
18325,Blubell,18325,False,Blubell
18326,halil sezai paracıkoğlu,18326,False,halil sezai paracıkoğlu
18327,Tymphony,18327,False,Tymphony
18328,Prem Joshua,18328,False,Prem Joshua
18329,Serkan Çağrı,18329,False,Serkan Çağrı
18330,Omar Faruk Tekbilek,18330,False,Omar Faruk Tekbilek
18331,Aesthesys,18331,False,Aesthesys
18332,J.Viewz,18332,False,J.Viewz
18333,Halifax Pier,18333,False,Halifax Pier
18334,Sarah Michelle Gellar,18334,False,Sarah Michelle Gellar
18335,Jaymay,18335,False,Jaymay
18336,Arthur Russell,18336,False,Arthur Russell
18337,MONDO BOYS,18337,False,MONDO BOYS
18338,Space Mountain Mix Series,18338,False,Space Mountain Mix Series
18339,Lee Hazlewood,18339,False,Lee Hazlewood
18340,The Action,18340,False,The Action
18341,Castanets,18341,False,Castanets
18342,Jim Sullivan,18342,False,Jim Sullivan
18343,Flamin' Groovies,18343,False,Flamin' Groovies
18344,Seth Romatelli and Jonathan Larroquette,18344,False,Seth Romatelli and Jonathan Larroquette
18345,Hans-Joachim Roedelius,18345,False,Hans-Joachim Roedelius
18346,Tom Verlaine,18346,False,Tom Verlaine
18347,Sonny & The Sunsets,18347,False,Sonny & The Sunsets
18348,Chances With Wolves,18348,False,Chances With Wolves
18349,John Peel Peelenium,18349,False,John Peel Peelenium
18350,Bridget St. John,18350,False,Bridget St. John
18351,Taku Sugimoto/Moe Kamura,18351,False,Taku Sugimoto/Moe Kamura
18352,Alan Tew,18352,False,Alan Tew
18353,Puente Celeste,18353,False,Puente Celeste
18354,Anibal Troilo-Roberto Goyeneche,18354,False,Anibal Troilo-Roberto Goyeneche
18355,Bola de Nieve,18355,False,Bola de Nieve
18356,Liliana Herrero,18356,False,Liliana Herrero
18357,Beatriz Pichi Malén,18357,False,Beatriz Pichi Malén
18358,Jacques Loussier Trio,18358,False,Jacques Loussier Trio
18359,Alejandro del Prado,18359,False,Alejandro del Prado
18360,Tete Montoliu,18360,False,Tete Montoliu
18361,Afel Bocoum & Alkibar,18361,False,Afel Bocoum & Alkibar
18362,Oumou Sangare,18362,False,Oumou Sangare
18363,Cassandra Wilson,18363,False,Cassandra Wilson
18364,Mamani Keïta,18364,False,Mamani Keïta
18365,J. Rawls,18365,False,J. Rawls
18366,Hugo Díaz,18366,False,Hugo Díaz
18367,Jack McManus,18367,False,Jack McManus
18368,Tina Dico,18368,False,Tina Dico
18369,Jordyn Shellhart,18369,False,Jordyn Shellhart
18370,Tokyo Rose,18370,False,Tokyo Rose
18371,Whisper Signal,18371,False,Whisper Signal
18372,talons',18372,False,talons'
18373,Synchro,18373,False,Synchro
18374,Dirty Three,18374,False,Dirty Three
18375,Christopher O'Riley,18375,False,Christopher O'Riley
18376,Wye Oak,18376,False,Wye Oak
18377,Blue Water White Death,18377,False,Blue Water White Death
18378,Мертвий Півень,18378,False,Мертвий Півень
18379,Иисус Христос - Суперзвезда,18379,False,Иисус Христос - Суперзвезда
18380,Ольга Арефьева и Ковчег,18380,False,Ольга Арефьева и Ковчег
18381,Ольга Арефьева,18381,False,Ольга Арефьева
18382,Наив,18382,False,Наив
18383,Peter Nalitch,18383,False,Peter Nalitch
18384,Захар Май,18384,False,Захар Май
18385,Разные Люди,18385,False,Разные Люди
18386,Умка,18386,False,Умка
18387,Юта,18387,False,Юта
18388,Olallo Rubio,18388,False,Olallo Rubio
18389,Santa Hates You,18389,False,Santa Hates You
18390,Skold vs. KMFDM,18390,False,Skold vs. KMFDM
18391,The KLF,18391,False,The KLF
18392,Wilbur himself,18392,False,Wilbur himself
18393,Daniel Melero,18393,False,Daniel Melero
18394,Chillout & Ambient,18394,False,Chillout & Ambient
18395,Norman Brown,18395,False,Norman Brown
18396,David Benoit,18396,False,David Benoit
18397,Natalie Cole,18397,False,Natalie Cole
18398,Richard Elliot,18398,False,Richard Elliot
18399,Bob Welch,18399,False,Bob Welch
18400,Stacey Kent,18400,False,Stacey Kent
18401,Trey Gunn,18401,False,Trey Gunn
18402,Renee Olstead,18402,False,Renee Olstead
18403,Dianne Reeves,18403,False,Dianne Reeves
18404,Euge Groove,18404,False,Euge Groove
18405,Michael Lington,18405,False,Michael Lington
18406,Paul Taylor,18406,False,Paul Taylor
18407,Rippingtons,18407,False,Rippingtons
18408,Edvard Grieg,18408,False,Edvard Grieg
18409,Jeff Kashiwa,18409,False,Jeff Kashiwa
18410,Paul Davis,18410,False,Paul Davis
18411,Marc Antoine,18411,False,Marc Antoine
18412,Marion Meadows,18412,False,Marion Meadows
18413,Linda Eder,18413,False,Linda Eder
18414,Bill Bruford,18414,False,Bill Bruford
18424,Amycanbe,18424,False,Amycanbe
18425,Chilli,18425,False,Chilli
18426,Stefano Lunardini,18426,False,Stefano Lunardini
18427,Tre Allegri Ragazzi Morti,18427,False,Tre Allegri Ragazzi Morti
18428,DJ Trax,18428,False,DJ Trax
18429,Cesare Basile,18429,False,Cesare Basile
18430,Calla,18430,False,Calla
18431,Julie's Haircut,18431,False,Julie's Haircut
18432,Almamegretta,18432,False,Almamegretta
18433,Steven Severin,18433,False,Steven Severin
18434,Electric Disection,18434,False,Electric Disection
18435,Alexander Brandon,18435,False,Alexander Brandon
18436,Riz Ortolani,18436,False,Riz Ortolani
18437,Ray Lynch,18437,False,Ray Lynch
18438,Barclay James Harvest,18438,False,Barclay James Harvest
18439,Hot Chocolate,18439,False,Hot Chocolate
18440,Northern Kings,18440,False,Northern Kings
18441,Tiffany Thornton,18441,False,Tiffany Thornton
18442,The Last Dance,18442,False,The Last Dance
18443,Katzenjammer Kabarett,18443,False,Katzenjammer Kabarett
18444,The Shroud,18444,False,The Shroud
18445,The Breath of Life,18445,False,The Breath of Life
18446,Ego Likeness,18446,False,Ego Likeness
18447,Sunshine Blind,18447,False,Sunshine Blind
18448,Diva Destruction,18448,False,Diva Destruction
18449,"Ichiko Furukawa, Makoto Tonosu",18449,False,"Ichiko Furukawa, Makoto Tonosu"
18450,the Machine in the Garden,18450,False,the Machine in the Garden
18451,"Motoi Sakuraba, Hibiki Aoyama",18451,False,"Motoi Sakuraba, Hibiki Aoyama"
18452,Arabic Songs,18452,False,Arabic Songs
18453,Imperia,18453,False,Imperia
18454,Alabina,18454,False,Alabina
18455,Hakim,18455,False,Hakim
18456,Diana Haddad,18456,False,Diana Haddad
18457,Beto Vázquez Infinity,18457,False,Beto Vázquez Infinity
18458,Oh Laura,18458,False,Oh Laura
18459,British India,18459,False,British India
18460,Discobitch,18460,False,Discobitch
18461,Madonna & Antonio Banderas,18461,False,Madonna & Antonio Banderas
18462,Junior Caldera feat. Sophie Ellis Bextor,18462,False,Junior Caldera feat. Sophie Ellis Bextor
18463,Christina Aguilera a dúo con Luis Fonsi,18463,False,Christina Aguilera a dúo con Luis Fonsi
18464,"Christina Aguilera, Lil' Kim, Mya & Pink",18464,False,"Christina Aguilera, Lil' Kim, Mya & Pink"
18465,Mokoma,18465,False,Mokoma
18466,Iskald,18466,False,Iskald
18467,Vreid,18467,False,Vreid
18468,Catamenia,18468,False,Catamenia
18469,Verenpisara,18469,False,Verenpisara
18470,Imperium Dekadenz,18470,False,Imperium Dekadenz
18471,Stam1na,18471,False,Stam1na
18472,Ola Svensson,18472,False,Ola Svensson
18473,Stephen Warbeck,18473,False,Stephen Warbeck
18511,Robert Francis,18511,False,Robert Francis
18512,Bakkushan,18512,False,Bakkushan
18513,Bon Iver & St. Vincent,18513,False,Bon Iver & St. Vincent
18514,Boy,18514,False,Boy
18515,Hurricane Bells,18515,False,Hurricane Bells
18516,John James,18516,False,John James
18517,V Factory,18517,False,V Factory
18518,Tagtraum,18518,False,Tagtraum
18519,Chapeau Claque,18519,False,Chapeau Claque
18520,Saltatio Mortis,18520,False,Saltatio Mortis
18521,Flowing Tears,18521,False,Flowing Tears
18522,The Wohlstandskinder,18522,False,The Wohlstandskinder
18523,Planlos,18523,False,Planlos
18524,Letzte Instanz,18524,False,Letzte Instanz
18525,No Entry,18525,False,No Entry
18526,Black Tequila,18526,False,Black Tequila
18527,Untoten,18527,False,Untoten
18528,This or the Apocalypse,18528,False,This or the Apocalypse
18529,House of Heroes,18529,False,House of Heroes
18530,Becoming the Archetype,18530,False,Becoming the Archetype
18531,Tides of Man,18531,False,Tides of Man
18532,So Long Forgotten,18532,False,So Long Forgotten
18533,The Famine,18533,False,The Famine
18534,Culling the Weak,18534,False,Culling the Weak
18535,Antestor,18535,False,Antestor
18536,Colour Revolt,18536,False,Colour Revolt
18537,Halcyon,18537,False,Halcyon
18538,City In The Sea,18538,False,City In The Sea
18539,Living Sacrifice,18539,False,Living Sacrifice
18540,I Built The Cross,18540,False,I Built The Cross
18541,Returning We Hear the Larks,18541,False,Returning We Hear the Larks
18542,The Ascendicate,18542,False,The Ascendicate
18543,Advent,18543,False,Advent
18544,In the Midst of Lions,18544,False,In the Midst of Lions
18545,On Solid Ground,18545,False,On Solid Ground
18546,Psalters,18546,False,Psalters
18547,The Crucified,18547,False,The Crucified
18548,Mandi Perkins,18548,False,Mandi Perkins
18549,Paper Aeroplanes,18549,False,Paper Aeroplanes
18550,Elena,18550,False,Elena
18551,Alex Parks,18551,False,Alex Parks
18552,The Electric Diorama,18552,False,The Electric Diorama
18553,God Or Julie,18553,False,God Or Julie
18554,Jozeh Luiz,18554,False,Jozeh Luiz
18555,Paper Route,18555,False,Paper Route
18556,Sentidos Opuestos,18556,False,Sentidos Opuestos
18557,Patricia Manterola,18557,False,Patricia Manterola
18558,Axiz,18558,False,Axiz
18559,Archie Star,18559,False,Archie Star
18560,Angel Taylor,18560,False,Angel Taylor
18561,Ronnie Day,18561,False,Ronnie Day
18562,Christy,18562,False,Christy
18563,UCLA Random Voices,18563,False,UCLA Random Voices
18564,Anneliese van der Pol,18564,False,Anneliese van der Pol
18571,Frantic Flintstones,18571,False,Frantic Flintstones
18572,Skankin' Pickle,18572,False,Skankin' Pickle
18573,Manacá,18573,False,Manacá
18574,Madame Saatan,18574,False,Madame Saatan
18575,Anna Tatangelo,18575,False,Anna Tatangelo
18576,Carajo,18576,False,Carajo
18577,14 Bis,18577,False,14 Bis
18578,Street Fighter,18578,False,Street Fighter
18579,Ultramen,18579,False,Ultramen
18580,The King Of Fighters,18580,False,The King Of Fighters
18581,Ozomatli,18581,False,Ozomatli
18582,Anoop Desai,18582,False,Anoop Desai
18583,Hello Hollywood,18583,False,Hello Hollywood
18584,Bucky Covington,18584,False,Bucky Covington
18585,電気グルーヴ,18585,False,電気グルーヴ
18586,totu 2009 DJ-Set all Songs not Mixed,18586,False,totu 2009 DJ-Set all Songs not Mixed
18587,Kruder & Dorfmeister,18587,False,Kruder & Dorfmeister
18588,kaman leung,18588,False,kaman leung
18589,Portishead + Epigones,18589,False,Portishead + Epigones
18590,Jensemann,18590,False,Jensemann
18591,White Town,18591,False,White Town
18592,高橋幸宏,18592,False,高橋幸宏
18593,Pond,18593,False,Pond
18594,Damien Rice & Lisa Hannigan,18594,False,Damien Rice & Lisa Hannigan
18595,Solid Space,18595,False,Solid Space
18599,The Pet Shop Boys,18599,False,The Pet Shop Boys
18600,FS,18600,False,FS
18601,uwe hübner-der deutsche hitmix,18601,False,uwe hübner-der deutsche hitmix
18602,The Flirts,18602,False,The Flirts
18603,Department S,18603,False,Department S
18604,Boehse Onkelz,18604,False,Boehse Onkelz
18605,Johnny Young,18605,False,Johnny Young
18606,Culture Beat,18606,False,Culture Beat
18607,Extrabreit,18607,False,Extrabreit
18608,Michael Mind,18608,False,Michael Mind
18609,Selig,18609,False,Selig
18610,Zombie Nation,18610,False,Zombie Nation
18611,sweet cherry fury,18611,False,sweet cherry fury
18612,mezatrio,18612,False,mezatrio
18613,The Tetris,18613,False,The Tetris
18614,Albert Hammond Jr.,18614,False,Albert Hammond Jr.
18615,YEFFI,18615,False,YEFFI
18616,Hatcham Social,18616,False,Hatcham Social
18617,GENERAL DECAY,18617,False,GENERAL DECAY
18618,School of Emotional Engineering,18618,False,School of Emotional Engineering
18619,The Draytones,18619,False,The Draytones
18620,Disconcerts,18620,False,Disconcerts
18621,Demontré,18621,False,Demontré
18622,Pete Hopkins,18622,False,Pete Hopkins
18630,Doppelganger,18630,False,Doppelganger
18631,The Coffinshakers,18631,False,The Coffinshakers
18632,Bloody Dead and Sexy,18632,False,Bloody Dead and Sexy
18633,Лунофобия,18633,False,Лунофобия
18634,O. Children,18634,False,O. Children
18635,Кожаный мотор,18635,False,Кожаный мотор
18636,Заражение Крови,18636,False,Заражение Крови
18637,The Quakes,18637,False,The Quakes
18638,Blues Rhythm Section,18638,False,Blues Rhythm Section
18639,Brain Police,18639,False,Brain Police
18640,Tykwer/Klimek/Heil,18640,False,Tykwer/Klimek/Heil
18641,Franka Potente,18641,False,Franka Potente
18642,Umek,18642,False,Umek
18643,Kayamaré,18643,False,Kayamaré
18644,Grenada,18644,False,Grenada
18645,Huey,18645,False,Huey
18646,shaggy and big yard crew,18646,False,shaggy and big yard crew
18647,Alice DeeJay,18647,False,Alice DeeJay
18648,Ramin Djawadi And The RZA,18648,False,Ramin Djawadi And The RZA
18649,Brownpunk,18649,False,Brownpunk
18650,Gregor Tresher,18650,False,Gregor Tresher
18651,Instituto e Irina Gatsalova,18651,False,Instituto e Irina Gatsalova
18652,Consiência e Raiz,18652,False,Consiência e Raiz
18653,Ana Flávia,18653,False,Ana Flávia
18654,Sasha & John Digweed,18654,False,Sasha & John Digweed
18655,Stealers Wheel,18655,False,Stealers Wheel
18656,Blackfoot,18656,False,Blackfoot
18657,Jokke & Valentinerne,18657,False,Jokke & Valentinerne
18658,Jonny Diaz,18658,False,Jonny Diaz
18659,Love and Theft,18659,False,Love and Theft
18660,Steel Magnolia,18660,False,Steel Magnolia
18661,Josh Gracin,18661,False,Josh Gracin
18662,Sidewalk Prophets,18662,False,Sidewalk Prophets
18663,Jimmy Needham,18663,False,Jimmy Needham
18664,Tenth Avenue North,18664,False,Tenth Avenue North
18665,David Nail,18665,False,David Nail
18666,Şivan Perwer,18666,False,Şivan Perwer
18667,Axiom of Choice,18667,False,Axiom of Choice
18668,Rojda,18668,False,Rojda
18669,Kızılırmak,18669,False,Kızılırmak
18670,Lilit Pipoyan,18670,False,Lilit Pipoyan
18671,Ciwan Haco,18671,False,Ciwan Haco
18672,Minoo Javan,18672,False,Minoo Javan
18673,Paula Darwish,18673,False,Paula Darwish
18674,Attila İlhan,18674,False,Attila İlhan
18675,İsmet Özel,18675,False,İsmet Özel
18676,Mehmet Atlı,18676,False,Mehmet Atlı
18677,Lena Chamamyan,18677,False,Lena Chamamyan
18678,ibrahim paşalı,18678,False,ibrahim paşalı
18679,Teodulija,18679,False,Teodulija
18680,Servet Kocakaya,18680,False,Servet Kocakaya
18681,İlkay Akkaya,18681,False,İlkay Akkaya
18682,Lejla Jusic,18682,False,Lejla Jusic
18683,Nizamettin Aric,18683,False,Nizamettin Aric
18684,Hayedeh,18684,False,Hayedeh
18685,Nour Ensemble,18685,False,Nour Ensemble
18686,ismail kılıçaslan,18686,False,ismail kılıçaslan
18687,Ahmet Aslan,18687,False,Ahmet Aslan
18688,keça,18688,False,keça
18689,Yalçın Gül,18689,False,Yalçın Gül
18690,Idir,18690,False,Idir
18691,Arzu Görücü,18691,False,Arzu Görücü
18692,Farid Farjad,18692,False,Farid Farjad
18693,Anastasia,18693,False,Anastasia
18694,Willie Nelson & Calexico,18694,False,Willie Nelson & Calexico
18695,Carlos Puebla,18695,False,Carlos Puebla
18696,Hakan Yeşilyurt,18696,False,Hakan Yeşilyurt
18697,NUBUN,18697,False,NUBUN
18698,Lord Darth Vader,18698,False,Lord Darth Vader
18706,40 Winks,18706,False,40 Winks
18707,Blue Sky Black Death,18707,False,Blue Sky Black Death
18708,The Nothing,18708,False,The Nothing
18709,Bias,18709,False,Bias
18710,Dday One,18710,False,Dday One
18711,Thes One,18711,False,Thes One
18712,Maker,18712,False,Maker
18713,Joe Beats,18713,False,Joe Beats
18714,The Opus,18714,False,The Opus
18715,Mr Cooper,18715,False,Mr Cooper
18716,Epstein,18716,False,Epstein
18717,Nobody,18717,False,Nobody
18718,Onra & Quetzal,18718,False,Onra & Quetzal
18719,Controller 7,18719,False,Controller 7
18720,"FORCE OF NATURE, Nujabes, fat jon",18720,False,"FORCE OF NATURE, Nujabes, fat jon"
18721,padmo',18721,False,padmo'
18722,Fingathing,18722,False,Fingathing
18723,Electrosoul System,18723,False,Electrosoul System
18724,Nostalgia 77,18724,False,Nostalgia 77
18725,Mortifera,18725,False,Mortifera
18726,Nyktalgia,18726,False,Nyktalgia
18727,Atsakau  niekadA,18727,False,Atsakau  niekadA
18728,Domantas Razauskas,18728,False,Domantas Razauskas
18729,Atalyja,18729,False,Atalyja
18730,Les Chants de Nihil,18730,False,Les Chants de Nihil
18734,The Young Gods,18734,False,The Young Gods
18735,Wiseblood,18735,False,Wiseblood
18736,LOSTFREEQ,18736,False,LOSTFREEQ
18737,Ciccone Youth,18737,False,Ciccone Youth
18738,Cubanate,18738,False,Cubanate
18739,Apollo 440,18739,False,Apollo 440
18740,Die Krupps,18740,False,Die Krupps
18741,Diamanda Galás,18741,False,Diamanda Galás
18742,Aya RL,18742,False,Aya RL
18743,Coptic Rain,18743,False,Coptic Rain
18744,Oz Alchemist,18744,False,Oz Alchemist
18745,Grzegorz Tomczak,18745,False,Grzegorz Tomczak
