userID,artistID,tagID,day,month,year,timestamp_ms,timestamp_utc_dt,timestamp_madrid_dt,is_timestamp_anomaly,source_artistID,raw_tag
8,,24,1,11,2006,1162335600000,2006-10-31 23:00:00+00:00,2006-11-01 00:00:00+01:00,False,14103,pop
8,,30,1,11,2006,1162335600000,2006-10-31 23:00:00+00:00,2006-11-01 00:00:00+01:00,False,14103,german
8,,130,1,11,2006,1162335600000,2006-10-31 23:00:00+00:00,2006-11-01 00:00:00+01:00,False,14103,female vocalists
9,,141,1,11,2007,1193871600000,2007-10-31 23:00:00+00:00,2007-11-01 00:00:00+01:00,False,13785,visual kei
12,,81,1,10,2010,1285884000000,2010-09-30 22:00:00+00:00,2010-10-01 00:00:00+02:00,False,15189,indie
12,,73,1,5,2010,1272664800000,2010-04-30 22:00:00+00:00,2010-05-01 00:00:00+02:00,False,17895,rock
12,,79,1,5,2010,1272664800000,2010-04-30 22:00:00+00:00,2010-05-01 00:00:00+02:00,False,17895,alternative
12,,109,1,5,2010,1272664800000,2010-04-30 22:00:00+00:00,2010-05-01 00:00:00+02:00,False,17895,pop rock
14,,88,1,8,2008,1217541600000,2008-07-31 22:00:00+00:00,2008-08-01 00:00:00+02:00,False,10947,psychedelic
14,,245,1,8,2008,1217541600000,2008-07-31 22:00:00+00:00,2008-08-01 00:00:00+02:00,False,10947,garage
14,,247,1,8,2008,1217541600000,2008-07-31 22:00:00+00:00,2008-08-01 00:00:00+02:00,False,10947,60s
14,,250,1,8,2008,1217541600000,2008-07-31 22:00:00+00:00,2008-08-01 00:00:00+02:00,False,10947,60s psychedelic
14,,252,1,8,2008,1217541600000,2008-07-31 22:00:00+00:00,2008-08-01 00:00:00+02:00,False,10947,mod
14,,254,1,8,2008,1217541600000,2008-07-31 22:00:00+00:00,2008-08-01 00:00:00+02:00,False,10947,freakbeat
14,,243,1,6,2008,1212271200000,2008-05-31 22:00:00+00:00,2008-06-01 00:00:00+02:00,False,12912,spanish rock
14,,244,1,6,2008,1212271200000,2008-05-31 22:00:00+00:00,2008-06-01 00:00:00+02:00,False,12912,spanish pop-rock
14,,255,1,6,2008,1212271200000,2008-05-31 22:00:00+00:00,2008-06-01 00:00:00+02:00,False,12912,rock espanol
14,,264,1,6,2008,1212271200000,2008-05-31 22:00:00+00:00,2008-06-01 00:00:00+02:00,False,12912,90s pop espanol
14,,278,1,6,2008,1212271200000,2008-05-31 22:00:00+00:00,2008-06-01 00:00:00+02:00,False,12912,rock urbano
40,,61,1,9,2008,1220220000000,2008-08-31 22:00:00+00:00,2008-09-01 00:00:00+02:00,False,14,industrial
40,,86,1,9,2008,1220220000000,2008-08-31 22:00:00+00:00,2008-09-01 00:00:00+02:00,False,14,ebm
40,,565,1,7,2008,1214863200000,2008-06-30 22:00:00+00:00,2008-07-01 00:00:00+02:00,False,29,dark electro
40,,61,1,7,2008,1214863200000,2008-06-30 22:00:00+00:00,2008-07-01 00:00:00+02:00,False,35,industrial
40,,613,1,7,2008,1214863200000,2008-06-30 22:00:00+00:00,2008-07-01 00:00:00+02:00,False,35,powernoise
40,,601,1,3,2009,1235862000000,2009-02-28 23:00:00+00:00,2009-03-01 00:00:00+01:00,False,9945,swedish
40,,327,1,6,2009,1243807200000,2009-05-31 22:00:00+00:00,2009-06-01 00:00:00+02:00,False,16478,progressive trance
40,,564,1,6,2009,1243807200000,2009-05-31 22:00:00+00:00,2009-06-01 00:00:00+02:00,False,16478,psytrance
43,,18,1,12,2010,1291158000000,2010-11-30 23:00:00+00:00,2010-12-01 00:00:00+01:00,False,3519,electronic
43,,47,1,12,2010,1291158000000,2010-11-30 23:00:00+00:00,2010-12-01 00:00:00+01:00,False,3519,idm
43,,14,1,11,2010,1288566000000,2010-10-31 23:00:00+00:00,2010-11-01 00:00:00+01:00,False,5046,ambient
43,,47,1,11,2010,1288566000000,2010-10-31 23:00:00+00:00,2010-11-01 00:00:00+01:00,False,5046,idm
43,,311,1,11,2010,1288566000000,2010-10-31 23:00:00+00:00,2010-11-01 00:00:00+01:00,False,8131,reggae
43,,18,1,12,2010,1291158000000,2010-11-30 23:00:00+00:00,2010-12-01 00:00:00+01:00,False,8132,electronic
43,,34,1,12,2010,1291158000000,2010-11-30 23:00:00+00:00,2010-12-01 00:00:00+01:00,False,8132,minimal
43,,570,1,12,2010,1291158000000,2010-11-30 23:00:00+00:00,2010-12-01 00:00:00+01:00,False,8132,techno
43,,191,1,11,2010,1288566000000,2010-10-31 23:00:00+00:00,2010-11-01 00:00:00+01:00,False,10298,instrumental
43,,14,1,12,2010,1291158000000,2010-11-30 23:00:00+00:00,2010-12-01 00:00:00+01:00,False,10887,ambient
43,,18,1,12,2010,1291158000000,2010-11-30 23:00:00+00:00,2010-12-01 00:00:00+01:00,False,10887,electronic
43,,39,1,12,2010,1291158000000,2010-11-30 23:00:00+00:00,2010-12-01 00:00:00+01:00,False,10887,dance
43,,14,1,12,2010,1291158000000,2010-11-30 23:00:00+00:00,2010-12-01 00:00:00+01:00,False,11715,ambient
43,,304,1,10,2010,1285884000000,2010-09-30 22:00:00+00:00,2010-10-01 00:00:00+02:00,False,12893,hip hop
43,,18,1,12,2010,1291158000000,2010-11-30 23:00:00+00:00,2010-12-01 00:00:00+01:00,False,13467,electronic
43,,203,1,11,2010,1288566000000,2010-10-31 23:00:00+00:00,2010-11-01 00:00:00+01:00,False,13976,disco
43,,309,1,11,2010,1288566000000,2010-10-31 23:00:00+00:00,2010-11-01 00:00:00+01:00,False,13976,electro
43,,81,1,11,2010,1288566000000,2010-10-31 23:00:00+00:00,2010-11-01 00:00:00+01:00,False,15189,indie
43,,309,1,10,2010,1285884000000,2010-09-30 22:00:00+00:00,2010-10-01 00:00:00+02:00,False,17824,electro
43,,396,1,10,2010,1285884000000,2010-09-30 22:00:00+00:00,2010-10-01 00:00:00+02:00,False,17824,electroclash
43,,570,1,10,2010,1285884000000,2010-09-30 22:00:00+00:00,2010-10-01 00:00:00+02:00,False,17824,techno
43,,102,1,11,2010,1288566000000,2010-10-31 23:00:00+00:00,2010-11-01 00:00:00+01:00,False,18144,hip-hop
43,,103,1,11,2010,1288566000000,2010-10-31 23:00:00+00:00,2010-11-01 00:00:00+01:00,False,18144,rap
47,,18,1,8,2010,1280613600000,2010-07-31 22:00:00+00:00,2010-08-01 00:00:00+02:00,False,12303,electronic
47,,39,1,8,2010,1280613600000,2010-07-31 22:00:00+00:00,2010-08-01 00:00:00+02:00,False,12303,dance
55,,755,1,3,2010,1267398000000,2010-02-28 23:00:00+00:00,2010-03-01 00:00:00+01:00,False,14273,bay area
60,,608,1,10,2007,1191189600000,2007-09-30 22:00:00+00:00,2007-10-01 00:00:00+02:00,False,11493,italian
61,,130,1,5,2009,1241128800000,2009-04-30 22:00:00+00:00,2009-05-01 00:00:00+02:00,False,15177,female vocalists
61,,134,1,5,2009,1241128800000,2009-04-30 22:00:00+00:00,2009-05-01 00:00:00+02:00,False,15177,singer-songwriter
61,,185,1,5,2009,1241128800000,2009-04-30 22:00:00+00:00,2009-05-01 00:00:00+02:00,False,15177,acoustic
61,,292,1,5,2009,1241128800000,2009-04-30 22:00:00+00:00,2009-05-01 00:00:00+02:00,False,15177,folk
61,,528,1,5,2009,1241128800000,2009-04-30 22:00:00+00:00,2009-05-01 00:00:00+02:00,False,15177,folk rock
63,,278,1,2,2011,1296514800000,2011-01-31 23:00:00+00:00,2011-02-01 00:00:00+01:00,False,12912,rock urbano
70,,102,1,2,2008,1201820400000,2008-01-31 23:00:00+00:00,2008-02-01 00:00:00+01:00,False,10285,hip-hop
70,,188,1,2,2008,1201820400000,2008-01-31 23:00:00+00:00,2008-02-01 00:00:00+01:00,False,10285,polish
71,,939,1,6,2009,1243807200000,2009-05-31 22:00:00+00:00,2009-06-01 00:00:00+02:00,False,4676,weirdo music
78,,14,1,10,2008,1222812000000,2008-09-30 22:00:00+00:00,2008-10-01 00:00:00+02:00,False,16109,ambient
78,,33,1,10,2008,1222812000000,2008-09-30 22:00:00+00:00,2008-10-01 00:00:00+02:00,False,16109,experimental
78,,47,1,10,2008,1222812000000,2008-09-30 22:00:00+00:00,2008-10-01 00:00:00+02:00,False,16109,idm
90,,1097,1,5,2008,1209592800000,2008-04-30 22:00:00+00:00,2008-05-01 00:00:00+02:00,False,17932,covers
101,,73,1,1,2011,1293836400000,2010-12-31 23:00:00+00:00,2011-01-01 00:00:00+01:00,False,15283,rock
101,,139,1,1,2011,1293836400000,2010-12-31 23:00:00+00:00,2011-01-01 00:00:00+01:00,False,15283,j-rock
101,,541,1,1,2011,1293836400000,2010-12-31 23:00:00+00:00,2011-01-01 00:00:00+01:00,False,15283,japanese
101,,1219,1,1,2011,1293836400000,2010-12-31 23:00:00+00:00,2011-01-01 00:00:00+01:00,False,15283,jrock
104,,73,1,10,2009,1254348000000,2009-09-30 22:00:00+00:00,2009-10-01 00:00:00+02:00,False,11058,rock
104,,79,1,10,2009,1254348000000,2009-09-30 22:00:00+00:00,2009-10-01 00:00:00+02:00,False,11058,alternative
104,,169,1,10,2009,1254348000000,2009-09-30 22:00:00+00:00,2009-10-01 00:00:00+02:00,False,11058,pop punk
104,,181,1,10,2009,1254348000000,2009-09-30 22:00:00+00:00,2009-10-01 00:00:00+02:00,False,11058,punk
104,,73,1,3,2010,1267398000000,2010-02-28 23:00:00+00:00,2010-03-01 00:00:00+01:00,False,12941,rock
104,,823,1,3,2010,1267398000000,2010-02-28 23:00:00+00:00,2010-03-01 00:00:00+01:00,False,12941,brasil
104,,139,1,3,2010,1267398000000,2010-02-28 23:00:00+00:00,2010-03-01 00:00:00+01:00,False,15283,j-rock
104,,541,1,3,2010,1267398000000,2010-02-28 23:00:00+00:00,2010-03-01 00:00:00+01:00,False,15283,japanese
104,,141,1,10,2009,1254348000000,2009-09-30 22:00:00+00:00,2009-10-01 00:00:00+02:00,False,15284,visual kei
104,,541,1,10,2009,1254348000000,2009-09-30 22:00:00+00:00,2009-10-01 00:00:00+02:00,False,15284,japanese
108,,14,1,1,2010,1262300400000,2009-12-31 23:00:00+00:00,2010-01-01 00:00:00+01:00,False,16551,ambient
117,,39,1,8,2006,1154383200000,2006-07-31 22:00:00+00:00,2006-08-01 00:00:00+02:00,False,11028,dance
117,,352,1,2,2010,1264978800000,2010-01-31 23:00:00+00:00,2010-02-01 00:00:00+01:00,False,14814,90s
139,,376,1,2,2011,1296514800000,2011-01-31 23:00:00+00:00,2011-02-01 00:00:00+01:00,False,17479,metalcore
139,,384,1,2,2011,1296514800000,2011-01-31 23:00:00+00:00,2011-02-01 00:00:00+01:00,False,17479,modern melodic death metal
139,,385,1,2,2011,1296514800000,2011-01-31 23:00:00+00:00,2011-02-01 00:00:00+01:00,False,17479,melodic death metal
152,,184,1,6,2010,1275343200000,2010-05-31 22:00:00+00:00,2010-06-01 00:00:00+02:00,False,8720,soundtrack
152,,1645,1,6,2010,1275343200000,2010-05-31 22:00:00+00:00,2010-06-01 00:00:00+02:00,False,8720,but the party dont stop
152,,206,1,7,2010,1277935200000,2010-06-30 22:00:00+00:00,2010-07-01 00:00:00+02:00,False,12302,<3
153,,1680,1,7,2008,1214863200000,2008-06-30 22:00:00+00:00,2008-07-01 00:00:00+02:00,False,16546,faves
155,,1718,1,7,2006,1151704800000,2006-06-30 22:00:00+00:00,2006-07-01 00:00:00+02:00,False,6256,comedy folk goth
155,,1694,1,9,2006,1157061600000,2006-08-31 22:00:00+00:00,2006-09-01 00:00:00+02:00,False,17325,western deathrock
159,,56,1,10,2008,1222812000000,2008-09-30 22:00:00+00:00,2008-10-01 00:00:00+02:00,False,16221,melancholic
159,,73,1,10,2008,1222812000000,2008-09-30 22:00:00+00:00,2008-10-01 00:00:00+02:00,False,16221,rock
159,,79,1,10,2008,1222812000000,2008-09-30 22:00:00+00:00,2008-10-01 00:00:00+02:00,False,16221,alternative
159,,188,1,1,2009,1230764400000,2008-12-31 23:00:00+00:00,2009-01-01 00:00:00+01:00,False,16221,polish
163,,1767,1,8,2009,1249077600000,2009-07-31 22:00:00+00:00,2009-08-01 00:00:00+02:00,False,10183,country ladies
163,,1767,1,8,2009,1249077600000,2009-07-31 22:00:00+00:00,2009-08-01 00:00:00+02:00,False,11973,country ladies
163,,1767,1,8,2009,1249077600000,2009-07-31 22:00:00+00:00,2009-08-01 00:00:00+02:00,False,13835,country ladies
170,,5,1,11,2008,1225494000000,2008-10-31 23:00:00+00:00,2008-11-01 00:00:00+01:00,False,5108,death metal
170,,385,1,11,2008,1225494000000,2008-10-31 23:00:00+00:00,2008-11-01 00:00:00+01:00,False,5108,melodic death metal
170,,18,1,1,2009,1230764400000,2008-12-31 23:00:00+00:00,2009-01-01 00:00:00+01:00,False,11354,electronic
170,,70,1,1,2009,1230764400000,2008-12-31 23:00:00+00:00,2009-01-01 00:00:00+01:00,False,11354,dubstep
171,,18,1,3,2011,1298934000000,2011-02-28 23:00:00+00:00,2011-03-01 00:00:00+01:00,False,12043,electronic
171,,70,1,3,2011,1298934000000,2011-02-28 23:00:00+00:00,2011-03-01 00:00:00+01:00,False,12043,dubstep
189,,1964,1,7,2008,1214863200000,2008-06-30 22:00:00+00:00,2008-07-01 00:00:00+02:00,False,7788,bouncy
190,,1368,1,9,2009,1251756000000,2009-08-31 22:00:00+00:00,2009-09-01 00:00:00+02:00,False,4674,funny
190,,1968,1,9,2009,1251756000000,2009-08-31 22:00:00+00:00,2009-09-01 00:00:00+02:00,False,4674,male and female
190,,570,1,3,2008,1204326000000,2008-02-29 23:00:00+00:00,2008-03-01 00:00:00+01:00,False,8135,techno
190,,1735,1,3,2008,1204326000000,2008-02-29 23:00:00+00:00,2008-03-01 00:00:00+01:00,False,8135,club
190,,1447,1,3,2009,1235862000000,2009-02-28 23:00:00+00:00,2009-03-01 00:00:00+01:00,False,12303,remix
202,,2032,1,6,2010,1275343200000,2010-05-31 22:00:00+00:00,2010-06-01 00:00:00+02:00,False,12941,melhor que cine
203,,33,1,7,2010,1277935200000,2010-06-30 22:00:00+00:00,2010-07-01 00:00:00+02:00,False,14848,experimental
203,,87,1,7,2010,1277935200000,2010-06-30 22:00:00+00:00,2010-07-01 00:00:00+02:00,False,14848,post-rock
203,,191,1,7,2010,1277935200000,2010-06-30 22:00:00+00:00,2010-07-01 00:00:00+02:00,False,14848,instrumental
217,,2143,1,11,2007,1193871600000,2007-10-31 23:00:00+00:00,2007-11-01 00:00:00+01:00,False,4083,my angular favourites
217,,2142,1,8,2007,1185919200000,2007-07-31 22:00:00+00:00,2007-08-01 00:00:00+02:00,False,4721,songs for gil
217,,2138,1,10,2007,1191189600000,2007-09-30 22:00:00+00:00,2007-10-01 00:00:00+02:00,False,7359,first-rate and free
217,,2140,1,11,2007,1193871600000,2007-10-31 23:00:00+00:00,2007-11-01 00:00:00+01:00,False,7359,rock hard
217,,2143,1,11,2007,1193871600000,2007-10-31 23:00:00+00:00,2007-11-01 00:00:00+01:00,False,13899,my angular favourites
217,,2144,1,9,2007,1188597600000,2007-08-31 22:00:00+00:00,2007-09-01 00:00:00+02:00,False,15844,songs for sssi
224,,17,1,8,2005,1122847200000,2005-07-31 22:00:00+00:00,2005-08-01 00:00:00+02:00,False,14402,synth pop
224,,275,1,8,2005,1122847200000,2005-07-31 22:00:00+00:00,2005-08-01 00:00:00+02:00,False,14402,post-punk
224,,275,1,12,2005,1133391600000,2005-11-30 23:00:00+00:00,2005-12-01 00:00:00+01:00,False,15125,post-punk
224,,296,1,12,2005,1133391600000,2005-11-30 23:00:00+00:00,2005-12-01 00:00:00+01:00,False,15125,indie pop
225,,33,1,5,2010,1272664800000,2010-04-30 22:00:00+00:00,2010-05-01 00:00:00+02:00,False,4093,experimental
225,,741,1,5,2010,1272664800000,2010-04-30 22:00:00+00:00,2010-05-01 00:00:00+02:00,False,4093,grindcore
225,,1006,1,3,2010,1267398000000,2010-02-28 23:00:00+00:00,2010-03-01 00:00:00+01:00,False,4093,mathcore
225,,76,1,3,2009,1235862000000,2009-02-28 23:00:00+00:00,2009-03-01 00:00:00+01:00,False,4673,progressive metal
225,,91,1,3,2009,1235862000000,2009-02-28 23:00:00+00:00,2009-03-01 00:00:00+01:00,False,4673,thrash metal
225,,194,1,1,2011,1293836400000,2010-12-31 23:00:00+00:00,2011-01-01 00:00:00+01:00,False,7755,hardcore
225,,2212,1,1,2011,1293836400000,2010-12-31 23:00:00+00:00,2011-01-01 00:00:00+01:00,False,7755,beatdown hardcore
225,,2213,1,1,2011,1293836400000,2010-12-31 23:00:00+00:00,2011-01-01 00:00:00+01:00,False,7755,beatdown
225,,194,1,9,2010,1283292000000,2010-08-31 22:00:00+00:00,2010-09-01 00:00:00+02:00,False,7768,hardcore
225,,2212,1,9,2010,1283292000000,2010-08-31 22:00:00+00:00,2010-09-01 00:00:00+02:00,False,7768,beatdown hardcore
225,,2213,1,9,2010,1283292000000,2010-08-31 22:00:00+00:00,2010-09-01 00:00:00+02:00,False,7768,beatdown
225,,73,1,6,2009,1243807200000,2009-05-31 22:00:00+00:00,2009-06-01 00:00:00+02:00,False,8880,rock
225,,14,1,7,2010,1277935200000,2010-06-30 22:00:00+00:00,2010-07-01 00:00:00+02:00,False,10887,ambient
225,,33,1,7,2010,1277935200000,2010-06-30 22:00:00+00:00,2010-07-01 00:00:00+02:00,False,10887,experimental
225,,61,1,1,2010,1262300400000,2009-12-31 23:00:00+00:00,2010-01-01 00:00:00+01:00,False,11258,industrial
225,,79,1,1,2010,1262300400000,2009-12-31 23:00:00+00:00,2010-01-01 00:00:00+01:00,False,11258,alternative
225,,1843,1,1,2010,1262300400000,2009-12-31 23:00:00+00:00,2010-01-01 00:00:00+01:00,False,11258,russian alternative
225,,1006,1,2,2010,1264978800000,2010-01-31 23:00:00+00:00,2010-02-01 00:00:00+01:00,False,13894,mathcore
225,,2211,1,2,2010,1264978800000,2010-01-31 23:00:00+00:00,2010-02-01 00:00:00+01:00,False,13894,chaotic hardcore
225,,33,1,11,2010,1288566000000,2010-10-31 23:00:00+00:00,2010-11-01 00:00:00+01:00,False,15846,experimental
225,,741,1,11,2010,1288566000000,2010-10-31 23:00:00+00:00,2010-11-01 00:00:00+01:00,False,15846,grindcore
225,,2216,1,11,2010,1288566000000,2010-10-31 23:00:00+00:00,2010-11-01 00:00:00+01:00,False,15846,noisecore
225,,385,1,4,2009,1238536800000,2009-03-31 22:00:00+00:00,2009-04-01 00:00:00+02:00,False,17480,melodic death metal
225,,1359,1,4,2009,1238536800000,2009-03-31 22:00:00+00:00,2009-04-01 00:00:00+02:00,False,17480,modern metal
225,,742,1,6,2009,1243807200000,2009-05-31 22:00:00+00:00,2009-06-01 00:00:00+02:00,False,18487,brutal death metal
225,,1222,1,1,2010,1262300400000,2009-12-31 23:00:00+00:00,2010-01-01 00:00:00+01:00,False,18503,hardcore punk
228,,2064,1,2,2007,1170284400000,2007-01-31 23:00:00+00:00,2007-02-01 00:00:00+01:00,False,16977,alt-country
228,,130,1,1,2007,1167606000000,2006-12-31 23:00:00+00:00,2007-01-01 00:00:00+01:00,False,17920,female vocalists
228,,408,1,1,2007,1167606000000,2006-12-31 23:00:00+00:00,2007-01-01 00:00:00+01:00,False,17920,female vocals
228,,611,1,1,2007,1167606000000,2006-12-31 23:00:00+00:00,2007-01-01 00:00:00+01:00,False,17920,canadian
229,,275,1,7,2009,1246399200000,2009-06-30 22:00:00+00:00,2009-07-01 00:00:00+02:00,False,7005,post-punk
229,,319,1,7,2009,1246399200000,2009-06-30 22:00:00+00:00,2009-07-01 00:00:00+02:00,False,7005,spanish
229,,81,1,6,2009,1243807200000,2009-05-31 22:00:00+00:00,2009-06-01 00:00:00+02:00,False,10180,indie
229,,78,1,8,2009,1249077600000,2009-07-31 22:00:00+00:00,2009-08-01 00:00:00+02:00,False,10665,alternative rock
229,,182,1,8,2009,1249077600000,2009-07-31 22:00:00+00:00,2009-08-01 00:00:00+02:00,False,10665,punk rock
229,,2246,1,5,2009,1241128800000,2009-04-30 22:00:00+00:00,2009-05-01 00:00:00+02:00,False,14423,underground hip-hop
229,,304,1,5,2009,1241128800000,2009-04-30 22:00:00+00:00,2009-05-01 00:00:00+02:00,False,14811,hip hop
229,,304,1,5,2009,1241128800000,2009-04-30 22:00:00+00:00,2009-05-01 00:00:00+02:00,False,18144,hip hop
236,,83,1,3,2011,1298934000000,2011-02-28 23:00:00+00:00,2011-03-01 00:00:00+01:00,False,3219,jazz
236,,304,1,3,2011,1298934000000,2011-02-28 23:00:00+00:00,2011-03-01 00:00:00+01:00,False,3219,hip hop
236,,103,1,8,2010,1280613600000,2010-07-31 22:00:00+00:00,2010-08-01 00:00:00+02:00,False,10290,rap
236,,130,1,8,2010,1280613600000,2010-07-31 22:00:00+00:00,2010-08-01 00:00:00+02:00,False,10290,female vocalists
236,,188,1,8,2010,1280613600000,2010-07-31 22:00:00+00:00,2010-08-01 00:00:00+02:00,False,10290,polish
236,,130,1,11,2010,1288566000000,2010-10-31 23:00:00+00:00,2010-11-01 00:00:00+01:00,False,11486,female vocalists
236,,526,1,11,2010,1288566000000,2010-10-31 23:00:00+00:00,2010-11-01 00:00:00+01:00,False,11486,piano
236,,103,1,7,2010,1277935200000,2010-06-30 22:00:00+00:00,2010-07-01 00:00:00+02:00,False,12903,rap
236,,184,1,7,2010,1277935200000,2010-06-30 22:00:00+00:00,2010-07-01 00:00:00+02:00,False,12903,soundtrack
236,,991,1,10,2009,1254348000000,2009-09-30 22:00:00+00:00,2009-10-01 00:00:00+02:00,False,14338,musical
236,,188,1,2,2011,1296514800000,2011-01-31 23:00:00+00:00,2011-02-01 00:00:00+01:00,False,16221,polish
236,,306,1,2,2011,1296514800000,2011-01-31 23:00:00+00:00,2011-02-01 00:00:00+01:00,False,16221,male vocalists
236,,102,1,8,2010,1280613600000,2010-07-31 22:00:00+00:00,2010-08-01 00:00:00+02:00,False,18144,hip-hop
236,,103,1,8,2010,1280613600000,2010-07-31 22:00:00+00:00,2010-08-01 00:00:00+02:00,False,18144,rap
264,,105,1,12,2007,1196463600000,2007-11-30 23:00:00+00:00,2007-12-01 00:00:00+01:00,False,8135,house
264,,570,1,12,2007,1196463600000,2007-11-30 23:00:00+00:00,2007-12-01 00:00:00+01:00,False,8135,techno
264,,1357,1,12,2007,1196463600000,2007-11-30 23:00:00+00:00,2007-12-01 00:00:00+01:00,False,8135,eurodance
264,,187,1,3,2008,1204326000000,2008-02-29 23:00:00+00:00,2008-03-01 00:00:00+01:00,False,17825,electronica
264,,309,1,3,2008,1204326000000,2008-02-29 23:00:00+00:00,2008-03-01 00:00:00+01:00,False,17825,electro
264,,570,1,3,2008,1204326000000,2008-02-29 23:00:00+00:00,2008-03-01 00:00:00+01:00,False,17825,techno
274,,1316,1,5,2008,1209592800000,2008-04-30 22:00:00+00:00,2008-05-01 00:00:00+02:00,False,13787,jpop
297,,18,1,2,2010,1264978800000,2010-01-31 23:00:00+00:00,2010-02-01 00:00:00+01:00,False,10180,electronic
297,,24,1,2,2010,1264978800000,2010-01-31 23:00:00+00:00,2010-02-01 00:00:00+01:00,False,10180,pop
297,,130,1,2,2010,1264978800000,2010-01-31 23:00:00+00:00,2010-02-01 00:00:00+01:00,False,10180,female vocalists
297,,296,1,2,2010,1264978800000,2010-01-31 23:00:00+00:00,2010-02-01 00:00:00+01:00,False,10180,indie pop
297,,73,1,11,2008,1225494000000,2008-10-31 23:00:00+00:00,2008-11-01 00:00:00+01:00,False,13288,rock
297,,79,1,11,2008,1225494000000,2008-10-31 23:00:00+00:00,2008-11-01 00:00:00+01:00,False,13288,alternative
297,,81,1,11,2008,1225494000000,2008-10-31 23:00:00+00:00,2008-11-01 00:00:00+01:00,False,13288,indie
297,,130,1,11,2008,1225494000000,2008-10-31 23:00:00+00:00,2008-11-01 00:00:00+01:00,False,13288,female vocalists
297,,139,1,11,2008,1225494000000,2008-10-31 23:00:00+00:00,2008-11-01 00:00:00+01:00,False,13288,j-rock
297,,181,1,11,2008,1225494000000,2008-10-31 23:00:00+00:00,2008-11-01 00:00:00+01:00,False,13288,punk
297,,249,1,11,2008,1225494000000,2008-10-31 23:00:00+00:00,2008-11-01 00:00:00+01:00,False,13288,garage rock
297,,2608,1,11,2008,1225494000000,2008-10-31 23:00:00+00:00,2008-11-01 00:00:00+01:00,False,13288,japan
297,,79,1,9,2009,1251756000000,2009-08-31 22:00:00+00:00,2009-09-01 00:00:00+02:00,False,13576,alternative
297,,81,1,9,2009,1251756000000,2009-08-31 22:00:00+00:00,2009-09-01 00:00:00+02:00,False,13576,indie
297,,296,1,9,2009,1251756000000,2009-08-31 22:00:00+00:00,2009-09-01 00:00:00+02:00,False,13576,indie pop
297,,306,1,9,2009,1251756000000,2009-08-31 22:00:00+00:00,2009-09-01 00:00:00+02:00,False,13576,male vocalists
307,,2272,1,1,2009,1230764400000,2008-12-31 23:00:00+00:00,2009-01-01 00:00:00+01:00,False,15541,progressive house
312,,140,1,1,2007,1167606000000,2006-12-31 23:00:00+00:00,2007-01-01 00:00:00+01:00,False,14613,j-pop
312,,164,1,1,2007,1167606000000,2006-12-31 23:00:00+00:00,2007-01-01 00:00:00+01:00,False,14613,k-pop
312,,541,1,1,2007,1167606000000,2006-12-31 23:00:00+00:00,2007-01-01 00:00:00+01:00,False,14613,japanese
312,,996,1,1,2007,1167606000000,2006-12-31 23:00:00+00:00,2007-01-01 00:00:00+01:00,False,14613,korean
312,,1316,1,1,2007,1167606000000,2006-12-31 23:00:00+00:00,2007-01-01 00:00:00+01:00,False,14613,jpop
320,,364,1,4,2006,1143842400000,2006-03-31 22:00:00+00:00,2006-04-01 00:00:00+02:00,False,6256,favorites
320,,364,1,4,2006,1143842400000,2006-03-31 22:00:00+00:00,2006-04-01 00:00:00+02:00,False,11486,favorites
320,,193,1,2,2006,1138748400000,2006-01-31 23:00:00+00:00,2006-02-01 00:00:00+01:00,False,16977,country
336,,238,1,3,2010,1267398000000,2010-02-28 23:00:00+00:00,2010-03-01 00:00:00+01:00,False,3218,sexy
336,,2888,1,3,2010,1267398000000,2010-02-28 23:00:00+00:00,2010-03-01 00:00:00+01:00,False,3218,sxe
336,,88,1,1,2010,1262300400000,2009-12-31 23:00:00+00:00,2010-01-01 00:00:00+01:00,False,4090,psychedelic
336,,2890,1,1,2010,1262300400000,2009-12-31 23:00:00+00:00,2010-01-01 00:00:00+01:00,False,4090,amazing songs
336,,14,1,9,2009,1251756000000,2009-08-31 22:00:00+00:00,2009-09-01 00:00:00+02:00,False,14869,ambient
336,,26,1,9,2009,1251756000000,2009-08-31 22:00:00+00:00,2009-09-01 00:00:00+02:00,False,14869,atmospheric
336,,33,1,9,2009,1251756000000,2009-08-31 22:00:00+00:00,2009-09-01 00:00:00+02:00,False,14869,experimental
336,,87,1,9,2009,1251756000000,2009-08-31 22:00:00+00:00,2009-09-01 00:00:00+02:00,False,14869,post-rock
336,,191,1,9,2009,1251756000000,2009-08-31 22:00:00+00:00,2009-09-01 00:00:00+02:00,False,14869,instrumental
336,,213,1,9,2009,1251756000000,2009-08-31 22:00:00+00:00,2009-09-01 00:00:00+02:00,False,14869,beautiful
336,,285,1,9,2009,1251756000000,2009-08-31 22:00:00+00:00,2009-09-01 00:00:00+02:00,False,14869,awesome
336,,821,1,9,2009,1251756000000,2009-08-31 22:00:00+00:00,2009-09-01 00:00:00+02:00,False,14869,post rock
357,,14,1,9,2010,1283292000000,2010-08-31 22:00:00+00:00,2010-09-01 00:00:00+02:00,False,5054,ambient
357,,18,1,9,2010,1283292000000,2010-08-31 22:00:00+00:00,2010-09-01 00:00:00+02:00,False,5054,electronic
357,,33,1,9,2010,1283292000000,2010-08-31 22:00:00+00:00,2010-09-01 00:00:00+02:00,False,5054,experimental
357,,1846,1,9,2010,1283292000000,2010-08-31 22:00:00+00:00,2010-09-01 00:00:00+02:00,False,5054,chillwave
357,,18,1,7,2010,1277935200000,2010-06-30 22:00:00+00:00,2010-07-01 00:00:00+02:00,False,10728,electronic
357,,74,1,7,2010,1277935200000,2010-06-30 22:00:00+00:00,2010-07-01 00:00:00+02:00,False,10728,synthpop
357,,18,1,4,2010,1270072800000,2010-03-31 22:00:00+00:00,2010-04-01 00:00:00+02:00,False,13661,electronic
357,,81,1,4,2010,1270072800000,2010-03-31 22:00:00+00:00,2010-04-01 00:00:00+02:00,False,13661,indie
357,,393,1,4,2010,1270072800000,2010-03-31 22:00:00+00:00,2010-04-01 00:00:00+02:00,False,13661,dream pop
357,,1846,1,4,2010,1270072800000,2010-03-31 22:00:00+00:00,2010-04-01 00:00:00+02:00,False,13661,chillwave
358,,14,1,9,2009,1251756000000,2009-08-31 22:00:00+00:00,2009-09-01 00:00:00+02:00,False,14860,ambient
358,,33,1,9,2009,1251756000000,2009-08-31 22:00:00+00:00,2009-09-01 00:00:00+02:00,False,14860,experimental
358,,87,1,9,2009,1251756000000,2009-08-31 22:00:00+00:00,2009-09-01 00:00:00+02:00,False,14860,post-rock
358,,191,1,9,2009,1251756000000,2009-08-31 22:00:00+00:00,2009-09-01 00:00:00+02:00,False,14860,instrumental
358,,821,1,9,2009,1251756000000,2009-08-31 22:00:00+00:00,2009-09-01 00:00:00+02:00,False,14860,post rock
364,,292,1,4,2008,1207000800000,2008-03-31 22:00:00+00:00,2008-04-01 00:00:00+02:00,False,4083,folk
364,,2609,1,2,2011,1296514800000,2011-01-31 23:00:00+00:00,2011-02-01 00:00:00+01:00,False,4083,freak folk
364,,193,1,3,2011,1298934000000,2011-02-28 23:00:00+00:00,2011-03-01 00:00:00+01:00,False,13474,country
364,,352,1,3,2011,1298934000000,2011-02-28 23:00:00+00:00,2011-03-01 00:00:00+01:00,False,13474,90s
364,,2118,1,3,2011,1298934000000,2011-02-28 23:00:00+00:00,2011-03-01 00:00:00+01:00,False,13474,americana
364,,3075,1,3,2011,1298934000000,2011-02-28 23:00:00+00:00,2011-03-01 00:00:00+01:00,False,13474,bluegrass
364,,83,1,4,2010,1270072800000,2010-03-31 22:00:00+00:00,2010-04-01 00:00:00+02:00,False,15539,jazz
364,,432,1,4,2010,1270072800000,2010-03-31 22:00:00+00:00,2010-04-01 00:00:00+02:00,False,15539,brazilian
364,,625,1,4,2010,1270072800000,2010-03-31 22:00:00+00:00,2010-04-01 00:00:00+02:00,False,15539,soul
364,,185,1,6,2008,1212271200000,2008-05-31 22:00:00+00:00,2008-06-01 00:00:00+02:00,False,16555,acoustic
364,,537,1,6,2008,1212271200000,2008-05-31 22:00:00+00:00,2008-06-01 00:00:00+02:00,False,16555,neofolk
364,,27,1,8,2008,1217541600000,2008-07-31 22:00:00+00:00,2008-08-01 00:00:00+02:00,False,16558,ethereal
364,,537,1,8,2008,1217541600000,2008-07-31 22:00:00+00:00,2008-08-01 00:00:00+02:00,False,16558,neofolk
387,,347,1,10,2008,1222812000000,2008-09-30 22:00:00+00:00,2008-10-01 00:00:00+02:00,False,6423,gay
387,,18,1,10,2009,1254348000000,2009-09-30 22:00:00+00:00,2009-10-01 00:00:00+02:00,False,10728,electronic
387,,611,1,10,2009,1254348000000,2009-09-30 22:00:00+00:00,2009-10-01 00:00:00+02:00,False,10728,canadian
387,,3173,1,10,2009,1254348000000,2009-09-30 22:00:00+00:00,2009-10-01 00:00:00+02:00,False,10728,tyler adam
387,,103,1,12,2008,1228086000000,2008-11-30 23:00:00+00:00,2008-12-01 00:00:00+01:00,False,12898,rap
387,,3188,1,12,2008,1228086000000,2008-11-30 23:00:00+00:00,2008-12-01 00:00:00+01:00,False,12898,bubba sparxxx
387,,18,1,2,2009,1233442800000,2009-01-31 23:00:00+00:00,2009-02-01 00:00:00+01:00,False,15547,electronic
387,,81,1,2,2009,1233442800000,2009-01-31 23:00:00+00:00,2009-02-01 00:00:00+01:00,False,15547,indie
387,,826,1,2,2009,1233442800000,2009-01-31 23:00:00+00:00,2009-02-01 00:00:00+01:00,False,15547,chill
387,,347,1,10,2008,1222812000000,2008-09-30 22:00:00+00:00,2008-10-01 00:00:00+02:00,False,17643,gay
388,,193,1,3,2008,1204326000000,2008-02-29 23:00:00+00:00,2008-03-01 00:00:00+01:00,False,11973,country
388,,130,1,3,2009,1235862000000,2009-02-28 23:00:00+00:00,2009-03-01 00:00:00+01:00,False,11974,female vocalists
388,,103,1,3,2008,1204326000000,2008-02-29 23:00:00+00:00,2008-03-01 00:00:00+01:00,False,12893,rap
388,,102,1,3,2009,1235862000000,2009-02-28 23:00:00+00:00,2009-03-01 00:00:00+01:00,False,12904,hip-hop
392,,130,1,3,2011,1298934000000,2011-02-28 23:00:00+00:00,2011-03-01 00:00:00+01:00,False,13474,female vocalists
392,,213,1,3,2011,1298934000000,2011-02-28 23:00:00+00:00,2011-03-01 00:00:00+01:00,False,13474,beautiful
406,,72,1,7,2008,1214863200000,2008-06-30 22:00:00+00:00,2008-07-01 00:00:00+02:00,False,8421,hard rock
406,,3272,1,12,2010,1291158000000,2010-11-30 23:00:00+00:00,2010-12-01 00:00:00+01:00,False,13485,death doom metal
406,,14,1,7,2008,1214863200000,2008-06-30 22:00:00+00:00,2008-07-01 00:00:00+02:00,False,16540,ambient
408,,81,1,4,2009,1238536800000,2009-03-31 22:00:00+00:00,2009-04-01 00:00:00+02:00,False,17933,indie
408,,83,1,4,2009,1238536800000,2009-03-31 22:00:00+00:00,2009-04-01 00:00:00+02:00,False,17933,jazz
408,,84,1,4,2009,1238536800000,2009-03-31 22:00:00+00:00,2009-04-01 00:00:00+02:00,False,17933,indie rock
416,,17,1,9,2010,1283292000000,2010-08-31 22:00:00+00:00,2010-09-01 00:00:00+02:00,False,15546,synth pop
416,,18,1,9,2010,1283292000000,2010-08-31 22:00:00+00:00,2010-09-01 00:00:00+02:00,False,15546,electronic
416,,33,1,9,2010,1283292000000,2010-08-31 22:00:00+00:00,2010-09-01 00:00:00+02:00,False,15546,experimental
416,,275,1,9,2010,1283292000000,2010-08-31 22:00:00+00:00,2010-09-01 00:00:00+02:00,False,15546,post-punk
416,,2795,1,11,2009,1257030000000,2009-10-31 23:00:00+00:00,2009-11-01 00:00:00+01:00,False,16549,martial industrial
431,,25,1,4,2006,1143842400000,2006-03-31 22:00:00+00:00,2006-04-01 00:00:00+02:00,False,9714,80s
431,,73,1,4,2006,1143842400000,2006-03-31 22:00:00+00:00,2006-04-01 00:00:00+02:00,False,9714,rock
431,,848,1,4,2006,1143842400000,2006-03-31 22:00:00+00:00,2006-04-01 00:00:00+02:00,False,9714,hair metal
436,,72,1,5,2009,1241128800000,2009-04-30 22:00:00+00:00,2009-05-01 00:00:00+02:00,False,15528,hard rock
436,,73,1,5,2009,1241128800000,2009-04-30 22:00:00+00:00,2009-05-01 00:00:00+02:00,False,15528,rock
436,,192,1,5,2009,1241128800000,2009-04-30 22:00:00+00:00,2009-05-01 00:00:00+02:00,False,15528,classic rock
436,,735,1,5,2009,1241128800000,2009-04-30 22:00:00+00:00,2009-05-01 00:00:00+02:00,False,15528,70s
436,,3524,1,5,2009,1241128800000,2009-04-30 22:00:00+00:00,2009-05-01 00:00:00+02:00,False,15528,us rock
439,,527,1,4,2007,1175378400000,2007-03-31 22:00:00+00:00,2007-04-01 00:00:00+02:00,False,12893,classic
439,,102,1,11,2009,1257030000000,2009-10-31 23:00:00+00:00,2009-11-01 00:00:00+01:00,False,12903,hip-hop
439,,92,1,6,2008,1212271200000,2008-05-31 22:00:00+00:00,2008-06-01 00:00:00+02:00,False,12904,dope
439,,103,1,11,2009,1257030000000,2009-10-31 23:00:00+00:00,2009-11-01 00:00:00+01:00,False,12904,rap
439,,197,1,12,2008,1228086000000,2008-11-30 23:00:00+00:00,2008-12-01 00:00:00+01:00,False,12904,gangsta rap
439,,2349,1,9,2008,1220220000000,2008-08-31 22:00:00+00:00,2008-09-01 00:00:00+02:00,False,12904,sweet
439,,3536,1,12,2008,1228086000000,2008-11-30 23:00:00+00:00,2008-12-01 00:00:00+01:00,False,12904,phat
439,,3541,1,4,2009,1238536800000,2009-03-31 22:00:00+00:00,2009-04-01 00:00:00+02:00,False,12904,the good stuff
439,,3554,1,9,2010,1283292000000,2010-08-31 22:00:00+00:00,2010-09-01 00:00:00+02:00,False,12904,dope cut
439,,3557,1,4,2008,1207000800000,2008-03-31 22:00:00+00:00,2008-04-01 00:00:00+02:00,False,12904,witty
439,,3559,1,9,2010,1283292000000,2010-08-31 22:00:00+00:00,2010-09-01 00:00:00+02:00,False,12904,assertive
439,,3560,1,7,2008,1214863200000,2008-06-30 22:00:00+00:00,2008-07-01 00:00:00+02:00,False,12904,mean
439,,102,1,8,2009,1249077600000,2009-07-31 22:00:00+00:00,2009-08-01 00:00:00+02:00,False,14815,hip-hop
439,,370,1,10,2009,1254348000000,2009-09-30 22:00:00+00:00,2009-10-01 00:00:00+02:00,False,14815,favorite
439,,1911,1,1,2009,1230764400000,2008-12-31 23:00:00+00:00,2009-01-01 00:00:00+01:00,False,14815,cool
439,,2349,1,8,2009,1249077600000,2009-07-31 22:00:00+00:00,2009-08-01 00:00:00+02:00,False,14815,sweet
439,,2785,1,1,2009,1230764400000,2008-12-31 23:00:00+00:00,2009-01-01 00:00:00+01:00,False,14815,nice
439,,3538,1,12,2009,1259622000000,2009-11-30 23:00:00+00:00,2009-12-01 00:00:00+01:00,False,14815,real talk
439,,3541,1,7,2010,1277935200000,2010-06-30 22:00:00+00:00,2010-07-01 00:00:00+02:00,False,14815,the good stuff
439,,3543,1,12,2009,1259622000000,2009-11-30 23:00:00+00:00,2009-12-01 00:00:00+01:00,False,14815,solid
439,,1911,1,9,2008,1220220000000,2008-08-31 22:00:00+00:00,2008-09-01 00:00:00+02:00,False,17933,cool
447,,61,1,3,2009,1235862000000,2009-02-28 23:00:00+00:00,2009-03-01 00:00:00+01:00,False,3515,industrial
447,,574,1,4,2009,1238536800000,2009-03-31 22:00:00+00:00,2009-04-01 00:00:00+02:00,False,3522,dark ambient
447,,1512,1,4,2009,1238536800000,2009-03-31 22:00:00+00:00,2009-04-01 00:00:00+02:00,False,3522,soundscape
447,,59,1,5,2009,1241128800000,2009-04-30 22:00:00+00:00,2009-05-01 00:00:00+02:00,False,3533,drone
447,,187,1,5,2009,1241128800000,2009-04-30 22:00:00+00:00,2009-05-01 00:00:00+02:00,False,3533,electronica
447,,574,1,4,2009,1238536800000,2009-03-31 22:00:00+00:00,2009-04-01 00:00:00+02:00,False,16540,dark ambient
454,,61,1,8,2010,1280613600000,2010-07-31 22:00:00+00:00,2010-08-01 00:00:00+02:00,False,3525,industrial
454,,3651,1,11,2010,1288566000000,2010-10-31 23:00:00+00:00,2010-11-01 00:00:00+01:00,False,11710,lostfreeq
454,,3653,1,11,2010,1288566000000,2010-10-31 23:00:00+00:00,2010-11-01 00:00:00+01:00,False,11710,chef musinum
454,,13,1,8,2010,1280613600000,2010-07-31 22:00:00+00:00,2010-08-01 00:00:00+02:00,False,13972,chillout
454,,2525,1,8,2010,1280613600000,2010-07-31 22:00:00+00:00,2010-08-01 00:00:00+02:00,False,13972,nu jazz
455,,18,1,11,2006,1162335600000,2006-10-31 23:00:00+00:00,2006-11-01 00:00:00+01:00,False,10082,electronic
455,,61,1,11,2006,1162335600000,2006-10-31 23:00:00+00:00,2006-11-01 00:00:00+01:00,False,10082,industrial
455,,86,1,11,2006,1162335600000,2006-10-31 23:00:00+00:00,2006-11-01 00:00:00+01:00,False,10082,ebm
455,,3673,1,11,2006,1162335600000,2006-10-31 23:00:00+00:00,2006-11-01 00:00:00+01:00,False,10082,ultimate favorite
459,,1372,1,8,2010,1280613600000,2010-07-31 22:00:00+00:00,2010-08-01 00:00:00+02:00,False,7004,folk metal
460,,3710,1,9,2008,1220220000000,2008-08-31 22:00:00+00:00,2008-09-01 00:00:00+02:00,False,15283,pozitive
460,,184,1,9,2008,1220220000000,2008-08-31 22:00:00+00:00,2008-09-01 00:00:00+02:00,False,18598,soundtrack
460,,296,1,9,2008,1220220000000,2008-08-31 22:00:00+00:00,2008-09-01 00:00:00+02:00,False,18598,indie pop
460,,3710,1,9,2008,1220220000000,2008-08-31 22:00:00+00:00,2008-09-01 00:00:00+02:00,False,18598,pozitive
464,,73,1,6,2009,1243807200000,2009-05-31 22:00:00+00:00,2009-06-01 00:00:00+02:00,False,9949,rock
480,,30,1,1,2010,1262300400000,2009-12-31 23:00:00+00:00,2010-01-01 00:00:00+01:00,False,10178,german
481,,3806,1,4,2010,1270072800000,2010-03-31 22:00:00+00:00,2010-04-01 00:00:00+02:00,False,4674,pedobear does approve
488,,3828,1,10,2009,1254348000000,2009-09-30 22:00:00+00:00,2009-10-01 00:00:00+02:00,False,11974,goddesses
488,,3832,1,10,2009,1254348000000,2009-09-30 22:00:00+00:00,2009-10-01 00:00:00+02:00,False,11974,sex rock
490,,3599,1,10,2009,1254348000000,2009-09-30 22:00:00+00:00,2009-10-01 00:00:00+02:00,False,16558,pagan
492,,33,1,4,2009,1238536800000,2009-03-31 22:00:00+00:00,2009-04-01 00:00:00+02:00,False,4083,experimental
492,,88,1,4,2009,1238536800000,2009-03-31 22:00:00+00:00,2009-04-01 00:00:00+02:00,False,4083,psychedelic
492,,2609,1,4,2009,1238536800000,2009-03-31 22:00:00+00:00,2009-04-01 00:00:00+02:00,False,4083,freak folk
492,,2610,1,4,2009,1238536800000,2009-03-31 22:00:00+00:00,2009-04-01 00:00:00+02:00,False,4083,new weird america
492,,134,1,1,2010,1262300400000,2009-12-31 23:00:00+00:00,2010-01-01 00:00:00+01:00,False,13469,singer-songwriter
492,,292,1,1,2010,1262300400000,2009-12-31 23:00:00+00:00,2010-01-01 00:00:00+01:00,False,13469,folk
492,,935,1,1,2010,1262300400000,2009-12-31 23:00:00+00:00,2010-01-01 00:00:00+01:00,False,13469,lo-fi
507,,181,1,10,2008,1222812000000,2008-09-30 22:00:00+00:00,2008-10-01 00:00:00+02:00,False,7360,punk
507,,195,1,10,2008,1222812000000,2008-09-30 22:00:00+00:00,2008-10-01 00:00:00+02:00,False,7360,british
507,,3925,1,8,2008,1217541600000,2008-07-31 22:00:00+00:00,2008-08-01 00:00:00+02:00,False,8950,rocksteady
507,,3930,1,7,2008,1214863200000,2008-06-30 22:00:00+00:00,2008-07-01 00:00:00+02:00,False,8950,ska rocksteady
507,,249,1,8,2008,1217541600000,2008-07-31 22:00:00+00:00,2008-08-01 00:00:00+02:00,False,14377,garage rock
507,,16,1,8,2008,1217541600000,2008-07-31 22:00:00+00:00,2008-08-01 00:00:00+02:00,False,15125,new wave
507,,24,1,8,2008,1217541600000,2008-07-31 22:00:00+00:00,2008-08-01 00:00:00+02:00,False,15125,pop
507,,81,1,8,2008,1217541600000,2008-07-31 22:00:00+00:00,2008-08-01 00:00:00+02:00,False,15125,indie
507,,195,1,8,2008,1217541600000,2008-07-31 22:00:00+00:00,2008-08-01 00:00:00+02:00,False,15125,british
507,,275,1,8,2008,1217541600000,2008-07-31 22:00:00+00:00,2008-08-01 00:00:00+02:00,False,15125,post-punk
517,,70,1,12,2008,1228086000000,2008-11-30 23:00:00+00:00,2008-12-01 00:00:00+01:00,False,11354,dubstep
517,,1136,1,12,2008,1228086000000,2008-11-30 23:00:00+00:00,2008-12-01 00:00:00+01:00,False,11354,bass
517,,1834,1,12,2008,1228086000000,2008-11-30 23:00:00+00:00,2008-12-01 00:00:00+01:00,False,13972,nu-jazz
517,,3982,1,12,2008,1228086000000,2008-11-30 23:00:00+00:00,2008-12-01 00:00:00+01:00,False,13972,balearic
517,,14,1,10,2007,1191189600000,2007-09-30 22:00:00+00:00,2007-10-01 00:00:00+02:00,False,17825,ambient
517,,30,1,12,2006,1164927600000,2006-11-30 23:00:00+00:00,2006-12-01 00:00:00+01:00,False,17825,german
517,,47,1,10,2007,1191189600000,2007-09-30 22:00:00+00:00,2007-10-01 00:00:00+02:00,False,17825,idm
529,,83,1,9,2008,1220220000000,2008-08-31 22:00:00+00:00,2008-09-01 00:00:00+02:00,False,18222,jazz
529,,387,1,9,2008,1220220000000,2008-08-31 22:00:00+00:00,2008-09-01 00:00:00+02:00,False,18222,progressive rock
529,,547,1,9,2008,1220220000000,2008-08-31 22:00:00+00:00,2008-09-01 00:00:00+02:00,False,18222,fusion
530,,18,5,5,2011,1304603061216,2011-05-05 13:44:21.216000+00:00,2011-05-05 15:44:21.216000+02:00,False,4729,electronic
530,,105,5,5,2011,1304603109974,2011-05-05 13:45:09.974000+00:00,2011-05-05 15:45:09.974000+02:00,False,4729,house
530,,79,1,3,2011,1298934000000,2011-02-28 23:00:00+00:00,2011-03-01 00:00:00+01:00,False,12619,alternative
530,,81,1,3,2011,1298934000000,2011-02-28 23:00:00+00:00,2011-03-01 00:00:00+01:00,False,12619,indie
530,,84,1,3,2011,1298934000000,2011-02-28 23:00:00+00:00,2011-03-01 00:00:00+01:00,False,12619,indie rock
541,,72,1,2,2008,1201820400000,2008-01-31 23:00:00+00:00,2008-02-01 00:00:00+01:00,False,15528,hard rock
541,,184,1,2,2008,1201820400000,2008-01-31 23:00:00+00:00,2008-02-01 00:00:00+01:00,False,15528,soundtrack
541,,192,1,2,2008,1201820400000,2008-01-31 23:00:00+00:00,2008-02-01 00:00:00+01:00,False,15528,classic rock
541,,83,1,9,2008,1220220000000,2008-08-31 22:00:00+00:00,2008-09-01 00:00:00+02:00,False,15539,jazz
541,,85,1,9,2008,1220220000000,2008-08-31 22:00:00+00:00,2008-09-01 00:00:00+02:00,False,15539,funk
541,,432,1,9,2008,1220220000000,2008-08-31 22:00:00+00:00,2008-09-01 00:00:00+02:00,False,15539,brazilian
541,,625,1,9,2008,1220220000000,2008-08-31 22:00:00+00:00,2008-09-01 00:00:00+02:00,False,15539,soul
541,,693,1,9,2008,1220220000000,2008-08-31 22:00:00+00:00,2008-09-01 00:00:00+02:00,False,15539,mpb
544,,61,1,6,2010,1275343200000,2010-05-31 22:00:00+00:00,2010-06-01 00:00:00+02:00,False,3525,industrial
544,,88,1,4,2010,1270072800000,2010-03-31 22:00:00+00:00,2010-04-01 00:00:00+02:00,False,4090,psychedelic
544,,87,1,12,2008,1228086000000,2008-11-30 23:00:00+00:00,2008-12-01 00:00:00+01:00,False,10726,post-rock
544,,296,1,6,2008,1212271200000,2008-05-31 22:00:00+00:00,2008-06-01 00:00:00+02:00,False,10948,indie pop
544,,169,1,1,2009,1230764400000,2008-12-31 23:00:00+00:00,2009-01-01 00:00:00+01:00,False,11059,pop punk
544,,14,1,12,2008,1228086000000,2008-11-30 23:00:00+00:00,2008-12-01 00:00:00+01:00,False,11704,ambient
544,,385,1,12,2007,1196463600000,2007-11-30 23:00:00+00:00,2007-12-01 00:00:00+01:00,False,13480,melodic death metal
544,,855,1,4,2010,1270072800000,2010-03-31 22:00:00+00:00,2010-04-01 00:00:00+02:00,False,13658,new rave
544,,14,1,12,2008,1228086000000,2008-11-30 23:00:00+00:00,2008-12-01 00:00:00+01:00,False,13896,ambient
544,,391,1,1,2009,1230764400000,2008-12-31 23:00:00+00:00,2009-01-01 00:00:00+01:00,False,15271,shoegaze
544,,169,1,1,2009,1230764400000,2008-12-31 23:00:00+00:00,2009-01-01 00:00:00+01:00,False,15272,pop punk
544,,14,1,12,2008,1228086000000,2008-11-30 23:00:00+00:00,2008-12-01 00:00:00+01:00,False,16110,ambient
544,,169,1,1,2009,1230764400000,2008-12-31 23:00:00+00:00,2009-01-01 00:00:00+01:00,False,16401,pop punk
544,,275,1,5,2010,1272664800000,2010-04-30 22:00:00+00:00,2010-05-01 00:00:00+02:00,False,17325,post-punk
544,,78,1,8,2009,1249077600000,2009-07-31 22:00:00+00:00,2009-08-01 00:00:00+02:00,False,17895,alternative rock
545,,81,1,10,2008,1222812000000,2008-09-30 22:00:00+00:00,2008-10-01 00:00:00+02:00,False,18598,indie
545,,184,1,10,2008,1222812000000,2008-09-30 22:00:00+00:00,2008-10-01 00:00:00+02:00,False,18598,soundtrack
546,,24,1,6,2009,1243807200000,2009-05-31 22:00:00+00:00,2009-06-01 00:00:00+02:00,False,10180,pop
546,,187,1,4,2010,1270072800000,2010-03-31 22:00:00+00:00,2010-04-01 00:00:00+02:00,False,12303,electronica
546,,385,1,1,2011,1293836400000,2010-12-31 23:00:00+00:00,2011-01-01 00:00:00+01:00,False,17479,melodic death metal
546,,296,1,1,2010,1262300400000,2009-12-31 23:00:00+00:00,2010-01-01 00:00:00+01:00,False,18627,indie pop
548,,4,1,12,2010,1291158000000,2010-11-30 23:00:00+00:00,2010-12-01 00:00:00+01:00,False,7000,black metal
548,,4,1,12,2010,1291158000000,2010-11-30 23:00:00+00:00,2010-12-01 00:00:00+01:00,False,13483,black metal
548,,2091,1,12,2010,1291158000000,2010-11-30 23:00:00+00:00,2010-12-01 00:00:00+01:00,False,13483,true black metal
557,,10,1,10,2009,1254348000000,2009-09-30 22:00:00+00:00,2009-10-01 00:00:00+02:00,False,14,harsh ebm
557,,12,1,10,2009,1254348000000,2009-09-30 22:00:00+00:00,2009-10-01 00:00:00+02:00,False,14,aggrotech
557,,565,1,10,2009,1254348000000,2009-09-30 22:00:00+00:00,2009-10-01 00:00:00+02:00,False,14,dark electro
557,,73,1,10,2009,1254348000000,2009-09-30 22:00:00+00:00,2009-10-01 00:00:00+02:00,False,4677,rock
557,,181,1,10,2009,1254348000000,2009-09-30 22:00:00+00:00,2009-10-01 00:00:00+02:00,False,4677,punk
557,,182,1,10,2009,1254348000000,2009-09-30 22:00:00+00:00,2009-10-01 00:00:00+02:00,False,4677,punk rock
563,,311,1,4,2008,1207000800000,2008-03-31 22:00:00+00:00,2008-04-01 00:00:00+02:00,False,9842,reggae
567,,127,1,8,2010,1280613600000,2010-07-31 22:00:00+00:00,2010-08-01 00:00:00+02:00,False,18624,seen live
567,,127,1,7,2008,1214863200000,2008-06-30 22:00:00+00:00,2008-07-01 00:00:00+02:00,False,18629,seen live
571,,1727,1,4,2007,1175378400000,2007-03-31 22:00:00+00:00,2007-04-01 00:00:00+02:00,False,14338,glam
573,,352,1,10,2010,1285884000000,2010-09-30 22:00:00+00:00,2010-10-01 00:00:00+02:00,False,12893,90s
580,,181,1,8,2008,1217541600000,2008-07-31 22:00:00+00:00,2008-08-01 00:00:00+02:00,False,11054,punk
580,,176,1,9,2008,1220220000000,2008-08-31 22:00:00+00:00,2008-09-01 00:00:00+02:00,False,11058,emo
580,,176,1,7,2008,1214863200000,2008-06-30 22:00:00+00:00,2008-07-01 00:00:00+02:00,False,11059,emo
580,,81,1,7,2008,1214863200000,2008-06-30 22:00:00+00:00,2008-07-01 00:00:00+02:00,False,16818,indie
582,,194,1,12,2010,1291158000000,2010-11-30 23:00:00+00:00,2010-12-01 00:00:00+01:00,False,8922,hardcore
582,,2217,1,12,2010,1291158000000,2010-11-30 23:00:00+00:00,2010-12-01 00:00:00+01:00,False,8922,straight edge
582,,194,1,12,2010,1291158000000,2010-11-30 23:00:00+00:00,2010-12-01 00:00:00+01:00,False,8946,hardcore
582,,2217,1,12,2010,1291158000000,2010-11-30 23:00:00+00:00,2010-12-01 00:00:00+01:00,False,8946,straight edge
601,,545,1,2,2011,1296514800000,2011-01-31 23:00:00+00:00,2011-02-01 00:00:00+01:00,False,8133,classical
605,,3375,1,5,2007,1177970400000,2007-04-30 22:00:00+00:00,2007-05-01 00:00:00+02:00,False,14721,memories
608,,108,1,8,2009,1249077600000,2009-07-31 22:00:00+00:00,2009-08-01 00:00:00+02:00,False,15363,rock and roll
608,,1076,1,8,2009,1249077600000,2009-07-31 22:00:00+00:00,2009-08-01 00:00:00+02:00,False,15363,rock n roll
618,,33,1,1,2010,1262300400000,2009-12-31 23:00:00+00:00,2010-01-01 00:00:00+01:00,False,14860,experimental
618,,87,1,1,2010,1262300400000,2009-12-31 23:00:00+00:00,2010-01-01 00:00:00+01:00,False,14860,post-rock
618,,191,1,1,2010,1262300400000,2009-12-31 23:00:00+00:00,2010-01-01 00:00:00+01:00,False,14860,instrumental
618,,360,1,1,2010,1262300400000,2009-12-31 23:00:00+00:00,2010-01-01 00:00:00+01:00,False,14860,australian
618,,821,1,1,2010,1262300400000,2009-12-31 23:00:00+00:00,2010-01-01 00:00:00+01:00,False,14860,post rock
618,,194,1,9,2010,1283292000000,2010-08-31 22:00:00+00:00,2010-09-01 00:00:00+02:00,False,18493,hardcore
618,,4491,1,9,2010,1283292000000,2010-08-31 22:00:00+00:00,2010-09-01 00:00:00+02:00,False,18493,vegan
618,,4492,1,9,2010,1283292000000,2010-08-31 22:00:00+00:00,2010-09-01 00:00:00+02:00,False,18493,hardline
625,,33,1,1,2011,1293836400000,2010-12-31 23:00:00+00:00,2011-01-01 00:00:00+01:00,False,10887,experimental
625,,59,1,1,2011,1293836400000,2010-12-31 23:00:00+00:00,2011-01-01 00:00:00+01:00,False,10887,drone
625,,391,1,1,2011,1293836400000,2010-12-31 23:00:00+00:00,2011-01-01 00:00:00+01:00,False,10887,shoegaze
631,,73,1,11,2009,1257030000000,2009-10-31 23:00:00+00:00,2009-11-01 00:00:00+01:00,False,12941,rock
631,,79,1,11,2009,1257030000000,2009-10-31 23:00:00+00:00,2009-11-01 00:00:00+01:00,False,12941,alternative
631,,406,1,11,2009,1257030000000,2009-10-31 23:00:00+00:00,2009-11-01 00:00:00+01:00,False,12941,brazil
631,,432,1,11,2009,1257030000000,2009-10-31 23:00:00+00:00,2009-11-01 00:00:00+01:00,False,12941,brazilian
631,,3507,1,11,2009,1257030000000,2009-10-31 23:00:00+00:00,2009-11-01 00:00:00+01:00,False,12941,brazilian rock
633,,180,1,3,2008,1204326000000,2008-02-29 23:00:00+00:00,2008-03-01 00:00:00+01:00,False,14549,post-hardcore
633,,194,1,3,2008,1204326000000,2008-02-29 23:00:00+00:00,2008-03-01 00:00:00+01:00,False,14549,hardcore
633,,376,1,3,2008,1204326000000,2008-02-29 23:00:00+00:00,2008-03-01 00:00:00+01:00,False,14549,metalcore
641,,364,1,6,2008,1212271200000,2008-05-31 22:00:00+00:00,2008-06-01 00:00:00+02:00,False,15190,favorites
644,,73,1,5,2010,1272664800000,2010-04-30 22:00:00+00:00,2010-05-01 00:00:00+02:00,False,16224,rock
644,,81,1,5,2010,1272664800000,2010-04-30 22:00:00+00:00,2010-05-01 00:00:00+02:00,False,16224,indie
644,,530,1,5,2010,1272664800000,2010-04-30 22:00:00+00:00,2010-05-01 00:00:00+02:00,False,16224,chile
644,,3879,1,5,2010,1272664800000,2010-04-30 22:00:00+00:00,2010-05-01 00:00:00+02:00,False,16224,rock chileno
650,,4674,1,12,2008,1228086000000,2008-11-30 23:00:00+00:00,2008-12-01 00:00:00+01:00,False,4674,pompa xd
650,,304,1,11,2008,1225494000000,2008-10-31 23:00:00+00:00,2008-11-01 00:00:00+01:00,False,10283,hip hop
658,,16,5,5,2011,1304604799635,2011-05-05 14:13:19.635000+00:00,2011-05-05 16:13:19.635000+02:00,False,10728,new wave
658,,18,5,5,2011,1304604802492,2011-05-05 14:13:22.492000+00:00,2011-05-05 16:13:22.492000+02:00,False,10728,electronic
658,,74,5,5,2011,1304604797547,2011-05-05 14:13:17.547000+00:00,2011-05-05 16:13:17.547000+02:00,False,10728,synthpop
658,,199,5,5,2011,1304604793202,2011-05-05 14:13:13.202000+00:00,2011-05-05 16:13:13.202000+02:00,False,10728,electropop
658,,18,1,8,2010,1280613600000,2010-07-31 22:00:00+00:00,2010-08-01 00:00:00+02:00,False,13658,electronic
658,,321,1,8,2010,1280613600000,2010-07-31 22:00:00+00:00,2010-08-01 00:00:00+02:00,False,13658,french
670,,79,1,11,2007,1193871600000,2007-10-31 23:00:00+00:00,2007-11-01 00:00:00+01:00,False,16221,alternative
670,,185,1,11,2007,1193871600000,2007-10-31 23:00:00+00:00,2007-11-01 00:00:00+01:00,False,16221,acoustic
670,,188,1,11,2007,1193871600000,2007-10-31 23:00:00+00:00,2007-11-01 00:00:00+01:00,False,16221,polish
670,,127,1,7,2009,1246399200000,2009-06-30 22:00:00+00:00,2009-07-01 00:00:00+02:00,False,16222,seen live
685,,376,1,4,2009,1238536800000,2009-03-31 22:00:00+00:00,2009-04-01 00:00:00+02:00,False,5108,metalcore
685,,102,1,11,2009,1257030000000,2009-10-31 23:00:00+00:00,2009-11-01 00:00:00+01:00,False,17598,hip-hop
685,,103,1,12,2008,1228086000000,2008-11-30 23:00:00+00:00,2008-12-01 00:00:00+01:00,False,17598,rap
692,,4930,1,6,2009,1243807200000,2009-05-31 22:00:00+00:00,2009-06-01 00:00:00+02:00,False,15359,40s
692,,4931,1,6,2009,1243807200000,2009-05-31 22:00:00+00:00,2009-06-01 00:00:00+02:00,False,15359,1940s
692,,4930,1,6,2009,1243807200000,2009-05-31 22:00:00+00:00,2009-06-01 00:00:00+02:00,False,15360,40s
692,,4931,1,6,2009,1243807200000,2009-05-31 22:00:00+00:00,2009-06-01 00:00:00+02:00,False,15360,1940s
697,,14,1,3,2008,1204326000000,2008-02-29 23:00:00+00:00,2008-03-01 00:00:00+01:00,False,3515,ambient
697,,33,1,3,2008,1204326000000,2008-02-29 23:00:00+00:00,2008-03-01 00:00:00+01:00,False,3515,experimental
697,,34,1,3,2008,1204326000000,2008-02-29 23:00:00+00:00,2008-03-01 00:00:00+01:00,False,3515,minimal
697,,233,1,3,2008,1204326000000,2008-02-29 23:00:00+00:00,2008-03-01 00:00:00+01:00,False,3515,dark
697,,574,1,3,2008,1204326000000,2008-02-29 23:00:00+00:00,2008-03-01 00:00:00+01:00,False,3515,dark ambient
697,,1159,1,3,2008,1204326000000,2008-02-29 23:00:00+00:00,2008-03-01 00:00:00+01:00,False,3515,deep
697,,14,1,8,2008,1217541600000,2008-07-31 22:00:00+00:00,2008-08-01 00:00:00+02:00,False,5059,ambient
697,,18,1,8,2008,1217541600000,2008-07-31 22:00:00+00:00,2008-08-01 00:00:00+02:00,False,5059,electronic
697,,33,1,8,2008,1217541600000,2008-07-31 22:00:00+00:00,2008-08-01 00:00:00+02:00,False,5059,experimental
697,,47,1,8,2008,1217541600000,2008-07-31 22:00:00+00:00,2008-08-01 00:00:00+02:00,False,5059,idm
697,,105,1,8,2008,1217541600000,2008-07-31 22:00:00+00:00,2008-08-01 00:00:00+02:00,False,5059,house
697,,187,1,8,2008,1217541600000,2008-07-31 22:00:00+00:00,2008-08-01 00:00:00+02:00,False,5059,electronica
697,,233,1,8,2008,1217541600000,2008-07-31 22:00:00+00:00,2008-08-01 00:00:00+02:00,False,5059,dark
697,,309,1,8,2008,1217541600000,2008-07-31 22:00:00+00:00,2008-08-01 00:00:00+02:00,False,5059,electro
697,,1159,1,8,2008,1217541600000,2008-07-31 22:00:00+00:00,2008-08-01 00:00:00+02:00,False,5059,deep
697,,105,1,11,2006,1162335600000,2006-10-31 23:00:00+00:00,2006-11-01 00:00:00+01:00,False,8139,house
697,,33,1,12,2006,1164927600000,2006-11-30 23:00:00+00:00,2006-12-01 00:00:00+01:00,False,16110,experimental
697,,34,1,12,2006,1164927600000,2006-11-30 23:00:00+00:00,2006-12-01 00:00:00+01:00,False,16110,minimal
697,,47,1,12,2006,1164927600000,2006-11-30 23:00:00+00:00,2006-12-01 00:00:00+01:00,False,16110,idm
697,,191,1,12,2006,1164927600000,2006-11-30 23:00:00+00:00,2006-12-01 00:00:00+01:00,False,16110,instrumental
697,,233,1,12,2006,1164927600000,2006-11-30 23:00:00+00:00,2006-12-01 00:00:00+01:00,False,16110,dark
697,,574,1,12,2006,1164927600000,2006-11-30 23:00:00+00:00,2006-12-01 00:00:00+01:00,False,16110,dark ambient
697,,13,1,11,2009,1257030000000,2009-10-31 23:00:00+00:00,2009-11-01 00:00:00+01:00,False,16474,chillout
697,,14,1,11,2009,1257030000000,2009-10-31 23:00:00+00:00,2009-11-01 00:00:00+01:00,False,16474,ambient
697,,15,1,11,2009,1257030000000,2009-10-31 23:00:00+00:00,2009-11-01 00:00:00+01:00,False,16474,downtempo
697,,18,1,11,2009,1257030000000,2009-10-31 23:00:00+00:00,2009-11-01 00:00:00+01:00,False,16474,electronic
697,,88,1,11,2009,1257030000000,2009-10-31 23:00:00+00:00,2009-11-01 00:00:00+01:00,False,16474,psychedelic
697,,90,1,11,2009,1257030000000,2009-10-31 23:00:00+00:00,2009-11-01 00:00:00+01:00,False,16474,trance
697,,187,1,11,2009,1257030000000,2009-10-31 23:00:00+00:00,2009-11-01 00:00:00+01:00,False,16474,electronica
697,,564,1,11,2009,1257030000000,2009-10-31 23:00:00+00:00,2009-11-01 00:00:00+01:00,False,16474,psytrance
697,,588,1,11,2009,1257030000000,2009-10-31 23:00:00+00:00,2009-11-01 00:00:00+01:00,False,16474,psychedelic trance
697,,826,1,11,2009,1257030000000,2009-10-31 23:00:00+00:00,2009-11-01 00:00:00+01:00,False,16474,chill
697,,1492,1,11,2009,1257030000000,2009-10-31 23:00:00+00:00,2009-11-01 00:00:00+01:00,False,16474,relax
697,,14,1,12,2007,1196463600000,2007-11-30 23:00:00+00:00,2007-12-01 00:00:00+01:00,False,16536,ambient
697,,18,1,12,2007,1196463600000,2007-11-30 23:00:00+00:00,2007-12-01 00:00:00+01:00,False,16536,electronic
697,,33,1,12,2007,1196463600000,2007-11-30 23:00:00+00:00,2007-12-01 00:00:00+01:00,False,16536,experimental
697,,187,1,12,2007,1196463600000,2007-11-30 23:00:00+00:00,2007-12-01 00:00:00+01:00,False,16536,electronica
697,,233,1,12,2007,1196463600000,2007-11-30 23:00:00+00:00,2007-12-01 00:00:00+01:00,False,16536,dark
697,,309,1,12,2007,1196463600000,2007-11-30 23:00:00+00:00,2007-12-01 00:00:00+01:00,False,16536,electro
697,,574,1,12,2007,1196463600000,2007-11-30 23:00:00+00:00,2007-12-01 00:00:00+01:00,False,16536,dark ambient
697,,1159,1,12,2007,1196463600000,2007-11-30 23:00:00+00:00,2007-12-01 00:00:00+01:00,False,16536,deep
697,,88,1,10,2008,1222812000000,2008-09-30 22:00:00+00:00,2008-10-01 00:00:00+02:00,False,16946,psychedelic
697,,90,1,10,2008,1222812000000,2008-09-30 22:00:00+00:00,2008-10-01 00:00:00+02:00,False,16946,trance
697,,564,1,10,2008,1222812000000,2008-09-30 22:00:00+00:00,2008-10-01 00:00:00+02:00,False,16946,psytrance
697,,568,1,10,2008,1222812000000,2008-09-30 22:00:00+00:00,2008-10-01 00:00:00+02:00,False,16946,goa
697,,588,1,10,2008,1222812000000,2008-09-30 22:00:00+00:00,2008-10-01 00:00:00+02:00,False,16946,psychedelic trance
698,,4950,1,9,2010,1283292000000,2010-08-31 22:00:00+00:00,2010-09-01 00:00:00+02:00,False,6999,like
699,,321,1,6,2007,1180648800000,2007-05-31 22:00:00+00:00,2007-06-01 00:00:00+02:00,False,10947,french
699,,193,1,7,2007,1183240800000,2007-06-30 22:00:00+00:00,2007-07-01 00:00:00+02:00,False,13474,country
699,,4952,1,7,2008,1214863200000,2008-06-30 22:00:00+00:00,2008-07-01 00:00:00+02:00,False,15557,oui fm
699,,321,1,6,2007,1180648800000,2007-05-31 22:00:00+00:00,2007-06-01 00:00:00+02:00,False,15559,french
699,,78,1,6,2007,1180648800000,2007-05-31 22:00:00+00:00,2007-06-01 00:00:00+02:00,False,16990,alternative rock
699,,78,1,6,2007,1180648800000,2007-05-31 22:00:00+00:00,2007-06-01 00:00:00+02:00,False,18142,alternative rock
705,,4994,1,3,2011,1298934000000,2011-02-28 23:00:00+00:00,2011-03-01 00:00:00+01:00,False,10298,movie score composers
714,,1478,1,8,2007,1185919200000,2007-07-31 22:00:00+00:00,2007-08-01 00:00:00+02:00,False,6256,goth
714,,16,1,3,2009,1235862000000,2009-02-28 23:00:00+00:00,2009-03-01 00:00:00+01:00,False,9945,new wave
714,,74,1,3,2009,1235862000000,2009-02-28 23:00:00+00:00,2009-03-01 00:00:00+01:00,False,9945,synthpop
714,,199,1,3,2009,1235862000000,2009-02-28 23:00:00+00:00,2009-03-01 00:00:00+01:00,False,9945,electropop
714,,18,1,6,2008,1212271200000,2008-05-31 22:00:00+00:00,2008-06-01 00:00:00+02:00,False,17824,electronic
714,,396,1,6,2008,1212271200000,2008-05-31 22:00:00+00:00,2008-06-01 00:00:00+02:00,False,17824,electroclash
715,,73,1,3,2008,1204326000000,2008-02-29 23:00:00+00:00,2008-03-01 00:00:00+01:00,False,3626,rock
715,,78,1,3,2008,1204326000000,2008-02-29 23:00:00+00:00,2008-03-01 00:00:00+01:00,False,3626,alternative rock
715,,79,1,3,2008,1204326000000,2008-02-29 23:00:00+00:00,2008-03-01 00:00:00+01:00,False,3626,alternative
715,,72,1,3,2011,1298934000000,2011-02-28 23:00:00+00:00,2011-03-01 00:00:00+01:00,False,3629,hard rock
715,,73,1,3,2011,1298934000000,2011-02-28 23:00:00+00:00,2011-03-01 00:00:00+01:00,False,3629,rock
715,,196,1,3,2011,1298934000000,2011-02-28 23:00:00+00:00,2011-03-01 00:00:00+01:00,False,3629,polish rock
715,,1533,1,11,2007,1193871600000,2007-10-31 23:00:00+00:00,2007-11-01 00:00:00+01:00,False,7004,pagan metal
715,,82,1,4,2008,1207000800000,2008-03-31 22:00:00+00:00,2008-04-01 00:00:00+02:00,False,13485,doom metal
715,,385,1,4,2008,1207000800000,2008-03-31 22:00:00+00:00,2008-04-01 00:00:00+02:00,False,13485,melodic death metal
725,,299,1,10,2007,1191189600000,2007-09-30 22:00:00+00:00,2007-10-01 00:00:00+02:00,False,3634,world
725,,208,1,3,2007,1172703600000,2007-02-28 23:00:00+00:00,2007-03-01 00:00:00+01:00,False,8010,diva
725,,5075,1,3,2007,1172703600000,2007-02-28 23:00:00+00:00,2007-03-01 00:00:00+01:00,False,8010,gorgeousity
728,,5150,1,12,2006,1164927600000,2006-11-30 23:00:00+00:00,2006-12-01 00:00:00+01:00,False,10819,best song on album
736,,30,1,5,2010,1272664800000,2010-04-30 22:00:00+00:00,2010-05-01 00:00:00+02:00,False,10179,german
736,,127,1,5,2010,1272664800000,2010-04-30 22:00:00+00:00,2010-05-01 00:00:00+02:00,False,10179,seen live
736,,30,1,8,2010,1280613600000,2010-07-31 22:00:00+00:00,2010-08-01 00:00:00+02:00,False,14104,german
736,,127,1,8,2010,1280613600000,2010-07-31 22:00:00+00:00,2010-08-01 00:00:00+02:00,False,14104,seen live
743,,321,1,10,2008,1222812000000,2008-09-30 22:00:00+00:00,2008-10-01 00:00:00+02:00,False,17919,french
747,,1,1,6,2008,1212271200000,2008-05-31 22:00:00+00:00,2008-06-01 00:00:00+02:00,False,5109,metal
747,,1210,1,6,2008,1212271200000,2008-05-31 22:00:00+00:00,2008-06-01 00:00:00+02:00,False,5109,southern rock
747,,81,1,2,2011,1296514800000,2011-01-31 23:00:00+00:00,2011-02-01 00:00:00+01:00,False,6300,indie
747,,296,1,2,2011,1296514800000,2011-01-31 23:00:00+00:00,2011-02-01 00:00:00+01:00,False,6300,indie pop
747,,18,1,8,2008,1217541600000,2008-07-31 22:00:00+00:00,2008-08-01 00:00:00+02:00,False,8135,electronic
747,,39,1,8,2008,1217541600000,2008-07-31 22:00:00+00:00,2008-08-01 00:00:00+02:00,False,8135,dance
747,,105,1,8,2008,1217541600000,2008-07-31 22:00:00+00:00,2008-08-01 00:00:00+02:00,False,8135,house
747,,194,1,5,2010,1272664800000,2010-04-30 22:00:00+00:00,2010-05-01 00:00:00+02:00,False,8922,hardcore
747,,79,1,11,2008,1225494000000,2008-10-31 23:00:00+00:00,2008-11-01 00:00:00+01:00,False,11060,alternative
747,,176,1,11,2008,1225494000000,2008-10-31 23:00:00+00:00,2008-11-01 00:00:00+01:00,False,11060,emo
747,,24,1,9,2010,1283292000000,2010-08-31 22:00:00+00:00,2010-09-01 00:00:00+02:00,False,11488,pop
747,,81,1,9,2010,1283292000000,2010-08-31 22:00:00+00:00,2010-09-01 00:00:00+02:00,False,11488,indie
747,,14,1,5,2010,1272664800000,2010-04-30 22:00:00+00:00,2010-05-01 00:00:00+02:00,False,11704,ambient
747,,87,1,3,2010,1267398000000,2010-02-28 23:00:00+00:00,2010-03-01 00:00:00+01:00,False,11704,post-rock
747,,102,1,7,2009,1246399200000,2009-06-30 22:00:00+00:00,2009-07-01 00:00:00+02:00,False,12041,hip-hop
747,,1844,1,7,2009,1246399200000,2009-06-30 22:00:00+00:00,2009-07-01 00:00:00+02:00,False,12041,mashup
747,,70,1,9,2010,1283292000000,2010-08-31 22:00:00+00:00,2010-09-01 00:00:00+02:00,False,12043,dubstep
747,,102,1,7,2009,1246399200000,2009-06-30 22:00:00+00:00,2009-07-01 00:00:00+02:00,False,12541,hip-hop
747,,103,1,7,2009,1246399200000,2009-06-30 22:00:00+00:00,2009-07-01 00:00:00+02:00,False,12541,rap
747,,18,1,11,2009,1257030000000,2009-10-31 23:00:00+00:00,2009-11-01 00:00:00+01:00,False,15178,electronic
747,,24,1,11,2009,1257030000000,2009-10-31 23:00:00+00:00,2009-11-01 00:00:00+01:00,False,15178,pop
747,,73,1,11,2008,1225494000000,2008-10-31 23:00:00+00:00,2008-11-01 00:00:00+01:00,False,15493,rock
747,,176,1,11,2008,1225494000000,2008-10-31 23:00:00+00:00,2008-11-01 00:00:00+01:00,False,15493,emo
747,,842,1,11,2008,1225494000000,2008-10-31 23:00:00+00:00,2008-11-01 00:00:00+01:00,False,15493,piano rock
753,,193,1,11,2010,1288566000000,2010-10-31 23:00:00+00:00,2010-11-01 00:00:00+01:00,False,10183,country
753,,352,1,11,2010,1288566000000,2010-10-31 23:00:00+00:00,2010-11-01 00:00:00+01:00,False,10183,90s
754,,389,1,6,2010,1275343200000,2010-05-31 22:00:00+00:00,2010-06-01 00:00:00+02:00,False,16827,britpop
756,,79,1,10,2007,1191189600000,2007-09-30 22:00:00+00:00,2007-10-01 00:00:00+02:00,False,16827,alternative
756,,84,1,10,2007,1191189600000,2007-09-30 22:00:00+00:00,2007-10-01 00:00:00+02:00,False,16827,indie rock
756,,195,1,10,2007,1191189600000,2007-09-30 22:00:00+00:00,2007-10-01 00:00:00+02:00,False,16827,british
756,,296,1,10,2007,1191189600000,2007-09-30 22:00:00+00:00,2007-10-01 00:00:00+02:00,False,16827,indie pop
765,,87,1,10,2008,1222812000000,2008-09-30 22:00:00+00:00,2008-10-01 00:00:00+02:00,False,14859,post-rock
765,,2246,1,4,2008,1207000800000,2008-03-31 22:00:00+00:00,2008-04-01 00:00:00+02:00,False,17604,underground hip-hop
765,,5328,1,4,2008,1207000800000,2008-03-31 22:00:00+00:00,2008-04-01 00:00:00+02:00,False,17604,stones throw
778,,184,1,5,2009,1241128800000,2009-04-30 22:00:00+00:00,2009-05-01 00:00:00+02:00,False,8717,soundtrack
778,,5424,1,5,2009,1241128800000,2009-04-30 22:00:00+00:00,2009-05-01 00:00:00+02:00,False,8717,shelter
800,,5532,1,2,2010,1264978800000,2010-01-31 23:00:00+00:00,2010-02-01 00:00:00+01:00,False,7361,baixar
800,,5532,1,11,2009,1257030000000,2009-10-31 23:00:00+00:00,2009-11-01 00:00:00+01:00,False,9714,baixar
812,,177,1,12,2007,1196463600000,2007-11-30 23:00:00+00:00,2007-12-01 00:00:00+01:00,False,3639,nu metal
812,,376,1,5,2009,1241128800000,2009-04-30 22:00:00+00:00,2009-05-01 00:00:00+02:00,False,5108,metalcore
812,,72,1,6,2009,1243807200000,2009-05-31 22:00:00+00:00,2009-06-01 00:00:00+02:00,False,8880,hard rock
812,,73,1,5,2009,1241128800000,2009-04-30 22:00:00+00:00,2009-05-01 00:00:00+02:00,False,8880,rock
812,,79,1,6,2009,1243807200000,2009-05-31 22:00:00+00:00,2009-06-01 00:00:00+02:00,False,8880,alternative
812,,24,1,5,2009,1241128800000,2009-04-30 22:00:00+00:00,2009-05-01 00:00:00+02:00,False,9778,pop
812,,73,1,5,2009,1241128800000,2009-04-30 22:00:00+00:00,2009-05-01 00:00:00+02:00,False,9778,rock
812,,319,1,5,2009,1241128800000,2009-04-30 22:00:00+00:00,2009-05-01 00:00:00+02:00,False,9778,spanish
812,,102,1,12,2008,1228086000000,2008-11-30 23:00:00+00:00,2008-12-01 00:00:00+01:00,False,12903,hip-hop
812,,181,1,5,2009,1241128800000,2009-04-30 22:00:00+00:00,2009-05-01 00:00:00+02:00,False,14851,punk
822,,1083,1,11,2007,1193871600000,2007-10-31 23:00:00+00:00,2007-11-01 00:00:00+01:00,False,12894,dirty south
837,,14,1,11,2008,1225494000000,2008-10-31 23:00:00+00:00,2008-11-01 00:00:00+01:00,False,5046,ambient
837,,70,1,11,2008,1225494000000,2008-10-31 23:00:00+00:00,2008-11-01 00:00:00+01:00,False,11354,dubstep
837,,2525,1,6,2008,1212271200000,2008-05-31 22:00:00+00:00,2008-06-01 00:00:00+02:00,False,13972,nu jazz
837,,14,1,11,2008,1225494000000,2008-10-31 23:00:00+00:00,2008-11-01 00:00:00+01:00,False,16110,ambient
837,,5776,1,11,2008,1225494000000,2008-10-31 23:00:00+00:00,2008-11-01 00:00:00+01:00,False,16110,leaf
860,,33,1,3,2008,1204326000000,2008-02-29 23:00:00+00:00,2008-03-01 00:00:00+01:00,False,4083,experimental
860,,292,1,3,2008,1204326000000,2008-02-29 23:00:00+00:00,2008-03-01 00:00:00+01:00,False,4083,folk
860,,181,1,10,2006,1159653600000,2006-09-30 22:00:00+00:00,2006-10-01 00:00:00+02:00,False,14852,punk
862,,24,1,12,2009,1259622000000,2009-11-30 23:00:00+00:00,2009-12-01 00:00:00+01:00,False,11997,pop
862,,39,1,12,2009,1259622000000,2009-11-30 23:00:00+00:00,2009-12-01 00:00:00+01:00,False,11997,dance
862,,200,1,12,2009,1259622000000,2009-11-30 23:00:00+00:00,2009-12-01 00:00:00+01:00,False,11997,hot
862,,347,1,12,2009,1259622000000,2009-11-30 23:00:00+00:00,2009-12-01 00:00:00+01:00,False,11997,gay
891,,238,1,3,2008,1204326000000,2008-02-29 23:00:00+00:00,2008-03-01 00:00:00+01:00,False,4676,sexy
891,,6017,1,3,2008,1204326000000,2008-02-29 23:00:00+00:00,2008-03-01 00:00:00+01:00,False,4676,strange
891,,6018,1,3,2008,1204326000000,2008-02-29 23:00:00+00:00,2008-03-01 00:00:00+01:00,False,4676,bizarre
895,,61,1,3,2008,1204326000000,2008-02-29 23:00:00+00:00,2008-03-01 00:00:00+01:00,False,3639,industrial
900,,6083,1,1,2009,1230764400000,2008-12-31 23:00:00+00:00,2009-01-01 00:00:00+01:00,False,1903,japanese rock
914,,86,1,6,2007,1180648800000,2007-05-31 22:00:00+00:00,2007-06-01 00:00:00+02:00,False,29,ebm
914,,565,1,8,2007,1185919200000,2007-07-31 22:00:00+00:00,2007-08-01 00:00:00+02:00,False,33,dark electro
914,,385,1,6,2007,1180648800000,2007-05-31 22:00:00+00:00,2007-06-01 00:00:00+02:00,False,9841,melodic death metal
914,,828,1,6,2007,1180648800000,2007-05-31 22:00:00+00:00,2007-06-01 00:00:00+02:00,False,9841,finnish
916,,49,1,6,2009,1243807200000,2009-05-31 22:00:00+00:00,2009-06-01 00:00:00+02:00,False,12354,female vocalist
916,,693,1,6,2009,1243807200000,2009-05-31 22:00:00+00:00,2009-06-01 00:00:00+02:00,False,12354,mpb
916,,823,1,6,2009,1243807200000,2009-05-31 22:00:00+00:00,2009-06-01 00:00:00+02:00,False,12354,brasil
921,,181,1,3,2010,1267398000000,2010-02-28 23:00:00+00:00,2010-03-01 00:00:00+01:00,False,8946,punk
921,,1278,1,3,2010,1267398000000,2010-02-28 23:00:00+00:00,2010-03-01 00:00:00+01:00,False,8946,crossover
921,,2495,1,3,2010,1267398000000,2010-02-28 23:00:00+00:00,2010-03-01 00:00:00+01:00,False,8946,thrash
921,,5939,1,12,2009,1259622000000,2009-11-30 23:00:00+00:00,2009-12-01 00:00:00+01:00,False,8946,80s hardcore
921,,6162,1,3,2010,1267398000000,2010-02-28 23:00:00+00:00,2010-03-01 00:00:00+01:00,False,14422,hip hop/rap
921,,6163,1,1,2010,1262300400000,2009-12-31 23:00:00+00:00,2010-01-01 00:00:00+01:00,False,14422,wu-fam
921,,6162,1,11,2010,1288566000000,2010-10-31 23:00:00+00:00,2010-11-01 00:00:00+01:00,False,14822,hip hop/rap
921,,195,1,3,2010,1267398000000,2010-02-28 23:00:00+00:00,2010-03-01 00:00:00+01:00,False,16945,british
921,,1323,1,2,2010,1264978800000,2010-01-31 23:00:00+00:00,2010-02-01 00:00:00+01:00,False,16945,grime
921,,6164,1,3,2010,1267398000000,2010-02-28 23:00:00+00:00,2010-03-01 00:00:00+01:00,False,16945,uk hip hop
921,,181,1,3,2010,1267398000000,2010-02-28 23:00:00+00:00,2010-03-01 00:00:00+01:00,False,18492,punk
921,,1222,1,3,2010,1267398000000,2010-02-28 23:00:00+00:00,2010-03-01 00:00:00+01:00,False,18492,hardcore punk
921,,1278,1,3,2010,1267398000000,2010-02-28 23:00:00+00:00,2010-03-01 00:00:00+01:00,False,18492,crossover
921,,5939,1,12,2009,1259622000000,2009-11-30 23:00:00+00:00,2009-12-01 00:00:00+01:00,False,18492,80s hardcore
921,,181,1,3,2010,1267398000000,2010-02-28 23:00:00+00:00,2010-03-01 00:00:00+01:00,False,18496,punk
921,,1222,1,3,2010,1267398000000,2010-02-28 23:00:00+00:00,2010-03-01 00:00:00+01:00,False,18496,hardcore punk
921,,5939,1,12,2009,1259622000000,2009-11-30 23:00:00+00:00,2009-12-01 00:00:00+01:00,False,18496,80s hardcore
921,,181,1,3,2010,1267398000000,2010-02-28 23:00:00+00:00,2010-03-01 00:00:00+01:00,False,18502,punk
921,,1222,1,3,2010,1267398000000,2010-02-28 23:00:00+00:00,2010-03-01 00:00:00+01:00,False,18502,hardcore punk
921,,5939,1,12,2009,1259622000000,2009-11-30 23:00:00+00:00,2009-12-01 00:00:00+01:00,False,18502,80s hardcore
922,,26,1,3,2009,1235862000000,2009-02-28 23:00:00+00:00,2009-03-01 00:00:00+01:00,False,6425,atmospheric
922,,33,1,3,2009,1235862000000,2009-02-28 23:00:00+00:00,2009-03-01 00:00:00+01:00,False,6425,experimental
922,,87,1,3,2009,1235862000000,2009-02-28 23:00:00+00:00,2009-03-01 00:00:00+01:00,False,6425,post-rock
922,,6170,1,3,2009,1235862000000,2009-02-28 23:00:00+00:00,2009-03-01 00:00:00+01:00,False,6425,descoperiri
922,,1911,1,3,2008,1204326000000,2008-02-29 23:00:00+00:00,2008-03-01 00:00:00+01:00,False,14721,cool
922,,406,1,1,2009,1230764400000,2008-12-31 23:00:00+00:00,2009-01-01 00:00:00+01:00,False,15732,brazil
922,,1627,1,1,2009,1230764400000,2008-12-31 23:00:00+00:00,2009-01-01 00:00:00+01:00,False,15732,bossa nova
922,,27,1,11,2008,1225494000000,2008-10-31 23:00:00+00:00,2008-11-01 00:00:00+01:00,False,16547,ethereal
922,,34,1,3,2009,1235862000000,2009-02-28 23:00:00+00:00,2009-03-01 00:00:00+01:00,False,17819,minimal
922,,6170,1,3,2009,1235862000000,2009-02-28 23:00:00+00:00,2009-03-01 00:00:00+01:00,False,17819,descoperiri
926,,574,1,7,2008,1214863200000,2008-06-30 22:00:00+00:00,2008-07-01 00:00:00+02:00,False,3515,dark ambient
926,,574,1,6,2008,1212271200000,2008-05-31 22:00:00+00:00,2008-06-01 00:00:00+02:00,False,3516,dark ambient
926,,14,1,10,2008,1222812000000,2008-09-30 22:00:00+00:00,2008-10-01 00:00:00+02:00,False,3518,ambient
926,,396,1,12,2008,1228086000000,2008-11-30 23:00:00+00:00,2008-12-01 00:00:00+01:00,False,6423,electroclash
926,,570,1,8,2009,1249077600000,2009-07-31 22:00:00+00:00,2009-08-01 00:00:00+02:00,False,8132,techno
926,,74,1,8,2008,1217541600000,2008-07-31 22:00:00+00:00,2008-08-01 00:00:00+02:00,False,9945,synthpop
926,,396,1,2,2009,1233442800000,2009-01-31 23:00:00+00:00,2009-02-01 00:00:00+01:00,False,13578,electroclash
926,,14,1,5,2009,1241128800000,2009-04-30 22:00:00+00:00,2009-05-01 00:00:00+02:00,False,16536,ambient
926,,574,1,1,2009,1230764400000,2008-12-31 23:00:00+00:00,2009-01-01 00:00:00+01:00,False,16556,dark ambient
926,,6214,1,10,2008,1222812000000,2008-09-30 22:00:00+00:00,2008-10-01 00:00:00+02:00,False,17695,knarziges klickgefrickel
926,,570,1,8,2009,1249077600000,2009-07-31 22:00:00+00:00,2009-08-01 00:00:00+02:00,False,17820,techno
926,,1447,1,2,2009,1233442800000,2009-01-31 23:00:00+00:00,2009-02-01 00:00:00+01:00,False,17822,remix
926,,309,1,6,2009,1243807200000,2009-05-31 22:00:00+00:00,2009-06-01 00:00:00+02:00,False,17823,electro
926,,396,1,4,2008,1207000800000,2008-03-31 22:00:00+00:00,2008-04-01 00:00:00+02:00,False,17823,electroclash
926,,396,1,7,2008,1214863200000,2008-06-30 22:00:00+00:00,2008-07-01 00:00:00+02:00,False,17824,electroclash
926,,34,1,4,2008,1207000800000,2008-03-31 22:00:00+00:00,2008-04-01 00:00:00+02:00,False,17825,minimal
926,,570,1,8,2009,1249077600000,2009-07-31 22:00:00+00:00,2009-08-01 00:00:00+02:00,False,17829,techno
926,,6221,1,5,2008,1209592800000,2008-04-30 22:00:00+00:00,2008-05-01 00:00:00+02:00,False,17829,brett
927,,741,1,1,2008,1199142000000,2007-12-31 23:00:00+00:00,2008-01-01 00:00:00+01:00,False,4093,grindcore
927,,2216,1,1,2008,1199142000000,2007-12-31 23:00:00+00:00,2008-01-01 00:00:00+01:00,False,4093,noisecore
927,,1,1,2,2008,1201820400000,2008-01-31 23:00:00+00:00,2008-02-01 00:00:00+01:00,False,5108,metal
931,,194,1,10,2010,1285884000000,2010-09-30 22:00:00+00:00,2010-10-01 00:00:00+02:00,False,7755,hardcore
931,,88,1,10,2010,1285884000000,2010-09-30 22:00:00+00:00,2010-10-01 00:00:00+02:00,False,13290,psychedelic
931,,192,1,10,2010,1285884000000,2010-09-30 22:00:00+00:00,2010-10-01 00:00:00+02:00,False,13290,classic rock
931,,445,1,10,2010,1285884000000,2010-09-30 22:00:00+00:00,2010-10-01 00:00:00+02:00,False,13290,blues rock
935,,18,1,4,2007,1175378400000,2007-03-31 22:00:00+00:00,2007-04-01 00:00:00+02:00,False,29,electronic
935,,61,1,4,2007,1175378400000,2007-03-31 22:00:00+00:00,2007-04-01 00:00:00+02:00,False,29,industrial
935,,319,1,4,2007,1175378400000,2007-03-31 22:00:00+00:00,2007-04-01 00:00:00+02:00,False,29,spanish
935,,565,1,2,2007,1170284400000,2007-01-31 23:00:00+00:00,2007-02-01 00:00:00+01:00,False,33,dark electro
935,,14,1,3,2007,1172703600000,2007-02-28 23:00:00+00:00,2007-03-01 00:00:00+01:00,False,3516,ambient
935,,18,1,3,2007,1172703600000,2007-02-28 23:00:00+00:00,2007-03-01 00:00:00+01:00,False,3516,electronic
935,,33,1,3,2007,1172703600000,2007-02-28 23:00:00+00:00,2007-03-01 00:00:00+01:00,False,3516,experimental
935,,30,1,4,2007,1175378400000,2007-03-31 22:00:00+00:00,2007-04-01 00:00:00+02:00,False,6256,german
935,,179,1,4,2007,1175378400000,2007-03-31 22:00:00+00:00,2007-04-01 00:00:00+02:00,False,6256,gothic
935,,292,1,4,2007,1175378400000,2007-03-31 22:00:00+00:00,2007-04-01 00:00:00+02:00,False,6256,folk
935,,30,1,2,2007,1170284400000,2007-01-31 23:00:00+00:00,2007-02-01 00:00:00+01:00,False,10082,german
935,,61,1,2,2007,1170284400000,2007-01-31 23:00:00+00:00,2007-02-01 00:00:00+01:00,False,10082,industrial
935,,27,1,4,2007,1175378400000,2007-03-31 22:00:00+00:00,2007-04-01 00:00:00+02:00,False,10862,ethereal
935,,408,1,4,2007,1175378400000,2007-03-31 22:00:00+00:00,2007-04-01 00:00:00+02:00,False,10862,female vocals
935,,18,1,4,2007,1175378400000,2007-03-31 22:00:00+00:00,2007-04-01 00:00:00+02:00,False,16539,electronic
935,,574,1,4,2007,1175378400000,2007-03-31 22:00:00+00:00,2007-04-01 00:00:00+02:00,False,16539,dark ambient
935,,575,1,4,2007,1175378400000,2007-03-31 22:00:00+00:00,2007-04-01 00:00:00+02:00,False,16539,darkwave
935,,2793,1,4,2007,1175378400000,2007-03-31 22:00:00+00:00,2007-04-01 00:00:00+02:00,False,16539,neoclassical
935,,575,1,2,2007,1170284400000,2007-01-31 23:00:00+00:00,2007-02-01 00:00:00+01:00,False,16554,darkwave
936,,13,1,2,2008,1201820400000,2008-01-31 23:00:00+00:00,2008-02-01 00:00:00+01:00,False,17819,chillout
936,,14,1,2,2008,1201820400000,2008-01-31 23:00:00+00:00,2008-02-01 00:00:00+01:00,False,17819,ambient
936,,18,1,2,2008,1201820400000,2008-01-31 23:00:00+00:00,2008-02-01 00:00:00+01:00,False,17819,electronic
936,,34,1,11,2007,1193871600000,2007-10-31 23:00:00+00:00,2007-11-01 00:00:00+01:00,False,17819,minimal
936,,47,1,11,2007,1193871600000,2007-10-31 23:00:00+00:00,2007-11-01 00:00:00+01:00,False,17819,idm
936,,187,1,11,2007,1193871600000,2007-10-31 23:00:00+00:00,2007-11-01 00:00:00+01:00,False,17819,electronica
936,,309,1,11,2007,1193871600000,2007-10-31 23:00:00+00:00,2007-11-01 00:00:00+01:00,False,17819,electro
936,,364,1,11,2007,1193871600000,2007-10-31 23:00:00+00:00,2007-11-01 00:00:00+01:00,False,17819,favorites
936,,396,1,2,2008,1201820400000,2008-01-31 23:00:00+00:00,2008-02-01 00:00:00+01:00,False,17819,electroclash
936,,570,1,11,2007,1193871600000,2007-10-31 23:00:00+00:00,2007-11-01 00:00:00+01:00,False,17819,techno
939,,376,1,8,2009,1249077600000,2009-07-31 22:00:00+00:00,2009-08-01 00:00:00+02:00,False,5109,metalcore
939,,1210,1,8,2009,1249077600000,2009-07-31 22:00:00+00:00,2009-08-01 00:00:00+02:00,False,5109,southern rock
939,,1252,1,8,2009,1249077600000,2009-07-31 22:00:00+00:00,2009-08-01 00:00:00+02:00,False,5109,christian
939,,178,1,9,2009,1251756000000,2009-08-31 22:00:00+00:00,2009-09-01 00:00:00+02:00,False,14549,screamo
939,,180,1,9,2009,1251756000000,2009-08-31 22:00:00+00:00,2009-09-01 00:00:00+02:00,False,14549,post-hardcore
939,,73,1,10,2009,1254348000000,2009-09-30 22:00:00+00:00,2009-10-01 00:00:00+02:00,False,17895,rock
939,,79,1,10,2009,1254348000000,2009-09-30 22:00:00+00:00,2009-10-01 00:00:00+02:00,False,17895,alternative
939,,109,1,10,2009,1254348000000,2009-09-30 22:00:00+00:00,2009-10-01 00:00:00+02:00,False,17895,pop rock
939,,360,1,10,2009,1254348000000,2009-09-30 22:00:00+00:00,2009-10-01 00:00:00+02:00,False,17895,australian
943,,13,1,1,2011,1293836400000,2010-12-31 23:00:00+00:00,2011-01-01 00:00:00+01:00,False,3219,chillout
943,,62,1,1,2011,1293836400000,2010-12-31 23:00:00+00:00,2011-01-01 00:00:00+01:00,False,3219,trip hop
943,,1495,1,1,2011,1293836400000,2010-12-31 23:00:00+00:00,2011-01-01 00:00:00+01:00,False,3219,sex
968,,296,1,5,2010,1272664800000,2010-04-30 22:00:00+00:00,2010-05-01 00:00:00+02:00,False,5230,indie pop
968,,393,1,5,2010,1272664800000,2010-04-30 22:00:00+00:00,2010-05-01 00:00:00+02:00,False,5230,dream pop
968,,836,1,5,2010,1272664800000,2010-04-30 22:00:00+00:00,2010-05-01 00:00:00+02:00,False,5230,dreamy
968,,3982,1,5,2010,1272664800000,2010-04-30 22:00:00+00:00,2010-05-01 00:00:00+02:00,False,5230,balearic
968,,6429,1,5,2010,1272664800000,2010-04-30 22:00:00+00:00,2010-05-01 00:00:00+02:00,False,5230,dream wave
968,,33,1,11,2009,1257030000000,2009-10-31 23:00:00+00:00,2009-11-01 00:00:00+01:00,False,18623,experimental
968,,88,1,11,2009,1257030000000,2009-10-31 23:00:00+00:00,2009-11-01 00:00:00+01:00,False,18623,psychedelic
968,,935,1,11,2009,1257030000000,2009-10-31 23:00:00+00:00,2009-11-01 00:00:00+01:00,False,18623,lo-fi
972,,1538,1,12,2009,1259622000000,2009-11-30 23:00:00+00:00,2009-12-01 00:00:00+01:00,False,11704,art rock
978,,76,1,12,2005,1133391600000,2005-11-30 23:00:00+00:00,2005-12-01 00:00:00+01:00,False,4668,progressive metal
981,,6483,1,1,2009,1230764400000,2008-12-31 23:00:00+00:00,2009-01-01 00:00:00+01:00,False,11058,complete sentences
981,,6482,1,12,2008,1228086000000,2008-11-30 23:00:00+00:00,2008-12-01 00:00:00+01:00,False,12302,skins soundtrack
981,,6485,1,1,2009,1230764400000,2008-12-31 23:00:00+00:00,2009-01-01 00:00:00+01:00,False,13895,fashionably punctuated band
981,,6486,1,1,2009,1230764400000,2008-12-31 23:00:00+00:00,2009-01-01 00:00:00+01:00,False,13895,the fact that this is the name of a band makes me want to check their music out even though i do not care much for indie pop
981,,6483,1,1,2009,1230764400000,2008-12-31 23:00:00+00:00,2009-01-01 00:00:00+01:00,False,14870,complete sentences
981,,6487,1,1,2009,1230764400000,2008-12-31 23:00:00+00:00,2009-01-01 00:00:00+01:00,False,14870,extraordinary band names
1003,,1023,1,11,2009,1257030000000,2009-10-31 23:00:00+00:00,2009-11-01 00:00:00+01:00,False,14814,1992
1004,,5329,1,3,2010,1267398000000,2010-02-28 23:00:00+00:00,2010-03-01 00:00:00+01:00,False,13576,anti-folk
1004,,6628,1,3,2010,1267398000000,2010-02-28 23:00:00+00:00,2010-03-01 00:00:00+01:00,False,13576,barkbarkdisco
1004,,6629,1,3,2010,1267398000000,2010-02-28 23:00:00+00:00,2010-03-01 00:00:00+01:00,False,13576,bark
1004,,6628,1,12,2009,1259622000000,2009-11-30 23:00:00+00:00,2009-12-01 00:00:00+01:00,False,13663,barkbarkdisco
1006,,39,1,6,2009,1243807200000,2009-05-31 22:00:00+00:00,2009-06-01 00:00:00+02:00,False,17924,dance
1007,,352,1,5,2010,1272664800000,2010-04-30 22:00:00+00:00,2010-05-01 00:00:00+02:00,False,6315,90s
1007,,1074,1,10,2009,1254348000000,2009-09-30 22:00:00+00:00,2009-10-01 00:00:00+02:00,False,6315,rhythm and blues
1007,,73,1,2,2011,1296514800000,2011-01-31 23:00:00+00:00,2011-02-01 00:00:00+01:00,False,7788,rock
1007,,78,1,2,2011,1296514800000,2011-01-31 23:00:00+00:00,2011-02-01 00:00:00+01:00,False,7788,alternative rock
1007,,79,1,2,2011,1296514800000,2011-01-31 23:00:00+00:00,2011-02-01 00:00:00+01:00,False,7788,alternative
1010,,6669,1,8,2007,1185919200000,2007-07-31 22:00:00+00:00,2007-08-01 00:00:00+02:00,False,11585,royal gigolos
1016,,18,1,5,2007,1177970400000,2007-04-30 22:00:00+00:00,2007-05-01 00:00:00+02:00,False,3219,electronic
1016,,304,1,5,2007,1177970400000,2007-04-30 22:00:00+00:00,2007-05-01 00:00:00+02:00,False,3219,hip hop
1021,,73,1,1,2008,1199142000000,2007-12-31 23:00:00+00:00,2008-01-01 00:00:00+01:00,False,18598,rock
1021,,184,1,1,2008,1199142000000,2007-12-31 23:00:00+00:00,2008-01-01 00:00:00+01:00,False,18598,soundtrack
1029,,607,1,7,2007,1183240800000,2007-06-30 22:00:00+00:00,2007-07-01 00:00:00+02:00,False,16814,dutch
1030,,1,1,9,2007,1188597600000,2007-08-31 22:00:00+00:00,2007-09-01 00:00:00+02:00,False,3639,metal
1030,,79,1,9,2007,1188597600000,2007-08-31 22:00:00+00:00,2007-09-01 00:00:00+02:00,False,3639,alternative
1030,,194,1,1,2010,1262300400000,2009-12-31 23:00:00+00:00,2010-01-01 00:00:00+01:00,False,3641,hardcore
1030,,194,1,7,2009,1246399200000,2009-06-30 22:00:00+00:00,2009-07-01 00:00:00+02:00,False,7755,hardcore
1030,,2213,1,7,2009,1246399200000,2009-06-30 22:00:00+00:00,2009-07-01 00:00:00+02:00,False,7755,beatdown
1030,,2213,1,1,2008,1199142000000,2007-12-31 23:00:00+00:00,2008-01-01 00:00:00+01:00,False,7768,beatdown
1030,,6821,1,12,2006,1164927600000,2006-11-30 23:00:00+00:00,2006-12-01 00:00:00+01:00,False,8935,fastcore
1030,,102,1,8,2008,1217541600000,2008-07-31 22:00:00+00:00,2008-08-01 00:00:00+02:00,False,10293,hip-hop
1030,,83,1,4,2009,1238536800000,2009-03-31 22:00:00+00:00,2009-04-01 00:00:00+02:00,False,15359,jazz
1030,,741,1,11,2006,1162335600000,2006-10-31 23:00:00+00:00,2006-11-01 00:00:00+01:00,False,15841,grindcore
1049,,73,1,12,2009,1259622000000,2009-11-30 23:00:00+00:00,2009-12-01 00:00:00+01:00,False,11216,rock
1049,,79,1,12,2009,1259622000000,2009-11-30 23:00:00+00:00,2009-12-01 00:00:00+01:00,False,11216,alternative
1049,,81,1,12,2009,1259622000000,2009-11-30 23:00:00+00:00,2009-12-01 00:00:00+01:00,False,11216,indie
1049,,84,1,12,2009,1259622000000,2009-11-30 23:00:00+00:00,2009-12-01 00:00:00+01:00,False,11216,indie rock
1049,,88,1,12,2009,1259622000000,2009-11-30 23:00:00+00:00,2009-12-01 00:00:00+01:00,False,11216,psychedelic
1049,,210,1,12,2009,1259622000000,2009-11-30 23:00:00+00:00,2009-12-01 00:00:00+01:00,False,11216,00s
1049,,1911,1,12,2009,1259622000000,2009-11-30 23:00:00+00:00,2009-12-01 00:00:00+01:00,False,11216,cool
1052,,296,1,12,2010,1291158000000,2010-11-30 23:00:00+00:00,2010-12-01 00:00:00+01:00,False,18624,indie pop
1058,,24,1,6,2009,1243807200000,2009-05-31 22:00:00+00:00,2009-06-01 00:00:00+02:00,False,4472,pop
1060,,102,1,11,2008,1225494000000,2008-10-31 23:00:00+00:00,2008-11-01 00:00:00+01:00,False,12896,hip-hop
1079,,127,1,4,2008,1207000800000,2008-03-31 22:00:00+00:00,2008-04-01 00:00:00+02:00,False,16818,seen live
1082,,512,1,1,2008,1199142000000,2007-12-31 23:00:00+00:00,2008-01-01 00:00:00+01:00,False,8133,romantic
1082,,545,1,1,2008,1199142000000,2007-12-31 23:00:00+00:00,2008-01-01 00:00:00+01:00,False,8133,classical
1086,,193,1,1,2006,1136070000000,2005-12-31 23:00:00+00:00,2006-01-01 00:00:00+01:00,False,10183,country
1088,,194,1,5,2009,1241128800000,2009-04-30 22:00:00+00:00,2009-05-01 00:00:00+02:00,False,16400,hardcore
1088,,422,1,5,2009,1241128800000,2009-04-30 22:00:00+00:00,2009-05-01 00:00:00+02:00,False,16400,male vocals
1089,,565,1,6,2008,1212271200000,2008-05-31 22:00:00+00:00,2008-06-01 00:00:00+02:00,False,33,dark electro
1100,,5960,1,4,2010,1270072800000,2010-03-31 22:00:00+00:00,2010-04-01 00:00:00+02:00,False,7006,merda
1100,,7193,1,4,2010,1270072800000,2010-03-31 22:00:00+00:00,2010-04-01 00:00:00+02:00,False,7006,blog
1100,,7188,1,4,2010,1270072800000,2010-03-31 22:00:00+00:00,2010-04-01 00:00:00+02:00,False,17933,approfondire
1100,,7189,1,4,2010,1270072800000,2010-03-31 22:00:00+00:00,2010-04-01 00:00:00+02:00,False,17933,best unknown bands tracks to be observed
1108,,7252,1,4,2007,1175378400000,2007-03-31 22:00:00+00:00,2007-04-01 00:00:00+02:00,False,4088,berep shows the love
1108,,7253,1,7,2006,1151704800000,2006-06-30 22:00:00+00:00,2006-07-01 00:00:00+02:00,False,6413,check
1108,,7275,1,12,2006,1164927600000,2006-11-30 23:00:00+00:00,2006-12-01 00:00:00+01:00,False,11027,bad stream
1108,,7253,1,6,2006,1149112800000,2006-05-31 22:00:00+00:00,2006-06-01 00:00:00+02:00,False,13288,check
1108,,7254,1,2,2006,1138748400000,2006-01-31 23:00:00+00:00,2006-02-01 00:00:00+01:00,False,14434,mistagged artist
1108,,7252,1,4,2007,1175378400000,2007-03-31 22:00:00+00:00,2007-04-01 00:00:00+02:00,False,16110,berep shows the love
1108,,290,1,2,2008,1201820400000,2008-01-31 23:00:00+00:00,2008-02-01 00:00:00+01:00,False,16992,lesser known yet streamable artists
1108,,7254,1,7,2006,1151704800000,2006-06-30 22:00:00+00:00,2006-07-01 00:00:00+02:00,False,18021,mistagged artist
1144,,829,1,1,2011,1293836400000,2010-12-31 23:00:00+00:00,2011-01-01 00:00:00+01:00,False,14429,blues
1144,,4261,1,1,2011,1293836400000,2010-12-31 23:00:00+00:00,2011-01-01 00:00:00+01:00,False,14429,delta blues
1148,,574,1,4,2009,1238536800000,2009-03-31 22:00:00+00:00,2009-04-01 00:00:00+02:00,False,10792,dark ambient
1150,,127,1,2,2009,1233442800000,2009-01-31 23:00:00+00:00,2009-02-01 00:00:00+01:00,False,13474,seen live
1150,,193,1,2,2009,1233442800000,2009-01-31 23:00:00+00:00,2009-02-01 00:00:00+01:00,False,13474,country
1150,,3075,1,2,2009,1233442800000,2009-01-31 23:00:00+00:00,2009-02-01 00:00:00+01:00,False,13474,bluegrass
1152,,88,1,11,2008,1225494000000,2008-10-31 23:00:00+00:00,2008-11-01 00:00:00+01:00,False,4090,psychedelic
1152,,33,1,1,2009,1230764400000,2008-12-31 23:00:00+00:00,2009-01-01 00:00:00+01:00,False,7001,experimental
1152,,87,1,1,2009,1230764400000,2008-12-31 23:00:00+00:00,2009-01-01 00:00:00+01:00,False,7001,post-rock
1152,,2793,1,8,2008,1217541600000,2008-07-31 22:00:00+00:00,2008-08-01 00:00:00+02:00,False,10792,neoclassical
1152,,14,1,8,2008,1217541600000,2008-07-31 22:00:00+00:00,2008-08-01 00:00:00+02:00,False,10887,ambient
1152,,14,1,7,2008,1214863200000,2008-06-30 22:00:00+00:00,2008-07-01 00:00:00+02:00,False,10896,ambient
1152,,33,1,7,2008,1214863200000,2008-06-30 22:00:00+00:00,2008-07-01 00:00:00+02:00,False,10896,experimental
1152,,391,1,7,2008,1214863200000,2008-06-30 22:00:00+00:00,2008-07-01 00:00:00+02:00,False,10896,shoegaze
1152,,14,1,10,2008,1222812000000,2008-09-30 22:00:00+00:00,2008-10-01 00:00:00+02:00,False,11704,ambient
1152,,14,1,2,2010,1264978800000,2010-01-31 23:00:00+00:00,2010-02-01 00:00:00+01:00,False,11715,ambient
1152,,33,1,2,2010,1264978800000,2010-01-31 23:00:00+00:00,2010-02-01 00:00:00+01:00,False,11715,experimental
1152,,391,1,3,2010,1267398000000,2010-02-28 23:00:00+00:00,2010-03-01 00:00:00+01:00,False,11867,shoegaze
1152,,7516,1,3,2010,1267398000000,2010-02-28 23:00:00+00:00,2010-03-01 00:00:00+01:00,False,11867,dream-pop
1152,,75,1,10,2008,1222812000000,2008-09-30 22:00:00+00:00,2008-10-01 00:00:00+02:00,False,13290,psychedelic rock
1152,,191,1,4,2008,1207000800000,2008-03-31 22:00:00+00:00,2008-04-01 00:00:00+02:00,False,13896,instrumental
1152,,275,1,3,2008,1204326000000,2008-02-29 23:00:00+00:00,2008-03-01 00:00:00+01:00,False,15125,post-punk
1152,,191,1,9,2008,1220220000000,2008-08-31 22:00:00+00:00,2008-09-01 00:00:00+02:00,False,16216,instrumental
1156,,14,1,6,2010,1275343200000,2010-05-31 22:00:00+00:00,2010-06-01 00:00:00+02:00,False,14848,ambient
1156,,26,1,6,2010,1275343200000,2010-05-31 22:00:00+00:00,2010-06-01 00:00:00+02:00,False,14848,atmospheric
1156,,33,1,6,2010,1275343200000,2010-05-31 22:00:00+00:00,2010-06-01 00:00:00+02:00,False,14848,experimental
1156,,87,1,6,2010,1275343200000,2010-05-31 22:00:00+00:00,2010-06-01 00:00:00+02:00,False,14848,post-rock
1156,,191,1,6,2010,1275343200000,2010-05-31 22:00:00+00:00,2010-06-01 00:00:00+02:00,False,14848,instrumental
1156,,26,1,6,2010,1275343200000,2010-05-31 22:00:00+00:00,2010-06-01 00:00:00+02:00,False,14860,atmospheric
1156,,33,1,6,2010,1275343200000,2010-05-31 22:00:00+00:00,2010-06-01 00:00:00+02:00,False,14860,experimental
1156,,87,1,6,2010,1275343200000,2010-05-31 22:00:00+00:00,2010-06-01 00:00:00+02:00,False,14860,post-rock
1156,,191,1,6,2010,1275343200000,2010-05-31 22:00:00+00:00,2010-06-01 00:00:00+02:00,False,14860,instrumental
1156,,391,1,6,2010,1275343200000,2010-05-31 22:00:00+00:00,2010-06-01 00:00:00+02:00,False,14860,shoegaze
1161,,1219,1,4,2009,1238536800000,2009-03-31 22:00:00+00:00,2009-04-01 00:00:00+02:00,False,1911,jrock
1164,,187,1,12,2010,1291158000000,2010-11-30 23:00:00+00:00,2010-12-01 00:00:00+01:00,False,3519,electronica
1164,,7589,1,11,2010,1288566000000,2010-10-31 23:00:00+00:00,2010-11-01 00:00:00+01:00,False,16481,relaxing muscles
1171,,321,1,5,2010,1272664800000,2010-04-30 22:00:00+00:00,2010-05-01 00:00:00+02:00,False,17920,french
1172,,76,1,11,2008,1225494000000,2008-10-31 23:00:00+00:00,2008-11-01 00:00:00+01:00,False,4668,progressive metal
1172,,7,1,11,2009,1257030000000,2009-10-31 23:00:00+00:00,2009-11-01 00:00:00+01:00,False,10079,gothic metal
1183,,194,1,6,2008,1212271200000,2008-05-31 22:00:00+00:00,2008-06-01 00:00:00+02:00,False,8688,hardcore
1183,,376,1,6,2008,1212271200000,2008-05-31 22:00:00+00:00,2008-06-01 00:00:00+02:00,False,8688,metalcore
1183,,178,1,8,2008,1217541600000,2008-07-31 22:00:00+00:00,2008-08-01 00:00:00+02:00,False,14549,screamo
1183,,376,1,8,2008,1217541600000,2008-07-31 22:00:00+00:00,2008-08-01 00:00:00+02:00,False,14549,metalcore
1185,,187,1,1,2011,1293836400000,2010-12-31 23:00:00+00:00,2011-01-01 00:00:00+01:00,False,5527,electronica
1191,,13,1,7,2007,1183240800000,2007-06-30 22:00:00+00:00,2007-07-01 00:00:00+02:00,False,5059,chillout
1191,,34,1,7,2007,1183240800000,2007-06-30 22:00:00+00:00,2007-07-01 00:00:00+02:00,False,5059,minimal
1191,,1469,1,7,2007,1183240800000,2007-06-30 22:00:00+00:00,2007-07-01 00:00:00+02:00,False,5059,minimal techno
1191,,39,1,6,2007,1180648800000,2007-05-31 22:00:00+00:00,2007-06-01 00:00:00+02:00,False,8132,dance
1191,,18,1,4,2009,1238536800000,2009-03-31 22:00:00+00:00,2009-04-01 00:00:00+02:00,False,8138,electronic
1191,,624,1,4,2009,1238536800000,2009-03-31 22:00:00+00:00,2009-04-01 00:00:00+02:00,False,8138,electro house
1191,,13,1,4,2007,1175378400000,2007-03-31 22:00:00+00:00,2007-04-01 00:00:00+02:00,False,15541,chillout
1191,,83,1,11,2006,1162335600000,2006-10-31 23:00:00+00:00,2006-11-01 00:00:00+01:00,False,15844,jazz
1191,,191,1,12,2006,1164927600000,2006-11-30 23:00:00+00:00,2006-12-01 00:00:00+01:00,False,15844,instrumental
1191,,83,1,11,2006,1162335600000,2006-10-31 23:00:00+00:00,2006-11-01 00:00:00+01:00,False,16212,jazz
1191,,81,1,1,2007,1167606000000,2006-12-31 23:00:00+00:00,2007-01-01 00:00:00+01:00,False,17308,indie
1191,,1469,1,6,2007,1180648800000,2007-05-31 22:00:00+00:00,2007-06-01 00:00:00+02:00,False,17821,minimal techno
1191,,567,1,6,2007,1180648800000,2007-05-31 22:00:00+00:00,2007-06-01 00:00:00+02:00,False,17822,rave
1191,,18,1,4,2009,1238536800000,2009-03-31 22:00:00+00:00,2009-04-01 00:00:00+02:00,False,17828,electronic
1191,,2458,1,4,2009,1238536800000,2009-03-31 22:00:00+00:00,2009-04-01 00:00:00+02:00,False,17828,deep house
1191,,39,1,6,2007,1180648800000,2007-05-31 22:00:00+00:00,2007-06-01 00:00:00+02:00,False,17829,dance
1191,,39,1,6,2007,1180648800000,2007-05-31 22:00:00+00:00,2007-06-01 00:00:00+02:00,False,17832,dance
1191,,81,1,11,2006,1162335600000,2006-10-31 23:00:00+00:00,2006-11-01 00:00:00+01:00,False,17895,indie
1202,,130,1,12,2008,1228086000000,2008-11-30 23:00:00+00:00,2008-12-01 00:00:00+01:00,False,11974,female vocalists
1202,,611,1,12,2008,1228086000000,2008-11-30 23:00:00+00:00,2008-12-01 00:00:00+01:00,False,11974,canadian
1202,,850,1,12,2008,1228086000000,2008-11-30 23:00:00+00:00,2008-12-01 00:00:00+01:00,False,11974,cover
1209,,130,1,8,2008,1217541600000,2008-07-31 22:00:00+00:00,2008-08-01 00:00:00+02:00,False,11974,female vocalists
1209,,611,1,8,2008,1217541600000,2008-07-31 22:00:00+00:00,2008-08-01 00:00:00+02:00,False,11974,canadian
1210,,73,1,7,2006,1151704800000,2006-06-30 22:00:00+00:00,2006-07-01 00:00:00+02:00,False,14711,rock
1210,,735,1,7,2006,1151704800000,2006-06-30 22:00:00+00:00,2006-07-01 00:00:00+02:00,False,14711,70s
1210,,24,1,7,2006,1151704800000,2006-06-30 22:00:00+00:00,2006-07-01 00:00:00+02:00,False,14720,pop
1210,,73,1,7,2006,1151704800000,2006-06-30 22:00:00+00:00,2006-07-01 00:00:00+02:00,False,14720,rock
1215,,238,1,7,2007,1183240800000,2007-06-30 22:00:00+00:00,2007-07-01 00:00:00+02:00,False,17075,sexy
1215,,1352,1,7,2007,1183240800000,2007-06-30 22:00:00+00:00,2007-07-01 00:00:00+02:00,False,17075,love songs
1215,,7894,1,7,2007,1183240800000,2007-06-30 22:00:00+00:00,2007-07-01 00:00:00+02:00,False,17075,good mood music
1215,,7895,1,7,2007,1183240800000,2007-06-30 22:00:00+00:00,2007-07-01 00:00:00+02:00,False,17075,good mood songs
1215,,7916,1,7,2007,1183240800000,2007-06-30 22:00:00+00:00,2007-07-01 00:00:00+02:00,False,17075,songs i can play
1223,,24,1,1,2009,1230764400000,2008-12-31 23:00:00+00:00,2009-01-01 00:00:00+01:00,False,10180,pop
1223,,30,1,1,2009,1230764400000,2008-12-31 23:00:00+00:00,2009-01-01 00:00:00+01:00,False,10180,german
1223,,18,1,11,2010,1288566000000,2010-10-31 23:00:00+00:00,2010-11-01 00:00:00+01:00,False,13658,electronic
1223,,309,1,11,2010,1288566000000,2010-10-31 23:00:00+00:00,2010-11-01 00:00:00+01:00,False,13658,electro
1223,,829,1,10,2008,1222812000000,2008-09-30 22:00:00+00:00,2008-10-01 00:00:00+02:00,False,14429,blues
1223,,83,1,4,2009,1238536800000,2009-03-31 22:00:00+00:00,2009-04-01 00:00:00+02:00,False,14822,jazz
1223,,102,1,4,2009,1238536800000,2009-03-31 22:00:00+00:00,2009-04-01 00:00:00+02:00,False,14822,hip-hop
1223,,81,1,4,2010,1270072800000,2010-03-31 22:00:00+00:00,2010-04-01 00:00:00+02:00,False,15177,indie
1223,,130,1,4,2010,1270072800000,2010-03-31 22:00:00+00:00,2010-04-01 00:00:00+02:00,False,15177,female vocalists
1223,,134,1,4,2010,1270072800000,2010-03-31 22:00:00+00:00,2010-04-01 00:00:00+02:00,False,15177,singer-songwriter
1223,,73,1,4,2009,1238536800000,2009-03-31 22:00:00+00:00,2009-04-01 00:00:00+02:00,False,15557,rock
1223,,81,1,4,2009,1238536800000,2009-03-31 22:00:00+00:00,2009-04-01 00:00:00+02:00,False,15561,indie
1223,,134,1,4,2009,1238536800000,2009-03-31 22:00:00+00:00,2009-04-01 00:00:00+02:00,False,15561,singer-songwriter
1223,,850,1,8,2009,1249077600000,2009-07-31 22:00:00+00:00,2009-08-01 00:00:00+02:00,False,15736,cover
1223,,14,1,8,2010,1280613600000,2010-07-31 22:00:00+00:00,2010-08-01 00:00:00+02:00,False,16540,ambient
1223,,18,1,8,2010,1280613600000,2010-07-31 22:00:00+00:00,2010-08-01 00:00:00+02:00,False,16540,electronic
1223,,33,1,8,2010,1280613600000,2010-07-31 22:00:00+00:00,2010-08-01 00:00:00+02:00,False,16540,experimental
1230,,299,1,8,2008,1217541600000,2008-07-31 22:00:00+00:00,2008-08-01 00:00:00+02:00,False,3210,world
1230,,7995,1,11,2009,1257030000000,2009-10-31 23:00:00+00:00,2009-11-01 00:00:00+01:00,False,17316,eldad
1231,,545,1,7,2009,1246399200000,2009-06-30 22:00:00+00:00,2009-07-01 00:00:00+02:00,False,8133,classical
1233,,642,1,12,2006,1164927600000,2006-11-30 23:00:00+00:00,2006-12-01 00:00:00+01:00,False,12303,guilty pleasure
1235,,14,1,10,2008,1222812000000,2008-09-30 22:00:00+00:00,2008-10-01 00:00:00+02:00,False,3522,ambient
1246,,73,1,10,2010,1285884000000,2010-09-30 22:00:00+00:00,2010-10-01 00:00:00+02:00,False,11259,rock
1246,,184,1,10,2010,1285884000000,2010-09-30 22:00:00+00:00,2010-10-01 00:00:00+02:00,False,11259,soundtrack
1249,,73,1,10,2009,1254348000000,2009-09-30 22:00:00+00:00,2009-10-01 00:00:00+02:00,False,4721,rock
1249,,130,1,8,2009,1249077600000,2009-07-31 22:00:00+00:00,2009-08-01 00:00:00+02:00,False,7359,female vocalists
1249,,182,1,8,2009,1249077600000,2009-07-31 22:00:00+00:00,2009-08-01 00:00:00+02:00,False,7359,punk rock
1249,,216,1,8,2009,1249077600000,2009-07-31 22:00:00+00:00,2009-08-01 00:00:00+02:00,False,7359,american
1249,,265,1,8,2009,1249077600000,2009-07-31 22:00:00+00:00,2009-08-01 00:00:00+02:00,False,8950,ska
1249,,311,1,8,2009,1249077600000,2009-07-31 22:00:00+00:00,2009-08-01 00:00:00+02:00,False,9832,reggae
1249,,5104,1,8,2009,1249077600000,2009-07-31 22:00:00+00:00,2009-08-01 00:00:00+02:00,False,9832,jamaica
1249,,25,1,8,2009,1249077600000,2009-07-31 22:00:00+00:00,2009-08-01 00:00:00+02:00,False,9835,80s
1249,,311,1,8,2009,1249077600000,2009-07-31 22:00:00+00:00,2009-08-01 00:00:00+02:00,False,9835,reggae
1249,,352,1,8,2009,1249077600000,2009-07-31 22:00:00+00:00,2009-08-01 00:00:00+02:00,False,9835,90s
1249,,5104,1,8,2009,1249077600000,2009-07-31 22:00:00+00:00,2009-08-01 00:00:00+02:00,False,9835,jamaica
1249,,7865,1,8,2009,1249077600000,2009-07-31 22:00:00+00:00,2009-08-01 00:00:00+02:00,False,9835,jamaican
1249,,311,1,9,2009,1251756000000,2009-08-31 22:00:00+00:00,2009-09-01 00:00:00+02:00,False,9842,reggae
1249,,5104,1,9,2009,1251756000000,2009-08-31 22:00:00+00:00,2009-09-01 00:00:00+02:00,False,9842,jamaica
1249,,7865,1,9,2009,1251756000000,2009-08-31 22:00:00+00:00,2009-09-01 00:00:00+02:00,False,9842,jamaican
1249,,2246,1,8,2009,1249077600000,2009-07-31 22:00:00+00:00,2009-08-01 00:00:00+02:00,False,11361,underground hip-hop
1249,,83,1,10,2009,1254348000000,2009-09-30 22:00:00+00:00,2009-10-01 00:00:00+02:00,False,11486,jazz
1249,,2139,1,10,2009,1254348000000,2009-09-30 22:00:00+00:00,2009-10-01 00:00:00+02:00,False,11486,halloween
1249,,120,1,10,2009,1254348000000,2009-09-30 22:00:00+00:00,2009-10-01 00:00:00+02:00,False,12307,world music
1249,,299,1,10,2009,1254348000000,2009-09-30 22:00:00+00:00,2009-10-01 00:00:00+02:00,False,12307,world
1249,,5693,1,10,2009,1254348000000,2009-09-30 22:00:00+00:00,2009-10-01 00:00:00+02:00,False,12307,african
1249,,130,1,9,2009,1251756000000,2009-08-31 22:00:00+00:00,2009-09-01 00:00:00+02:00,False,13461,female vocalists
1249,,2118,1,9,2009,1251756000000,2009-08-31 22:00:00+00:00,2009-09-01 00:00:00+02:00,False,13461,americana
1249,,130,1,9,2009,1251756000000,2009-08-31 22:00:00+00:00,2009-09-01 00:00:00+02:00,False,13474,female vocalists
1249,,134,1,9,2009,1251756000000,2009-08-31 22:00:00+00:00,2009-09-01 00:00:00+02:00,False,13474,singer-songwriter
1249,,193,1,9,2009,1251756000000,2009-08-31 22:00:00+00:00,2009-09-01 00:00:00+02:00,False,13474,country
1249,,210,1,9,2009,1251756000000,2009-08-31 22:00:00+00:00,2009-09-01 00:00:00+02:00,False,13474,00s
1249,,352,1,9,2009,1251756000000,2009-08-31 22:00:00+00:00,2009-09-01 00:00:00+02:00,False,13474,90s
1249,,2118,1,9,2009,1251756000000,2009-08-31 22:00:00+00:00,2009-09-01 00:00:00+02:00,False,13474,americana
1249,,2246,1,8,2009,1249077600000,2009-07-31 22:00:00+00:00,2009-08-01 00:00:00+02:00,False,14422,underground hip-hop
1249,,2246,1,8,2009,1249077600000,2009-07-31 22:00:00+00:00,2009-08-01 00:00:00+02:00,False,14427,underground hip-hop
1249,,311,1,8,2009,1249077600000,2009-07-31 22:00:00+00:00,2009-08-01 00:00:00+02:00,False,14428,reggae
1249,,5104,1,8,2009,1249077600000,2009-07-31 22:00:00+00:00,2009-08-01 00:00:00+02:00,False,14428,jamaica
1249,,7865,1,10,2009,1254348000000,2009-09-30 22:00:00+00:00,2009-10-01 00:00:00+02:00,False,14428,jamaican
1249,,210,1,8,2009,1249077600000,2009-07-31 22:00:00+00:00,2009-08-01 00:00:00+02:00,False,16945,00s
1249,,193,1,7,2009,1246399200000,2009-06-30 22:00:00+00:00,2009-07-01 00:00:00+02:00,False,16977,country
1249,,2246,1,4,2009,1238536800000,2009-03-31 22:00:00+00:00,2009-04-01 00:00:00+02:00,False,16987,underground hip-hop
1249,,78,1,4,2009,1238536800000,2009-03-31 22:00:00+00:00,2009-04-01 00:00:00+02:00,False,17325,alternative rock
1249,,1076,1,4,2009,1238536800000,2009-03-31 22:00:00+00:00,2009-04-01 00:00:00+02:00,False,17325,rock n roll
1249,,2246,1,8,2009,1249077600000,2009-07-31 22:00:00+00:00,2009-08-01 00:00:00+02:00,False,17601,underground hip-hop
1249,,18,1,10,2009,1254348000000,2009-09-30 22:00:00+00:00,2009-10-01 00:00:00+02:00,False,17819,electronic
1249,,309,1,10,2009,1254348000000,2009-09-30 22:00:00+00:00,2009-10-01 00:00:00+02:00,False,17819,electro
1249,,210,1,8,2009,1249077600000,2009-07-31 22:00:00+00:00,2009-08-01 00:00:00+02:00,False,18144,00s
1249,,265,1,8,2009,1249077600000,2009-07-31 22:00:00+00:00,2009-08-01 00:00:00+02:00,False,18419,ska
1249,,181,1,8,2009,1249077600000,2009-07-31 22:00:00+00:00,2009-08-01 00:00:00+02:00,False,18490,punk
1249,,182,1,8,2009,1249077600000,2009-07-31 22:00:00+00:00,2009-08-01 00:00:00+02:00,False,18490,punk rock
1249,,195,1,8,2009,1249077600000,2009-07-31 22:00:00+00:00,2009-08-01 00:00:00+02:00,False,18490,british
1249,,181,1,8,2009,1249077600000,2009-07-31 22:00:00+00:00,2009-08-01 00:00:00+02:00,False,18492,punk
1249,,182,1,8,2009,1249077600000,2009-07-31 22:00:00+00:00,2009-08-01 00:00:00+02:00,False,18492,punk rock
1249,,216,1,8,2009,1249077600000,2009-07-31 22:00:00+00:00,2009-08-01 00:00:00+02:00,False,18492,american
1249,,181,1,8,2009,1249077600000,2009-07-31 22:00:00+00:00,2009-08-01 00:00:00+02:00,False,18502,punk
1249,,182,1,8,2009,1249077600000,2009-07-31 22:00:00+00:00,2009-08-01 00:00:00+02:00,False,18502,punk rock
1249,,216,1,8,2009,1249077600000,2009-07-31 22:00:00+00:00,2009-08-01 00:00:00+02:00,False,18502,american
1271,,23,1,11,2009,1257030000000,2009-10-31 23:00:00+00:00,2009-11-01 00:00:00+01:00,False,6999,new age
1271,,1434,1,1,2010,1262300400000,2009-12-31 23:00:00+00:00,2010-01-01 00:00:00+01:00,False,15133,the beatles
1271,,83,1,3,2010,1267398000000,2010-02-28 23:00:00+00:00,2010-03-01 00:00:00+01:00,False,15360,jazz
1273,,575,1,7,2007,1183240800000,2007-06-30 22:00:00+00:00,2007-07-01 00:00:00+02:00,False,29,darkwave
1275,,79,1,5,2009,1241128800000,2009-04-30 22:00:00+00:00,2009-05-01 00:00:00+02:00,False,17075,alternative
1283,,8302,1,1,2009,1230764400000,2008-12-31 23:00:00+00:00,2009-01-01 00:00:00+01:00,False,8720,great memories with my siss
1283,,8300,1,3,2009,1235862000000,2009-02-28 23:00:00+00:00,2009-03-01 00:00:00+01:00,False,12893,good old times
1283,,8309,1,8,2009,1249077600000,2009-07-31 22:00:00+00:00,2009-08-01 00:00:00+02:00,False,12893,songs i sing with my mom
1283,,8317,1,8,2009,1249077600000,2009-07-31 22:00:00+00:00,2009-08-01 00:00:00+02:00,False,12893,amazing music i listen to with my daddy
1283,,8303,1,2,2010,1264978800000,2010-01-31 23:00:00+00:00,2010-02-01 00:00:00+01:00,False,13836,tbu
1289,,8379,1,10,2008,1222812000000,2008-09-30 22:00:00+00:00,2008-10-01 00:00:00+02:00,False,15843,dream funk
1289,,8380,1,10,2008,1222812000000,2008-09-30 22:00:00+00:00,2008-10-01 00:00:00+02:00,False,15843,smooth funk flavored milkshake
1298,,8397,1,3,2011,1298934000000,2011-02-28 23:00:00+00:00,2011-03-01 00:00:00+01:00,False,6315,jams
1309,,5407,1,12,2007,1196463600000,2007-11-30 23:00:00+00:00,2007-12-01 00:00:00+01:00,False,16990,stoner
1309,,79,1,2,2008,1201820400000,2008-01-31 23:00:00+00:00,2008-02-01 00:00:00+01:00,False,18627,alternative
1316,,2139,1,10,2008,1222812000000,2008-09-30 22:00:00+00:00,2008-10-01 00:00:00+02:00,False,6256,halloween
1316,,8505,1,9,2008,1220220000000,2008-08-31 22:00:00+00:00,2008-09-01 00:00:00+02:00,False,8133,the best classical opera and film scores
1316,,8497,1,2,2009,1233442800000,2009-01-31 23:00:00+00:00,2009-02-01 00:00:00+01:00,False,14434,all the best
1316,,8501,1,2,2009,1233442800000,2009-01-31 23:00:00+00:00,2009-02-01 00:00:00+01:00,False,14434,best songs of the 70s
1316,,8503,1,12,2008,1228086000000,2008-11-30 23:00:00+00:00,2008-12-01 00:00:00+01:00,False,17932,best christmas songs
1342,,311,1,10,2008,1222812000000,2008-09-30 22:00:00+00:00,2008-10-01 00:00:00+02:00,False,9835,reggae
1342,,385,1,11,2008,1225494000000,2008-10-31 23:00:00+00:00,2008-11-01 00:00:00+01:00,False,9841,melodic death metal
1342,,311,1,10,2008,1222812000000,2008-09-30 22:00:00+00:00,2008-10-01 00:00:00+02:00,False,9842,reggae
1342,,1468,1,10,2008,1222812000000,2008-09-30 22:00:00+00:00,2008-10-01 00:00:00+02:00,False,9842,roots reggae
1342,,81,1,9,2008,1220220000000,2008-08-31 22:00:00+00:00,2008-09-01 00:00:00+02:00,False,13472,indie
1342,,311,1,10,2008,1222812000000,2008-09-30 22:00:00+00:00,2008-10-01 00:00:00+02:00,False,14428,reggae
1342,,14,1,10,2008,1222812000000,2008-09-30 22:00:00+00:00,2008-10-01 00:00:00+02:00,False,14848,ambient
1342,,33,1,10,2008,1222812000000,2008-09-30 22:00:00+00:00,2008-10-01 00:00:00+02:00,False,14848,experimental
1342,,87,1,10,2008,1222812000000,2008-09-30 22:00:00+00:00,2008-10-01 00:00:00+02:00,False,14848,post-rock
1342,,191,1,10,2008,1222812000000,2008-09-30 22:00:00+00:00,2008-10-01 00:00:00+02:00,False,14848,instrumental
1342,,192,1,9,2009,1251756000000,2009-08-31 22:00:00+00:00,2009-09-01 00:00:00+02:00,False,17932,classic rock
1342,,735,1,9,2009,1251756000000,2009-08-31 22:00:00+00:00,2009-09-01 00:00:00+02:00,False,17932,70s
1350,,8048,1,12,2007,1196463600000,2007-11-30 23:00:00+00:00,2007-12-01 00:00:00+01:00,False,11028,driving music
1355,,8854,1,6,2008,1212271200000,2008-05-31 22:00:00+00:00,2008-06-01 00:00:00+02:00,False,17310,buy this
1355,,8871,1,6,2008,1212271200000,2008-05-31 22:00:00+00:00,2008-06-01 00:00:00+02:00,False,17310,human spirit
1364,,83,1,6,2010,1275343200000,2010-05-31 22:00:00+00:00,2010-06-01 00:00:00+02:00,False,13972,jazz
1371,,8948,1,6,2008,1212271200000,2008-05-31 22:00:00+00:00,2008-06-01 00:00:00+02:00,False,14426,i can do better
1380,,73,1,3,2011,1298934000000,2011-02-28 23:00:00+00:00,2011-03-01 00:00:00+01:00,False,1903,rock
1380,,78,1,3,2011,1298934000000,2011-02-28 23:00:00+00:00,2011-03-01 00:00:00+01:00,False,1903,alternative rock
1380,,79,1,3,2011,1298934000000,2011-02-28 23:00:00+00:00,2011-03-01 00:00:00+01:00,False,1903,alternative
1380,,109,1,11,2010,1288566000000,2010-10-31 23:00:00+00:00,2010-11-01 00:00:00+01:00,False,1903,pop rock
1380,,306,1,4,2010,1270072800000,2010-03-31 22:00:00+00:00,2010-04-01 00:00:00+02:00,False,8391,male vocalists
1380,,762,1,4,2010,1270072800000,2010-03-31 22:00:00+00:00,2010-04-01 00:00:00+02:00,False,8391,not emo
1380,,386,1,3,2010,1267398000000,2010-02-28 23:00:00+00:00,2010-03-01 00:00:00+01:00,False,10951,heavy metal
1389,,184,1,5,2010,1272664800000,2010-04-30 22:00:00+00:00,2010-05-01 00:00:00+02:00,False,18704,soundtrack
1389,,191,1,5,2010,1272664800000,2010-04-30 22:00:00+00:00,2010-05-01 00:00:00+02:00,False,18704,instrumental
1408,,376,1,9,2010,1283292000000,2010-08-31 22:00:00+00:00,2010-09-01 00:00:00+02:00,False,5108,metalcore
1408,,385,1,9,2010,1283292000000,2010-08-31 22:00:00+00:00,2010-09-01 00:00:00+02:00,False,5108,melodic death metal
1408,,181,1,12,2010,1291158000000,2010-11-30 23:00:00+00:00,2010-12-01 00:00:00+01:00,False,16433,punk
1408,,304,1,12,2010,1291158000000,2010-11-30 23:00:00+00:00,2010-12-01 00:00:00+01:00,False,16433,hip hop
1408,,14,1,3,2011,1298934000000,2011-02-28 23:00:00+00:00,2011-03-01 00:00:00+01:00,False,16481,ambient
1408,,18,1,3,2011,1298934000000,2011-02-28 23:00:00+00:00,2011-03-01 00:00:00+01:00,False,16481,electronic
1408,,1222,1,9,2010,1283292000000,2010-08-31 22:00:00+00:00,2010-09-01 00:00:00+02:00,False,18509,hardcore punk
1421,,642,1,8,2005,1122847200000,2005-07-31 22:00:00+00:00,2005-08-01 00:00:00+02:00,False,11216,guilty pleasure
1423,,24,1,8,2008,1217541600000,2008-07-31 22:00:00+00:00,2008-08-01 00:00:00+02:00,False,9778,pop
1423,,3234,1,8,2008,1217541600000,2008-07-31 22:00:00+00:00,2008-08-01 00:00:00+02:00,False,9778,flamenco
1423,,9173,1,8,2008,1217541600000,2008-07-31 22:00:00+00:00,2008-08-01 00:00:00+02:00,False,9778,rumba
1426,,9209,1,9,2010,1283292000000,2010-08-31 22:00:00+00:00,2010-09-01 00:00:00+02:00,False,14816,doo-wop
1433,,18,1,6,2007,1180648800000,2007-05-31 22:00:00+00:00,2007-06-01 00:00:00+02:00,False,8135,electronic
1433,,39,1,6,2007,1180648800000,2007-05-31 22:00:00+00:00,2007-06-01 00:00:00+02:00,False,8135,dance
1433,,187,1,6,2007,1180648800000,2007-05-31 22:00:00+00:00,2007-06-01 00:00:00+02:00,False,8135,electronica
1433,,354,1,6,2007,1180648800000,2007-05-31 22:00:00+00:00,2007-06-01 00:00:00+02:00,False,8135,fun
1433,,831,1,6,2007,1180648800000,2007-05-31 22:00:00+00:00,2007-06-01 00:00:00+02:00,False,8135,the best
1433,,1357,1,6,2007,1180648800000,2007-05-31 22:00:00+00:00,2007-06-01 00:00:00+02:00,False,8135,eurodance
1433,,1026,1,5,2008,1209592800000,2008-04-30 22:00:00+00:00,2008-05-01 00:00:00+02:00,False,10819,1994
1433,,1044,1,5,2008,1209592800000,2008-04-30 22:00:00+00:00,2008-05-01 00:00:00+02:00,False,10819,1995
1433,,4847,1,5,2008,1209592800000,2008-04-30 22:00:00+00:00,2008-05-01 00:00:00+02:00,False,10819,my fav songs
1442,,127,1,8,2008,1217541600000,2008-07-31 22:00:00+00:00,2008-08-01 00:00:00+02:00,False,3656,seen live
1455,,24,1,2,2009,1233442800000,2009-01-31 23:00:00+00:00,2009-02-01 00:00:00+01:00,False,10287,pop
1455,,188,1,2,2009,1233442800000,2009-01-31 23:00:00+00:00,2009-02-01 00:00:00+01:00,False,10287,polish
1455,,304,1,2,2009,1233442800000,2009-01-31 23:00:00+00:00,2009-02-01 00:00:00+01:00,False,10287,hip hop
1463,,32,1,8,2010,1280613600000,2010-07-31 22:00:00+00:00,2010-08-01 00:00:00+02:00,False,6423,avant-garde
1463,,309,1,8,2010,1280613600000,2010-07-31 22:00:00+00:00,2010-08-01 00:00:00+02:00,False,6423,electro
1463,,396,1,8,2010,1280613600000,2010-07-31 22:00:00+00:00,2010-08-01 00:00:00+02:00,False,6423,electroclash
1463,,9431,1,8,2010,1280613600000,2010-07-31 22:00:00+00:00,2010-08-01 00:00:00+02:00,False,6423,deepclash
1463,,9438,1,8,2010,1280613600000,2010-07-31 22:00:00+00:00,2010-08-01 00:00:00+02:00,False,6423,neo-electro
1463,,9439,1,8,2010,1280613600000,2010-07-31 22:00:00+00:00,2010-08-01 00:00:00+02:00,False,6423,deconstruction
1463,,9433,1,11,2010,1288566000000,2010-10-31 23:00:00+00:00,2010-11-01 00:00:00+01:00,False,10887,in the chillwave family
1463,,9427,1,12,2010,1291158000000,2010-11-30 23:00:00+00:00,2010-12-01 00:00:00+01:00,False,17696,in the witch house family
1463,,9428,1,12,2010,1291158000000,2010-11-30 23:00:00+00:00,2010-12-01 00:00:00+01:00,False,17696,witch chill
1463,,9433,1,12,2010,1291158000000,2010-11-30 23:00:00+00:00,2010-12-01 00:00:00+01:00,False,17696,in the chillwave family
1463,,9434,1,12,2010,1291158000000,2010-11-30 23:00:00+00:00,2010-12-01 00:00:00+01:00,False,17696,newbreed
1463,,9436,1,12,2010,1291158000000,2010-11-30 23:00:00+00:00,2010-12-01 00:00:00+01:00,False,17696,chill witch
1463,,9431,1,8,2010,1280613600000,2010-07-31 22:00:00+00:00,2010-08-01 00:00:00+02:00,False,17819,deepclash
1463,,9429,1,12,2010,1291158000000,2010-11-30 23:00:00+00:00,2010-12-01 00:00:00+01:00,False,17823,dark disco
1463,,9431,1,8,2010,1280613600000,2010-07-31 22:00:00+00:00,2010-08-01 00:00:00+02:00,False,17830,deepclash
1465,,9471,1,12,2010,1291158000000,2010-11-30 23:00:00+00:00,2010-12-01 00:00:00+01:00,False,14549,0 play yet
1485,,9562,1,6,2007,1180648800000,2007-05-31 22:00:00+00:00,2007-06-01 00:00:00+02:00,False,11710,little miss sunshine soundtrack
1486,,81,1,5,2009,1241128800000,2009-04-30 22:00:00+00:00,2009-05-01 00:00:00+02:00,False,16831,indie
1486,,389,1,5,2009,1241128800000,2009-04-30 22:00:00+00:00,2009-05-01 00:00:00+02:00,False,16831,britpop
1492,,102,1,1,2011,1293836400000,2010-12-31 23:00:00+00:00,2011-01-01 00:00:00+01:00,False,10290,hip-hop
1492,,103,1,1,2011,1293836400000,2010-12-31 23:00:00+00:00,2011-01-01 00:00:00+01:00,False,10290,rap
1492,,130,1,1,2011,1293836400000,2010-12-31 23:00:00+00:00,2011-01-01 00:00:00+01:00,False,10290,female vocalists
1492,,8265,1,1,2011,1293836400000,2010-12-31 23:00:00+00:00,2011-01-01 00:00:00+01:00,False,10290,polish hip-hop
1497,,9639,1,5,2007,1177970400000,2007-04-30 22:00:00+00:00,2007-05-01 00:00:00+02:00,False,16545,arkadi
1547,,9822,1,7,2008,1214863200000,2008-06-30 22:00:00+00:00,2008-07-01 00:00:00+02:00,False,11060,remember him
1547,,9817,1,7,2008,1214863200000,2008-06-30 22:00:00+00:00,2008-07-01 00:00:00+02:00,False,13469,indie luv
1547,,9820,1,7,2008,1214863200000,2008-06-30 22:00:00+00:00,2008-07-01 00:00:00+02:00,False,13469,idolo
1547,,9823,1,7,2008,1214863200000,2008-06-30 22:00:00+00:00,2008-07-01 00:00:00+02:00,False,13469,rock me babe
1547,,9825,1,7,2008,1214863200000,2008-06-30 22:00:00+00:00,2008-07-01 00:00:00+02:00,False,13469,just chillin
1557,,47,1,3,2008,1204326000000,2008-02-29 23:00:00+00:00,2008-03-01 00:00:00+01:00,False,3519,idm
1557,,18,1,3,2008,1204326000000,2008-02-29 23:00:00+00:00,2008-03-01 00:00:00+01:00,False,17819,electronic
1557,,34,1,2,2008,1201820400000,2008-01-31 23:00:00+00:00,2008-02-01 00:00:00+01:00,False,17822,minimal
1557,,18,1,2,2008,1201820400000,2008-01-31 23:00:00+00:00,2008-02-01 00:00:00+01:00,False,17823,electronic
1557,,18,1,2,2008,1201820400000,2008-01-31 23:00:00+00:00,2008-02-01 00:00:00+01:00,False,17825,electronic
1557,,18,1,3,2008,1204326000000,2008-02-29 23:00:00+00:00,2008-03-01 00:00:00+01:00,False,17828,electronic
1557,,18,1,2,2008,1201820400000,2008-01-31 23:00:00+00:00,2008-02-01 00:00:00+01:00,False,17830,electronic
1573,,1249,1,2,2009,1233442800000,2009-01-31 23:00:00+00:00,2009-02-01 00:00:00+01:00,False,15494,powerpop
1579,,127,1,6,2009,1243807200000,2009-05-31 22:00:00+00:00,2009-06-01 00:00:00+02:00,False,13570,seen live
1579,,249,1,6,2009,1243807200000,2009-05-31 22:00:00+00:00,2009-06-01 00:00:00+02:00,False,13570,garage rock
1579,,432,1,6,2009,1243807200000,2009-05-31 22:00:00+00:00,2009-06-01 00:00:00+02:00,False,13570,brazilian
1579,,3572,1,10,2006,1159653600000,2006-09-30 22:00:00+00:00,2006-10-01 00:00:00+02:00,False,15547,loved
1579,,73,1,12,2008,1228086000000,2008-11-30 23:00:00+00:00,2008-12-01 00:00:00+01:00,False,16224,rock
1579,,79,1,12,2008,1228086000000,2008-11-30 23:00:00+00:00,2008-12-01 00:00:00+01:00,False,16224,alternative
1579,,308,1,12,2008,1228086000000,2008-11-30 23:00:00+00:00,2008-12-01 00:00:00+01:00,False,16224,latin
1579,,24,1,11,2007,1193871600000,2007-10-31 23:00:00+00:00,2007-11-01 00:00:00+01:00,False,16228,pop
1579,,73,1,11,2007,1193871600000,2007-10-31 23:00:00+00:00,2007-11-01 00:00:00+01:00,False,16228,rock
1579,,319,1,11,2007,1193871600000,2007-10-31 23:00:00+00:00,2007-11-01 00:00:00+01:00,False,16228,spanish
1579,,728,1,11,2007,1193871600000,2007-10-31 23:00:00+00:00,2007-11-01 00:00:00+01:00,False,16228,rock en espanol
1579,,73,1,3,2006,1141167600000,2006-02-28 23:00:00+00:00,2006-03-01 00:00:00+01:00,False,17310,rock
1579,,79,1,3,2006,1141167600000,2006-02-28 23:00:00+00:00,2006-03-01 00:00:00+01:00,False,17310,alternative
1579,,81,1,3,2006,1141167600000,2006-02-28 23:00:00+00:00,2006-03-01 00:00:00+01:00,False,17310,indie
1579,,292,1,3,2006,1141167600000,2006-02-28 23:00:00+00:00,2006-03-01 00:00:00+01:00,False,17310,folk
1582,,73,1,7,2007,1183240800000,2007-06-30 22:00:00+00:00,2007-07-01 00:00:00+02:00,False,7784,rock
1582,,79,1,7,2007,1183240800000,2007-06-30 22:00:00+00:00,2007-07-01 00:00:00+02:00,False,7784,alternative
1582,,81,1,7,2007,1183240800000,2007-06-30 22:00:00+00:00,2007-07-01 00:00:00+02:00,False,7784,indie
1582,,182,1,7,2007,1183240800000,2007-06-30 22:00:00+00:00,2007-07-01 00:00:00+02:00,False,7784,punk rock
1582,,9953,1,7,2007,1183240800000,2007-06-30 22:00:00+00:00,2007-07-01 00:00:00+02:00,False,7784,makes me wanna kick someones ass
1582,,9958,1,7,2007,1183240800000,2007-06-30 22:00:00+00:00,2007-07-01 00:00:00+02:00,False,7784,fcking good
1584,,73,1,10,2010,1285884000000,2010-09-30 22:00:00+00:00,2010-10-01 00:00:00+02:00,False,7788,rock
1585,,103,1,9,2005,1125525600000,2005-08-31 22:00:00+00:00,2005-09-01 00:00:00+02:00,False,12893,rap
1585,,8891,1,9,2005,1125525600000,2005-08-31 22:00:00+00:00,2005-09-01 00:00:00+02:00,False,14098,croatian
1604,,61,1,2,2010,1264978800000,2010-01-31 23:00:00+00:00,2010-02-01 00:00:00+01:00,False,10082,industrial
1604,,86,1,2,2010,1264978800000,2010-01-31 23:00:00+00:00,2010-02-01 00:00:00+01:00,False,10082,ebm
1604,,179,1,2,2010,1264978800000,2010-01-31 23:00:00+00:00,2010-02-01 00:00:00+01:00,False,10082,gothic
1604,,575,1,2,2010,1264978800000,2010-01-31 23:00:00+00:00,2010-02-01 00:00:00+01:00,False,10082,darkwave
1621,,67,1,9,2005,1125525600000,2005-08-31 22:00:00+00:00,2005-09-01 00:00:00+02:00,False,29,noise
1621,,67,1,9,2005,1125525600000,2005-08-31 22:00:00+00:00,2005-09-01 00:00:00+02:00,False,35,noise
1622,,10111,1,5,2008,1209592800000,2008-04-30 22:00:00+00:00,2008-05-01 00:00:00+02:00,False,11354,tron
1622,,10113,1,5,2008,1209592800000,2008-04-30 22:00:00+00:00,2008-05-01 00:00:00+02:00,False,13899,the type of woman i am
1622,,10116,1,2,2009,1233442800000,2009-01-31 23:00:00+00:00,2009-02-01 00:00:00+01:00,False,14382,great covers
1623,,1,1,9,2007,1188597600000,2007-08-31 22:00:00+00:00,2007-09-01 00:00:00+02:00,False,5108,metal
1623,,5,1,9,2007,1188597600000,2007-08-31 22:00:00+00:00,2007-09-01 00:00:00+02:00,False,5108,death metal
1623,,385,1,9,2007,1188597600000,2007-08-31 22:00:00+00:00,2007-09-01 00:00:00+02:00,False,5108,melodic death metal
1623,,1,1,12,2007,1196463600000,2007-11-30 23:00:00+00:00,2007-12-01 00:00:00+01:00,False,7006,metal
1623,,32,1,12,2007,1196463600000,2007-11-30 23:00:00+00:00,2007-12-01 00:00:00+01:00,False,7006,avant-garde
1623,,33,1,12,2007,1196463600000,2007-11-30 23:00:00+00:00,2007-12-01 00:00:00+01:00,False,7006,experimental
1623,,292,1,12,2007,1196463600000,2007-11-30 23:00:00+00:00,2007-12-01 00:00:00+01:00,False,7006,folk
1623,,127,1,8,2009,1249077600000,2009-07-31 22:00:00+00:00,2009-08-01 00:00:00+02:00,False,10951,seen live
1623,,33,1,10,2007,1191189600000,2007-09-30 22:00:00+00:00,2007-10-01 00:00:00+02:00,False,14860,experimental
1623,,73,1,10,2007,1191189600000,2007-09-30 22:00:00+00:00,2007-10-01 00:00:00+02:00,False,14860,rock
1623,,87,1,10,2007,1191189600000,2007-09-30 22:00:00+00:00,2007-10-01 00:00:00+02:00,False,14860,post-rock
1623,,191,1,10,2007,1191189600000,2007-09-30 22:00:00+00:00,2007-10-01 00:00:00+02:00,False,14860,instrumental
1623,,127,1,1,2010,1262300400000,2009-12-31 23:00:00+00:00,2010-01-01 00:00:00+01:00,False,15539,seen live
1623,,1,1,8,2007,1185919200000,2007-07-31 22:00:00+00:00,2007-08-01 00:00:00+02:00,False,15842,metal
1623,,5,1,8,2007,1185919200000,2007-07-31 22:00:00+00:00,2007-08-01 00:00:00+02:00,False,15842,death metal
1623,,83,1,2,2007,1170284400000,2007-01-31 23:00:00+00:00,2007-02-01 00:00:00+01:00,False,15844,jazz
1623,,191,1,2,2007,1170284400000,2007-01-31 23:00:00+00:00,2007-02-01 00:00:00+01:00,False,15844,instrumental
1623,,292,1,2,2007,1170284400000,2007-01-31 23:00:00+00:00,2007-02-01 00:00:00+01:00,False,15844,folk
1623,,546,1,2,2007,1170284400000,2007-01-31 23:00:00+00:00,2007-02-01 00:00:00+01:00,False,15844,jazz fusion
1623,,547,1,2,2007,1170284400000,2007-01-31 23:00:00+00:00,2007-02-01 00:00:00+01:00,False,15844,fusion
1623,,33,1,12,2007,1196463600000,2007-11-30 23:00:00+00:00,2007-12-01 00:00:00+01:00,False,15846,experimental
1623,,24,1,10,2006,1159653600000,2006-09-30 22:00:00+00:00,2006-10-01 00:00:00+02:00,False,17075,pop
1624,,81,1,12,2010,1291158000000,2010-11-30 23:00:00+00:00,2010-12-01 00:00:00+01:00,False,14654,indie
1624,,935,1,12,2010,1291158000000,2010-11-30 23:00:00+00:00,2010-12-01 00:00:00+01:00,False,14654,lo-fi
1624,,33,1,12,2010,1291158000000,2010-11-30 23:00:00+00:00,2010-12-01 00:00:00+01:00,False,18624,experimental
1624,,81,1,12,2010,1291158000000,2010-11-30 23:00:00+00:00,2010-12-01 00:00:00+01:00,False,18624,indie
1624,,88,1,12,2010,1291158000000,2010-11-30 23:00:00+00:00,2010-12-01 00:00:00+01:00,False,18624,psychedelic
1625,,88,1,4,2010,1270072800000,2010-03-31 22:00:00+00:00,2010-04-01 00:00:00+02:00,False,16478,psychedelic
1625,,90,1,3,2010,1267398000000,2010-02-28 23:00:00+00:00,2010-03-01 00:00:00+01:00,False,16478,trance
1625,,327,1,3,2010,1267398000000,2010-02-28 23:00:00+00:00,2010-03-01 00:00:00+01:00,False,16478,progressive trance
1625,,564,1,3,2010,1267398000000,2010-02-28 23:00:00+00:00,2010-03-01 00:00:00+01:00,False,16478,psytrance
1625,,588,1,3,2010,1267398000000,2010-02-28 23:00:00+00:00,2010-03-01 00:00:00+01:00,False,16478,psychedelic trance
1625,,23,1,4,2010,1270072800000,2010-03-31 22:00:00+00:00,2010-04-01 00:00:00+02:00,False,16815,new age
1625,,191,1,4,2010,1270072800000,2010-03-31 22:00:00+00:00,2010-04-01 00:00:00+02:00,False,16815,instrumental
1630,,127,1,8,2009,1249077600000,2009-07-31 22:00:00+00:00,2009-08-01 00:00:00+02:00,False,14720,seen live
1630,,3333,1,8,2009,1249077600000,2009-07-31 22:00:00+00:00,2009-08-01 00:00:00+02:00,False,14720,danish
1639,,483,1,7,2009,1246399200000,2009-06-30 22:00:00+00:00,2009-07-01 00:00:00+02:00,False,12303,party
1639,,6900,1,10,2010,1285884000000,2010-09-30 22:00:00+00:00,2010-10-01 00:00:00+02:00,False,17075,title is a full sentence
1642,,34,1,2,2009,1233442800000,2009-01-31 23:00:00+00:00,2009-02-01 00:00:00+01:00,False,8132,minimal
1642,,570,1,1,2009,1230764400000,2008-12-31 23:00:00+00:00,2009-01-01 00:00:00+01:00,False,8132,techno
1642,,570,1,1,2009,1230764400000,2008-12-31 23:00:00+00:00,2009-01-01 00:00:00+01:00,False,11028,techno
1642,,10259,1,1,2009,1230764400000,2008-12-31 23:00:00+00:00,2009-01-01 00:00:00+01:00,False,17821,techno brut
1642,,18,1,1,2009,1230764400000,2008-12-31 23:00:00+00:00,2009-01-01 00:00:00+01:00,False,17825,electronic
1650,,81,1,1,2010,1262300400000,2009-12-31 23:00:00+00:00,2010-01-01 00:00:00+01:00,False,4085,indie
1650,,275,1,1,2010,1262300400000,2009-12-31 23:00:00+00:00,2010-01-01 00:00:00+01:00,False,4085,post-punk
1650,,935,1,1,2010,1262300400000,2009-12-31 23:00:00+00:00,2010-01-01 00:00:00+01:00,False,4085,lo-fi
1650,,181,1,3,2007,1172703600000,2007-02-28 23:00:00+00:00,2007-03-01 00:00:00+01:00,False,7359,punk
1650,,1288,1,3,2007,1172703600000,2007-02-28 23:00:00+00:00,2007-03-01 00:00:00+01:00,False,7359,street punk
1650,,181,1,8,2007,1185919200000,2007-07-31 22:00:00+00:00,2007-08-01 00:00:00+02:00,False,7360,punk
1650,,1288,1,8,2007,1185919200000,2007-07-31 22:00:00+00:00,2007-08-01 00:00:00+02:00,False,7360,street punk
1650,,5112,1,8,2007,1185919200000,2007-07-31 22:00:00+00:00,2007-08-01 00:00:00+02:00,False,7360,oi
1650,,176,1,5,2010,1272664800000,2010-04-30 22:00:00+00:00,2010-05-01 00:00:00+02:00,False,7784,emo
1650,,180,1,5,2010,1272664800000,2010-04-30 22:00:00+00:00,2010-05-01 00:00:00+02:00,False,7784,post-hardcore
1650,,182,1,5,2010,1272664800000,2010-04-30 22:00:00+00:00,2010-05-01 00:00:00+02:00,False,7784,punk rock
1657,,10313,1,3,2007,1172703600000,2007-02-28 23:00:00+00:00,2007-03-01 00:00:00+01:00,False,14402,eclectic dance party favorites
1660,,10348,1,4,2010,1270072800000,2010-03-31 22:00:00+00:00,2010-04-01 00:00:00+02:00,False,8949,hard line
1662,,13,1,8,2009,1249077600000,2009-07-31 22:00:00+00:00,2009-08-01 00:00:00+02:00,False,12893,chillout
1662,,1368,1,8,2009,1249077600000,2009-07-31 22:00:00+00:00,2009-08-01 00:00:00+02:00,False,12893,funny
1662,,1911,1,8,2009,1249077600000,2009-07-31 22:00:00+00:00,2009-08-01 00:00:00+02:00,False,12893,cool
1662,,3970,1,8,2009,1249077600000,2009-07-31 22:00:00+00:00,2009-08-01 00:00:00+02:00,False,12893,lol
1662,,4885,1,8,2009,1249077600000,2009-07-31 22:00:00+00:00,2009-08-01 00:00:00+02:00,False,12893,west coast rap
1662,,10372,1,8,2009,1249077600000,2009-07-31 22:00:00+00:00,2009-08-01 00:00:00+02:00,False,12893,hip hop classic
1662,,527,1,3,2011,1298934000000,2011-02-28 23:00:00+00:00,2011-03-01 00:00:00+01:00,False,12904,classic
1662,,1911,1,3,2011,1298934000000,2011-02-28 23:00:00+00:00,2011-03-01 00:00:00+01:00,False,12904,cool
1662,,2700,1,3,2011,1298934000000,2011-02-28 23:00:00+00:00,2011-03-01 00:00:00+01:00,False,12904,best
1662,,3970,1,3,2011,1298934000000,2011-02-28 23:00:00+00:00,2011-03-01 00:00:00+01:00,False,12904,lol
1662,,13,1,6,2009,1243807200000,2009-05-31 22:00:00+00:00,2009-06-01 00:00:00+02:00,False,13972,chillout
1662,,20,1,6,2009,1243807200000,2009-05-31 22:00:00+00:00,2009-06-01 00:00:00+02:00,False,13972,lounge
1662,,2525,1,6,2009,1243807200000,2009-05-31 22:00:00+00:00,2009-06-01 00:00:00+02:00,False,13972,nu jazz
1662,,10363,1,9,2009,1251756000000,2009-08-31 22:00:00+00:00,2009-09-01 00:00:00+02:00,False,14822,rhymez
1662,,13,1,11,2009,1257030000000,2009-10-31 23:00:00+00:00,2009-11-01 00:00:00+01:00,False,18144,chillout
1662,,527,1,11,2009,1257030000000,2009-10-31 23:00:00+00:00,2009-11-01 00:00:00+01:00,False,18144,classic
1662,,2700,1,11,2009,1257030000000,2009-10-31 23:00:00+00:00,2009-11-01 00:00:00+01:00,False,18144,best
1662,,3970,1,11,2009,1257030000000,2009-10-31 23:00:00+00:00,2009-11-01 00:00:00+01:00,False,18144,lol
1662,,10362,1,11,2009,1257030000000,2009-10-31 23:00:00+00:00,2009-11-01 00:00:00+01:00,False,18144,rhythmalizm
1662,,10363,1,11,2009,1257030000000,2009-10-31 23:00:00+00:00,2009-11-01 00:00:00+01:00,False,18144,rhymez
1664,,73,1,12,2009,1259622000000,2009-11-30 23:00:00+00:00,2009-12-01 00:00:00+01:00,False,1903,rock
1664,,139,1,12,2009,1259622000000,2009-11-30 23:00:00+00:00,2009-12-01 00:00:00+01:00,False,1903,j-rock
1664,,541,1,12,2009,1259622000000,2009-11-30 23:00:00+00:00,2009-12-01 00:00:00+01:00,False,1903,japanese
1664,,139,1,12,2010,1291158000000,2010-11-30 23:00:00+00:00,2010-12-01 00:00:00+01:00,False,1911,j-rock
1664,,141,1,12,2010,1291158000000,2010-11-30 23:00:00+00:00,2010-12-01 00:00:00+01:00,False,1911,visual kei
1664,,541,1,12,2010,1291158000000,2010-11-30 23:00:00+00:00,2010-12-01 00:00:00+01:00,False,1911,japanese
1664,,194,1,2,2009,1233442800000,2009-01-31 23:00:00+00:00,2009-02-01 00:00:00+01:00,False,5109,hardcore
1664,,376,1,2,2009,1233442800000,2009-01-31 23:00:00+00:00,2009-02-01 00:00:00+01:00,False,5109,metalcore
1664,,1252,1,2,2009,1233442800000,2009-01-31 23:00:00+00:00,2009-02-01 00:00:00+01:00,False,5109,christian
1664,,73,1,3,2009,1235862000000,2009-02-28 23:00:00+00:00,2009-03-01 00:00:00+01:00,False,8880,rock
1664,,78,1,3,2009,1235862000000,2009-02-28 23:00:00+00:00,2009-03-01 00:00:00+01:00,False,8880,alternative rock
1664,,130,1,3,2009,1235862000000,2009-02-28 23:00:00+00:00,2009-03-01 00:00:00+01:00,False,8880,female vocalists
1664,,73,1,3,2009,1235862000000,2009-02-28 23:00:00+00:00,2009-03-01 00:00:00+01:00,False,11058,rock
1664,,18,1,7,2010,1277935200000,2010-06-30 22:00:00+00:00,2010-07-01 00:00:00+02:00,False,11585,electronic
1664,,39,1,7,2010,1277935200000,2010-06-30 22:00:00+00:00,2010-07-01 00:00:00+02:00,False,11585,dance
1664,,105,1,7,2010,1277935200000,2010-06-30 22:00:00+00:00,2010-07-01 00:00:00+02:00,False,11585,house
1664,,187,1,2,2009,1233442800000,2009-01-31 23:00:00+00:00,2009-02-01 00:00:00+01:00,False,12895,electronica
1669,,27,1,11,2010,1288566000000,2010-10-31 23:00:00+00:00,2010-11-01 00:00:00+01:00,False,16545,ethereal
1672,,16,1,11,2009,1257030000000,2009-10-31 23:00:00+00:00,2009-11-01 00:00:00+01:00,False,4085,new wave
1672,,25,1,10,2009,1254348000000,2009-09-30 22:00:00+00:00,2009-10-01 00:00:00+02:00,False,4085,80s
1672,,32,1,11,2009,1257030000000,2009-10-31 23:00:00+00:00,2009-11-01 00:00:00+01:00,False,4085,avant-garde
1672,,67,1,11,2009,1257030000000,2009-10-31 23:00:00+00:00,2009-11-01 00:00:00+01:00,False,4085,noise
1672,,74,1,11,2009,1257030000000,2009-10-31 23:00:00+00:00,2009-11-01 00:00:00+01:00,False,4085,synthpop
1672,,88,1,11,2009,1257030000000,2009-10-31 23:00:00+00:00,2009-11-01 00:00:00+01:00,False,4085,psychedelic
1672,,160,1,11,2009,1257030000000,2009-10-31 23:00:00+00:00,2009-11-01 00:00:00+01:00,False,4085,noise rock
1672,,216,1,11,2009,1257030000000,2009-10-31 23:00:00+00:00,2009-11-01 00:00:00+01:00,False,4085,american
1672,,275,1,11,2009,1257030000000,2009-10-31 23:00:00+00:00,2009-11-01 00:00:00+01:00,False,4085,post-punk
1672,,391,1,11,2009,1257030000000,2009-10-31 23:00:00+00:00,2009-11-01 00:00:00+01:00,False,4085,shoegaze
1672,,481,1,11,2009,1257030000000,2009-10-31 23:00:00+00:00,2009-11-01 00:00:00+01:00,False,4085,usa
1672,,935,1,11,2009,1257030000000,2009-10-31 23:00:00+00:00,2009-11-01 00:00:00+01:00,False,4085,lo-fi
1672,,1812,1,11,2009,1257030000000,2009-10-31 23:00:00+00:00,2009-11-01 00:00:00+01:00,False,4085,noise pop
1672,,73,1,7,2010,1277935200000,2010-06-30 22:00:00+00:00,2010-07-01 00:00:00+02:00,False,12616,rock
1672,,81,1,7,2010,1277935200000,2010-06-30 22:00:00+00:00,2010-07-01 00:00:00+02:00,False,12616,indie
1672,,195,1,7,2010,1277935200000,2010-06-30 22:00:00+00:00,2010-07-01 00:00:00+02:00,False,12616,british
1672,,210,1,7,2010,1277935200000,2010-06-30 22:00:00+00:00,2010-07-01 00:00:00+02:00,False,12616,00s
1672,,387,1,7,2010,1277935200000,2010-06-30 22:00:00+00:00,2010-07-01 00:00:00+02:00,False,12616,progressive rock
1672,,507,1,7,2010,1277935200000,2010-06-30 22:00:00+00:00,2010-07-01 00:00:00+02:00,False,12616,10s
1672,,88,1,4,2010,1270072800000,2010-03-31 22:00:00+00:00,2010-04-01 00:00:00+02:00,False,13290,psychedelic
1672,,210,1,4,2010,1270072800000,2010-03-31 22:00:00+00:00,2010-04-01 00:00:00+02:00,False,13290,00s
1672,,249,1,4,2010,1270072800000,2010-03-31 22:00:00+00:00,2010-04-01 00:00:00+02:00,False,13290,garage rock
1672,,481,1,4,2010,1270072800000,2010-03-31 22:00:00+00:00,2010-04-01 00:00:00+02:00,False,13290,usa
1672,,829,1,4,2010,1270072800000,2010-03-31 22:00:00+00:00,2010-04-01 00:00:00+02:00,False,13290,blues
1672,,393,1,10,2009,1254348000000,2009-09-30 22:00:00+00:00,2009-10-01 00:00:00+02:00,False,13661,dream pop
1672,,73,1,10,2009,1254348000000,2009-09-30 22:00:00+00:00,2009-10-01 00:00:00+02:00,False,14654,rock
1672,,84,1,10,2009,1254348000000,2009-09-30 22:00:00+00:00,2009-10-01 00:00:00+02:00,False,14654,indie rock
1672,,481,1,10,2009,1254348000000,2009-09-30 22:00:00+00:00,2009-10-01 00:00:00+02:00,False,14654,usa
1672,,625,1,10,2009,1254348000000,2009-09-30 22:00:00+00:00,2009-10-01 00:00:00+02:00,False,14654,soul
1672,,829,1,10,2009,1254348000000,2009-09-30 22:00:00+00:00,2009-10-01 00:00:00+02:00,False,14654,blues
1672,,935,1,10,2009,1254348000000,2009-09-30 22:00:00+00:00,2009-10-01 00:00:00+02:00,False,14654,lo-fi
1672,,16,1,7,2010,1277935200000,2010-06-30 22:00:00+00:00,2010-07-01 00:00:00+02:00,False,15133,new wave
1672,,18,1,7,2010,1277935200000,2010-06-30 22:00:00+00:00,2010-07-01 00:00:00+02:00,False,15133,electronic
1672,,25,1,7,2010,1277935200000,2010-06-30 22:00:00+00:00,2010-07-01 00:00:00+02:00,False,15133,80s
1672,,32,1,7,2010,1277935200000,2010-06-30 22:00:00+00:00,2010-07-01 00:00:00+02:00,False,15133,avant-garde
1672,,33,1,7,2010,1277935200000,2010-06-30 22:00:00+00:00,2010-07-01 00:00:00+02:00,False,15133,experimental
1672,,74,1,7,2010,1277935200000,2010-06-30 22:00:00+00:00,2010-07-01 00:00:00+02:00,False,15133,synthpop
1672,,81,1,7,2010,1277935200000,2010-06-30 22:00:00+00:00,2010-07-01 00:00:00+02:00,False,15133,indie
1672,,88,1,7,2010,1277935200000,2010-06-30 22:00:00+00:00,2010-07-01 00:00:00+02:00,False,15133,psychedelic
1672,,134,1,7,2010,1277935200000,2010-06-30 22:00:00+00:00,2010-07-01 00:00:00+02:00,False,15133,singer-songwriter
1672,,187,1,7,2010,1277935200000,2010-06-30 22:00:00+00:00,2010-07-01 00:00:00+02:00,False,15133,electronica
1672,,216,1,7,2010,1277935200000,2010-06-30 22:00:00+00:00,2010-07-01 00:00:00+02:00,False,15133,american
1672,,275,1,7,2010,1277935200000,2010-06-30 22:00:00+00:00,2010-07-01 00:00:00+02:00,False,15133,post-punk
1672,,292,1,7,2010,1277935200000,2010-06-30 22:00:00+00:00,2010-07-01 00:00:00+02:00,False,15133,folk
1672,,935,1,7,2010,1277935200000,2010-06-30 22:00:00+00:00,2010-07-01 00:00:00+02:00,False,15133,lo-fi
1672,,18,1,7,2010,1277935200000,2010-06-30 22:00:00+00:00,2010-07-01 00:00:00+02:00,False,15550,electronic
1672,,33,1,7,2010,1277935200000,2010-06-30 22:00:00+00:00,2010-07-01 00:00:00+02:00,False,15550,experimental
1672,,187,1,7,2010,1277935200000,2010-06-30 22:00:00+00:00,2010-07-01 00:00:00+02:00,False,15550,electronica
1672,,210,1,7,2010,1277935200000,2010-06-30 22:00:00+00:00,2010-07-01 00:00:00+02:00,False,15550,00s
1672,,507,1,7,2010,1277935200000,2010-06-30 22:00:00+00:00,2010-07-01 00:00:00+02:00,False,15550,10s
1672,,935,1,7,2010,1277935200000,2010-06-30 22:00:00+00:00,2010-07-01 00:00:00+02:00,False,15550,lo-fi
1679,,179,1,2,2010,1264978800000,2010-01-31 23:00:00+00:00,2010-02-01 00:00:00+01:00,False,6256,gothic
1679,,190,1,2,2010,1264978800000,2010-01-31 23:00:00+00:00,2010-02-01 00:00:00+01:00,False,6256,gothic rock
1679,,575,1,2,2010,1264978800000,2010-01-31 23:00:00+00:00,2010-02-01 00:00:00+01:00,False,6256,darkwave
1679,,86,1,2,2010,1264978800000,2010-01-31 23:00:00+00:00,2010-02-01 00:00:00+01:00,False,10082,ebm
1679,,179,1,2,2010,1264978800000,2010-01-31 23:00:00+00:00,2010-02-01 00:00:00+01:00,False,10082,gothic
1679,,575,1,2,2010,1264978800000,2010-01-31 23:00:00+00:00,2010-02-01 00:00:00+01:00,False,10082,darkwave
1679,,575,1,10,2010,1285884000000,2010-09-30 22:00:00+00:00,2010-10-01 00:00:00+02:00,False,10792,darkwave
1679,,190,1,1,2010,1262300400000,2009-12-31 23:00:00+00:00,2010-01-01 00:00:00+01:00,False,10863,gothic rock
1679,,828,1,1,2010,1262300400000,2009-12-31 23:00:00+00:00,2010-01-01 00:00:00+01:00,False,10863,finnish
1679,,73,1,9,2010,1283292000000,2010-08-31 22:00:00+00:00,2010-09-01 00:00:00+02:00,False,11216,rock
1679,,79,1,9,2010,1283292000000,2010-08-31 22:00:00+00:00,2010-09-01 00:00:00+02:00,False,11216,alternative
1679,,81,1,9,2010,1283292000000,2010-08-31 22:00:00+00:00,2010-09-01 00:00:00+02:00,False,11216,indie
1679,,84,1,9,2010,1283292000000,2010-08-31 22:00:00+00:00,2010-09-01 00:00:00+02:00,False,11216,indie rock
1679,,195,1,9,2010,1283292000000,2010-08-31 22:00:00+00:00,2010-09-01 00:00:00+02:00,False,11216,british
1679,,1,1,5,2010,1272664800000,2010-04-30 22:00:00+00:00,2010-05-01 00:00:00+02:00,False,14549,metal
1679,,194,1,5,2010,1272664800000,2010-04-30 22:00:00+00:00,2010-05-01 00:00:00+02:00,False,14549,hardcore
1679,,376,1,5,2010,1272664800000,2010-04-30 22:00:00+00:00,2010-05-01 00:00:00+02:00,False,14549,metalcore
1679,,78,1,1,2010,1262300400000,2009-12-31 23:00:00+00:00,2010-01-01 00:00:00+01:00,False,18016,alternative rock
1679,,139,1,1,2010,1262300400000,2009-12-31 23:00:00+00:00,2010-01-01 00:00:00+01:00,False,18016,j-rock
1679,,541,1,1,2010,1262300400000,2009-12-31 23:00:00+00:00,2010-01-01 00:00:00+01:00,False,18016,japanese
1689,,713,1,9,2009,1251756000000,2009-08-31 22:00:00+00:00,2009-09-01 00:00:00+02:00,False,13662,best song ever
1694,,18,1,6,2008,1212271200000,2008-05-31 22:00:00+00:00,2008-06-01 00:00:00+02:00,False,12895,electronic
1694,,202,1,6,2008,1212271200000,2008-05-31 22:00:00+00:00,2008-06-01 00:00:00+02:00,False,12895,electro pop
1694,,309,1,6,2008,1212271200000,2008-05-31 22:00:00+00:00,2008-06-01 00:00:00+02:00,False,12895,electro
1700,,18,1,11,2010,1288566000000,2010-10-31 23:00:00+00:00,2010-11-01 00:00:00+01:00,False,3219,electronic
1700,,102,1,11,2010,1288566000000,2010-10-31 23:00:00+00:00,2010-11-01 00:00:00+01:00,False,3219,hip-hop
1700,,33,1,12,2010,1291158000000,2010-11-30 23:00:00+00:00,2010-12-01 00:00:00+01:00,False,6425,experimental
1700,,87,1,12,2010,1291158000000,2010-11-30 23:00:00+00:00,2010-12-01 00:00:00+01:00,False,6425,post-rock
1700,,4328,9,5,2011,1304934693452,2011-05-09 09:51:33.452000+00:00,2011-05-09 11:51:33.452000+02:00,False,6425,friends
1700,,321,9,5,2011,1304934706660,2011-05-09 09:51:46.660000+00:00,2011-05-09 11:51:46.660000+02:00,False,10945,french
1700,,370,9,5,2011,1304934717026,2011-05-09 09:51:57.026000+00:00,2011-05-09 11:51:57.026000+02:00,False,10945,favorite
1700,,15,1,10,2010,1285884000000,2010-09-30 22:00:00+00:00,2010-10-01 00:00:00+02:00,False,11371,downtempo
1700,,13,1,5,2010,1272664800000,2010-04-30 22:00:00+00:00,2010-05-01 00:00:00+02:00,False,13972,chillout
1700,,22,1,1,2010,1262300400000,2009-12-31 23:00:00+00:00,2010-01-01 00:00:00+01:00,False,13972,acid jazz
1700,,102,1,12,2009,1259622000000,2009-11-30 23:00:00+00:00,2009-12-01 00:00:00+01:00,False,14818,hip-hop
1700,,87,1,12,2010,1291158000000,2010-11-30 23:00:00+00:00,2010-12-01 00:00:00+01:00,False,14860,post-rock
1700,,87,1,12,2010,1291158000000,2010-11-30 23:00:00+00:00,2010-12-01 00:00:00+01:00,False,14869,post-rock
1700,,370,9,5,2011,1304934717031,2011-05-09 09:51:57.031000+00:00,2011-05-09 11:51:57.031000+02:00,False,14869,favorite
1700,,83,1,3,2011,1298934000000,2011-02-28 23:00:00+00:00,2011-03-01 00:00:00+01:00,False,15559,jazz
1700,,321,1,3,2011,1298934000000,2011-02-28 23:00:00+00:00,2011-03-01 00:00:00+01:00,False,15559,french
1700,,370,1,3,2011,1298934000000,2011-02-28 23:00:00+00:00,2011-03-01 00:00:00+01:00,False,15559,favorite
1700,,10534,1,3,2011,1298934000000,2011-02-28 23:00:00+00:00,2011-03-01 00:00:00+01:00,False,15559,alsolike
1700,,10533,1,3,2011,1298934000000,2011-02-28 23:00:00+00:00,2011-03-01 00:00:00+01:00,False,15560,recos
1700,,1627,1,1,2010,1262300400000,2009-12-31 23:00:00+00:00,2010-01-01 00:00:00+01:00,False,15733,bossa nova
1700,,7040,1,3,2010,1267398000000,2010-02-28 23:00:00+00:00,2010-03-01 00:00:00+01:00,False,16212,contemporary jazz
1700,,10533,9,5,2011,1304941497451,2011-05-09 11:44:57.451000+00:00,2011-05-09 13:44:57.451000+02:00,False,18625,recos
1701,,3961,1,12,2006,1164927600000,2006-11-30 23:00:00+00:00,2006-12-01 00:00:00+01:00,False,14617,poppy
1702,,192,1,7,2010,1277935200000,2010-06-30 22:00:00+00:00,2010-07-01 00:00:00+02:00,False,17932,classic rock
1702,,247,1,7,2010,1277935200000,2010-06-30 22:00:00+00:00,2010-07-01 00:00:00+02:00,False,17932,60s
1702,,292,1,7,2010,1277935200000,2010-06-30 22:00:00+00:00,2010-07-01 00:00:00+02:00,False,17932,folk
1702,,735,1,7,2010,1277935200000,2010-06-30 22:00:00+00:00,2010-07-01 00:00:00+02:00,False,17932,70s
1710,,18,1,10,2010,1285884000000,2010-09-30 22:00:00+00:00,2010-10-01 00:00:00+02:00,False,11353,electronic
1710,,88,1,10,2010,1285884000000,2010-09-30 22:00:00+00:00,2010-10-01 00:00:00+02:00,False,11353,psychedelic
1710,,191,1,10,2010,1285884000000,2010-09-30 22:00:00+00:00,2010-10-01 00:00:00+02:00,False,11353,instrumental
1710,,61,6,5,2011,1304673814391,2011-05-06 09:23:34.391000+00:00,2011-05-06 11:23:34.391000+02:00,False,16549,industrial
1710,,574,6,5,2011,1304673793137,2011-05-06 09:23:13.137000+00:00,2011-05-06 11:23:13.137000+02:00,False,16549,dark ambient
1711,,6450,1,8,2008,1217541600000,2008-07-31 22:00:00+00:00,2008-08-01 00:00:00+02:00,False,14660,handclaps
1711,,6853,1,11,2007,1193871600000,2007-10-31 23:00:00+00:00,2007-11-01 00:00:00+01:00,False,15363,hey song youre so fucking cute
1711,,10585,1,3,2007,1172703600000,2007-02-28 23:00:00+00:00,2007-03-01 00:00:00+01:00,False,15493,jukebox project
1723,,184,1,4,2010,1270072800000,2010-03-31 22:00:00+00:00,2010-04-01 00:00:00+02:00,False,11714,soundtrack
1723,,79,1,5,2009,1241128800000,2009-04-30 22:00:00+00:00,2009-05-01 00:00:00+02:00,False,13407,alternative
1723,,81,1,5,2009,1241128800000,2009-04-30 22:00:00+00:00,2009-05-01 00:00:00+02:00,False,13407,indie
1724,,88,1,8,2010,1280613600000,2010-07-31 22:00:00+00:00,2010-08-01 00:00:00+02:00,False,4090,psychedelic
1727,,10691,1,4,2007,1175378400000,2007-03-31 22:00:00+00:00,2007-04-01 00:00:00+02:00,False,18628,triple j
1728,,1044,1,5,2009,1241128800000,2009-04-30 22:00:00+00:00,2009-05-01 00:00:00+02:00,False,17919,1995
1755,,10851,1,2,2010,1264978800000,2010-01-31 23:00:00+00:00,2010-02-01 00:00:00+01:00,False,5046,niebka
1774,,574,1,4,2008,1207000800000,2008-03-31 22:00:00+00:00,2008-04-01 00:00:00+02:00,False,16539,dark ambient
1774,,2793,1,4,2008,1207000800000,2008-03-31 22:00:00+00:00,2008-04-01 00:00:00+02:00,False,16539,neoclassical
1786,,73,1,1,2011,1293836400000,2010-12-31 23:00:00+00:00,2011-01-01 00:00:00+01:00,False,10665,rock
1786,,181,1,1,2011,1293836400000,2010-12-31 23:00:00+00:00,2011-01-01 00:00:00+01:00,False,10665,punk
1786,,11035,1,1,2011,1293836400000,2010-12-31 23:00:00+00:00,2011-01-01 00:00:00+01:00,False,10665,chick vocal
1793,,327,1,4,2008,1207000800000,2008-03-31 22:00:00+00:00,2008-04-01 00:00:00+02:00,False,16478,progressive trance
1794,,1353,1,2,2010,1264978800000,2010-01-31 23:00:00+00:00,2010-02-01 00:00:00+01:00,False,9949,scottish
1816,,11163,1,1,2010,1262300400000,2009-12-31 23:00:00+00:00,2010-01-01 00:00:00+01:00,False,4714,new mpb
1822,,5934,1,9,2006,1157061600000,2006-08-31 22:00:00+00:00,2006-09-01 00:00:00+02:00,False,16433,ramonescore
1824,,829,1,11,2008,1225494000000,2008-10-31 23:00:00+00:00,2008-11-01 00:00:00+01:00,False,14429,blues
1824,,4261,1,11,2008,1225494000000,2008-10-31 23:00:00+00:00,2008-11-01 00:00:00+01:00,False,14429,delta blues
1846,,352,1,8,2010,1280613600000,2010-07-31 22:00:00+00:00,2010-08-01 00:00:00+02:00,False,17075,90s
1858,,78,1,2,2009,1233442800000,2009-01-31 23:00:00+00:00,2009-02-01 00:00:00+01:00,False,10175,alternative rock
1858,,11405,1,2,2009,1233442800000,2009-01-31 23:00:00+00:00,2009-02-01 00:00:00+01:00,False,10175,deutscher rock
1858,,11406,1,2,2009,1233442800000,2009-01-31 23:00:00+00:00,2009-02-01 00:00:00+01:00,False,10175,kultrock
1861,,292,1,7,2007,1183240800000,2007-06-30 22:00:00+00:00,2007-07-01 00:00:00+02:00,False,4083,folk
1861,,821,1,7,2007,1183240800000,2007-06-30 22:00:00+00:00,2007-07-01 00:00:00+02:00,False,4083,post rock
1861,,178,1,4,2008,1207000800000,2008-03-31 22:00:00+00:00,2008-04-01 00:00:00+02:00,False,4093,screamo
1861,,210,1,4,2008,1207000800000,2008-03-31 22:00:00+00:00,2008-04-01 00:00:00+02:00,False,4093,00s
1861,,481,1,4,2008,1207000800000,2008-03-31 22:00:00+00:00,2008-04-01 00:00:00+02:00,False,4093,usa
1861,,1006,1,3,2008,1204326000000,2008-02-29 23:00:00+00:00,2008-03-01 00:00:00+01:00,False,4093,mathcore
1861,,181,1,3,2008,1204326000000,2008-02-29 23:00:00+00:00,2008-03-01 00:00:00+01:00,False,7358,punk
1861,,194,1,3,2008,1204326000000,2008-02-29 23:00:00+00:00,2008-03-01 00:00:00+01:00,False,7358,hardcore
1861,,2217,1,4,2006,1143842400000,2006-03-31 22:00:00+00:00,2006-04-01 00:00:00+02:00,False,8922,straight edge
1861,,194,1,3,2008,1204326000000,2008-02-29 23:00:00+00:00,2008-03-01 00:00:00+01:00,False,8926,hardcore
1861,,2217,1,7,2007,1183240800000,2007-06-30 22:00:00+00:00,2007-07-01 00:00:00+02:00,False,8940,straight edge
1861,,25,1,3,2008,1204326000000,2008-02-29 23:00:00+00:00,2008-03-01 00:00:00+01:00,False,10791,80s
1861,,121,1,3,2008,1204326000000,2008-02-29 23:00:00+00:00,2008-03-01 00:00:00+01:00,False,10791,uk
1861,,343,1,3,2008,1204326000000,2008-02-29 23:00:00+00:00,2008-03-01 00:00:00+01:00,False,10791,crust
1861,,1858,1,3,2008,1204326000000,2008-02-29 23:00:00+00:00,2008-03-01 00:00:00+01:00,False,10791,england
1861,,11439,1,3,2008,1204326000000,2008-02-29 23:00:00+00:00,2008-03-01 00:00:00+01:00,False,10791,lefties
1861,,11440,1,3,2008,1204326000000,2008-02-29 23:00:00+00:00,2008-03-01 00:00:00+01:00,False,10791,anarchist
1861,,4120,1,11,2007,1193871600000,2007-10-31 23:00:00+00:00,2007-11-01 00:00:00+01:00,False,14850,norway
1861,,176,1,7,2007,1183240800000,2007-06-30 22:00:00+00:00,2007-07-01 00:00:00+02:00,False,14867,emo
1861,,2784,1,3,2008,1204326000000,2008-02-29 23:00:00+00:00,2008-03-01 00:00:00+01:00,False,14868,france
1861,,750,1,3,2008,1204326000000,2008-02-29 23:00:00+00:00,2008-03-01 00:00:00+01:00,False,14870,post hardcore
1861,,194,1,5,2008,1209592800000,2008-04-30 22:00:00+00:00,2008-05-01 00:00:00+02:00,False,18481,hardcore
1861,,481,1,5,2008,1209592800000,2008-04-30 22:00:00+00:00,2008-05-01 00:00:00+02:00,False,18481,usa
1861,,2217,1,5,2008,1209592800000,2008-04-30 22:00:00+00:00,2008-05-01 00:00:00+02:00,False,18481,straight edge
1861,,25,1,3,2008,1204326000000,2008-02-29 23:00:00+00:00,2008-03-01 00:00:00+01:00,False,18496,80s
1861,,122,1,3,2008,1204326000000,2008-02-29 23:00:00+00:00,2008-03-01 00:00:00+01:00,False,18496,old school
1861,,11439,1,3,2008,1204326000000,2008-02-29 23:00:00+00:00,2008-03-01 00:00:00+01:00,False,18496,lefties
1861,,11440,1,3,2008,1204326000000,2008-02-29 23:00:00+00:00,2008-03-01 00:00:00+01:00,False,18496,anarchist
1861,,25,1,3,2008,1204326000000,2008-02-29 23:00:00+00:00,2008-03-01 00:00:00+01:00,False,18502,80s
1861,,122,1,3,2008,1204326000000,2008-02-29 23:00:00+00:00,2008-03-01 00:00:00+01:00,False,18502,old school
1861,,181,1,3,2009,1235862000000,2009-02-28 23:00:00+00:00,2009-03-01 00:00:00+01:00,False,18502,punk
1861,,194,1,3,2009,1235862000000,2009-02-28 23:00:00+00:00,2009-03-01 00:00:00+01:00,False,18502,hardcore
1861,,481,1,3,2009,1235862000000,2009-02-28 23:00:00+00:00,2009-03-01 00:00:00+01:00,False,18502,usa
1861,,11439,1,3,2009,1235862000000,2009-02-28 23:00:00+00:00,2009-03-01 00:00:00+01:00,False,18502,lefties
1861,,25,1,3,2008,1204326000000,2008-02-29 23:00:00+00:00,2008-03-01 00:00:00+01:00,False,18503,80s
1861,,122,1,2,2008,1201820400000,2008-01-31 23:00:00+00:00,2008-02-01 00:00:00+01:00,False,18503,old school
1861,,181,1,3,2008,1204326000000,2008-02-29 23:00:00+00:00,2008-03-01 00:00:00+01:00,False,18565,punk
1861,,194,1,4,2008,1207000800000,2008-03-31 22:00:00+00:00,2008-04-01 00:00:00+02:00,False,18566,hardcore
1861,,194,1,4,2008,1207000800000,2008-03-31 22:00:00+00:00,2008-04-01 00:00:00+02:00,False,18567,hardcore
1861,,2217,1,4,2008,1207000800000,2008-03-31 22:00:00+00:00,2008-04-01 00:00:00+02:00,False,18567,straight edge
1865,,61,1,12,2008,1228086000000,2008-11-30 23:00:00+00:00,2008-12-01 00:00:00+01:00,False,11258,industrial
1865,,179,1,12,2008,1228086000000,2008-11-30 23:00:00+00:00,2008-12-01 00:00:00+01:00,False,11258,gothic
1865,,1843,1,12,2008,1228086000000,2008-11-30 23:00:00+00:00,2008-12-01 00:00:00+01:00,False,11258,russian alternative
1874,,11469,1,9,2009,1251756000000,2009-08-31 22:00:00+00:00,2009-09-01 00:00:00+02:00,False,4090,myfavoritesongs
1874,,18,1,12,2007,1196463600000,2007-11-30 23:00:00+00:00,2007-12-01 00:00:00+01:00,False,5046,electronic
1874,,102,1,1,2008,1199142000000,2007-12-31 23:00:00+00:00,2008-01-01 00:00:00+01:00,False,14809,hip-hop
1874,,103,1,1,2008,1199142000000,2007-12-31 23:00:00+00:00,2008-01-01 00:00:00+01:00,False,14809,rap
1874,,309,1,7,2007,1183240800000,2007-06-30 22:00:00+00:00,2007-07-01 00:00:00+02:00,False,17829,electro
1883,,33,1,11,2006,1162335600000,2006-10-31 23:00:00+00:00,2006-11-01 00:00:00+01:00,False,3518,experimental
1883,,1812,1,11,2006,1162335600000,2006-10-31 23:00:00+00:00,2006-11-01 00:00:00+01:00,False,3518,noise pop
1883,,79,1,11,2006,1162335600000,2006-10-31 23:00:00+00:00,2006-11-01 00:00:00+01:00,False,4090,alternative
1883,,81,1,11,2006,1162335600000,2006-10-31 23:00:00+00:00,2006-11-01 00:00:00+01:00,False,4090,indie
1883,,88,1,11,2006,1162335600000,2006-10-31 23:00:00+00:00,2006-11-01 00:00:00+01:00,False,4090,psychedelic
1883,,2244,1,11,2006,1162335600000,2006-10-31 23:00:00+00:00,2006-11-01 00:00:00+01:00,False,4090,space rock
1883,,130,1,11,2006,1162335600000,2006-10-31 23:00:00+00:00,2006-11-01 00:00:00+01:00,False,17561,female vocalists
1883,,179,1,11,2006,1162335600000,2006-10-31 23:00:00+00:00,2006-11-01 00:00:00+01:00,False,17561,gothic
1883,,849,1,11,2006,1162335600000,2006-10-31 23:00:00+00:00,2006-11-01 00:00:00+01:00,False,17561,riot grrrl
1885,,11547,1,1,2011,1293836400000,2010-12-31 23:00:00+00:00,2011-01-01 00:00:00+01:00,False,5037,rural colours
1885,,14,1,4,2010,1270072800000,2010-03-31 22:00:00+00:00,2010-04-01 00:00:00+02:00,False,14406,ambient
1885,,33,1,4,2010,1270072800000,2010-03-31 22:00:00+00:00,2010-04-01 00:00:00+02:00,False,14406,experimental
1885,,14,1,4,2010,1270072800000,2010-03-31 22:00:00+00:00,2010-04-01 00:00:00+02:00,False,14859,ambient
1885,,33,1,4,2010,1270072800000,2010-03-31 22:00:00+00:00,2010-04-01 00:00:00+02:00,False,14859,experimental
1885,,87,1,4,2010,1270072800000,2010-03-31 22:00:00+00:00,2010-04-01 00:00:00+02:00,False,14859,post-rock
1885,,191,1,4,2010,1270072800000,2010-03-31 22:00:00+00:00,2010-04-01 00:00:00+02:00,False,14859,instrumental
1900,,1066,1,1,2009,1230764400000,2008-12-31 23:00:00+00:00,2009-01-01 00:00:00+01:00,False,7360,1979
1900,,25,1,2,2008,1201820400000,2008-01-31 23:00:00+00:00,2008-02-01 00:00:00+01:00,False,15132,80s
1900,,81,1,2,2008,1201820400000,2008-01-31 23:00:00+00:00,2008-02-01 00:00:00+01:00,False,15132,indie
1900,,1353,1,2,2008,1201820400000,2008-01-31 23:00:00+00:00,2008-02-01 00:00:00+01:00,False,15132,scottish
1904,,545,1,1,2006,1136070000000,2005-12-31 23:00:00+00:00,2006-01-01 00:00:00+01:00,False,8133,classical
1904,,611,1,12,2005,1133391600000,2005-11-30 23:00:00+00:00,2005-12-01 00:00:00+01:00,False,11974,canadian
1904,,11614,1,8,2005,1122847200000,2005-07-31 22:00:00+00:00,2005-08-01 00:00:00+02:00,False,11974,wicked women
1904,,11613,1,8,2005,1122847200000,2005-07-31 22:00:00+00:00,2005-08-01 00:00:00+02:00,False,13474,btvs
1907,,2274,1,7,2009,1246399200000,2009-06-30 22:00:00+00:00,2009-07-01 00:00:00+02:00,False,15541,breaks
1907,,2458,1,1,2011,1293836400000,2010-12-31 23:00:00+00:00,2011-01-01 00:00:00+01:00,False,15730,deep house
1914,,4340,1,12,2009,1259622000000,2009-11-30 23:00:00+00:00,2009-12-01 00:00:00+01:00,False,7508,surf rock
1914,,130,1,11,2009,1257030000000,2009-10-31 23:00:00+00:00,2009-11-01 00:00:00+01:00,False,11600,female vocalists
1914,,2064,1,11,2009,1257030000000,2009-10-31 23:00:00+00:00,2009-11-01 00:00:00+01:00,False,11600,alt-country
1917,,11691,1,6,2010,1275343200000,2010-05-31 22:00:00+00:00,2010-06-01 00:00:00+02:00,False,14423,egzamin
1922,,11727,1,6,2008,1212271200000,2008-05-31 22:00:00+00:00,2008-06-01 00:00:00+02:00,False,18627,ou nao
1929,,139,1,11,2006,1162335600000,2006-10-31 23:00:00+00:00,2006-11-01 00:00:00+01:00,False,1916,j-rock
1929,,139,1,12,2006,1164927600000,2006-11-30 23:00:00+00:00,2006-12-01 00:00:00+01:00,False,1926,j-rock
1929,,541,1,12,2006,1164927600000,2006-11-30 23:00:00+00:00,2006-12-01 00:00:00+01:00,False,1926,japanese
1929,,18,1,11,2007,1193871600000,2007-10-31 23:00:00+00:00,2007-11-01 00:00:00+01:00,False,4674,electronic
1929,,187,1,11,2007,1193871600000,2007-10-31 23:00:00+00:00,2007-11-01 00:00:00+01:00,False,4674,electronica
1929,,601,1,11,2007,1193871600000,2007-10-31 23:00:00+00:00,2007-11-01 00:00:00+01:00,False,4674,swedish
1929,,356,1,5,2006,1146434400000,2006-04-30 22:00:00+00:00,2006-05-01 00:00:00+02:00,False,6316,latin pop
1929,,33,1,4,2007,1175378400000,2007-03-31 22:00:00+00:00,2007-04-01 00:00:00+02:00,False,6425,experimental
1929,,541,1,4,2007,1175378400000,2007-03-31 22:00:00+00:00,2007-04-01 00:00:00+02:00,False,6425,japanese
1929,,181,1,5,2006,1146434400000,2006-04-30 22:00:00+00:00,2006-05-01 00:00:00+02:00,False,7361,punk
1929,,140,1,12,2006,1164927600000,2006-11-30 23:00:00+00:00,2006-12-01 00:00:00+01:00,False,8010,j-pop
1929,,541,1,12,2006,1164927600000,2006-11-30 23:00:00+00:00,2006-12-01 00:00:00+01:00,False,8010,japanese
1929,,18,1,8,2007,1185919200000,2007-07-31 22:00:00+00:00,2007-08-01 00:00:00+02:00,False,8132,electronic
1929,,187,1,8,2007,1185919200000,2007-07-31 22:00:00+00:00,2007-08-01 00:00:00+02:00,False,8132,electronica
1929,,311,1,5,2006,1146434400000,2006-04-30 22:00:00+00:00,2006-05-01 00:00:00+02:00,False,9842,reggae
1929,,18,1,11,2007,1193871600000,2007-10-31 23:00:00+00:00,2007-11-01 00:00:00+01:00,False,9945,electronic
1929,,74,1,11,2007,1193871600000,2007-10-31 23:00:00+00:00,2007-11-01 00:00:00+01:00,False,9945,synthpop
1929,,86,1,11,2007,1193871600000,2007-10-31 23:00:00+00:00,2007-11-01 00:00:00+01:00,False,9945,ebm
1929,,187,1,11,2007,1193871600000,2007-10-31 23:00:00+00:00,2007-11-01 00:00:00+01:00,False,9945,electronica
1929,,74,1,1,2007,1167606000000,2006-12-31 23:00:00+00:00,2007-01-01 00:00:00+01:00,False,10082,synthpop
1929,,11757,1,5,2006,1146434400000,2006-04-30 22:00:00+00:00,2006-05-01 00:00:00+02:00,False,10298,film music composer
1929,,130,1,8,2007,1185919200000,2007-07-31 22:00:00+00:00,2007-08-01 00:00:00+02:00,False,11486,female vocalists
1929,,134,1,8,2007,1185919200000,2007-07-31 22:00:00+00:00,2007-08-01 00:00:00+02:00,False,11486,singer-songwriter
1929,,184,1,11,2006,1162335600000,2006-10-31 23:00:00+00:00,2006-11-01 00:00:00+01:00,False,11708,soundtrack
1929,,139,1,5,2006,1146434400000,2006-04-30 22:00:00+00:00,2006-05-01 00:00:00+02:00,False,13288,j-rock
1929,,139,1,5,2006,1146434400000,2006-04-30 22:00:00+00:00,2006-05-01 00:00:00+02:00,False,15279,j-rock
1929,,79,1,1,2007,1167606000000,2006-12-31 23:00:00+00:00,2007-01-01 00:00:00+01:00,False,15553,alternative
1929,,611,1,1,2007,1167606000000,2006-12-31 23:00:00+00:00,2007-01-01 00:00:00+01:00,False,15553,canadian
1929,,187,1,4,2007,1175378400000,2007-03-31 22:00:00+00:00,2007-04-01 00:00:00+02:00,False,17643,electronica
1929,,187,1,2,2007,1170284400000,2007-01-31 23:00:00+00:00,2007-02-01 00:00:00+01:00,False,17829,electronica
1929,,181,1,12,2005,1133391600000,2005-11-30 23:00:00+00:00,2005-12-01 00:00:00+01:00,False,18142,punk
1929,,292,1,12,2006,1164927600000,2006-11-30 23:00:00+00:00,2006-12-01 00:00:00+01:00,False,18699,folk
1929,,16,1,5,2006,1146434400000,2006-04-30 22:00:00+00:00,2006-05-01 00:00:00+02:00,False,18732,new wave
1929,,24,1,5,2006,1146434400000,2006-04-30 22:00:00+00:00,2006-05-01 00:00:00+02:00,False,18732,pop
1930,,141,1,2,2011,1296514800000,2011-01-31 23:00:00+00:00,2011-02-01 00:00:00+01:00,False,1916,visual kei
1951,,11877,1,5,2009,1241128800000,2009-04-30 22:00:00+00:00,2009-05-01 00:00:00+02:00,False,12041,awesome-ness
1951,,11877,1,7,2009,1246399200000,2009-06-30 22:00:00+00:00,2009-07-01 00:00:00+02:00,False,14440,awesome-ness
1952,,84,1,7,2007,1183240800000,2007-06-30 22:00:00+00:00,2007-07-01 00:00:00+02:00,False,6423,indie rock
1962,,483,1,7,2008,1214863200000,2008-06-30 22:00:00+00:00,2008-07-01 00:00:00+02:00,False,16945,party
1962,,11798,1,5,2008,1209592800000,2008-04-30 22:00:00+00:00,2008-05-01 00:00:00+02:00,False,17810,yay
1965,,352,1,9,2009,1251756000000,2009-08-31 22:00:00+00:00,2009-09-01 00:00:00+02:00,False,6315,90s
1965,,3145,1,9,2009,1251756000000,2009-08-31 22:00:00+00:00,2009-09-01 00:00:00+02:00,False,6315,new jack swing
1965,,187,1,2,2010,1264978800000,2010-01-31 23:00:00+00:00,2010-02-01 00:00:00+01:00,False,6423,electronica
1965,,352,1,5,2009,1241128800000,2009-04-30 22:00:00+00:00,2009-05-01 00:00:00+02:00,False,8879,90s
1965,,3145,1,5,2009,1241128800000,2009-04-30 22:00:00+00:00,2009-05-01 00:00:00+02:00,False,8879,new jack swing
1965,,81,1,3,2010,1267398000000,2010-02-28 23:00:00+00:00,2010-03-01 00:00:00+01:00,False,10180,indie
1965,,1086,1,3,2010,1267398000000,2010-02-28 23:00:00+00:00,2010-03-01 00:00:00+01:00,False,10180,female voices
1965,,18,1,8,2010,1280613600000,2010-07-31 22:00:00+00:00,2010-08-01 00:00:00+02:00,False,12148,electronic
1965,,102,1,8,2010,1280613600000,2010-07-31 22:00:00+00:00,2010-08-01 00:00:00+02:00,False,12148,hip-hop
1965,,103,1,8,2010,1280613600000,2010-07-31 22:00:00+00:00,2010-08-01 00:00:00+02:00,False,12148,rap
1965,,640,1,11,2009,1257030000000,2009-10-31 23:00:00+00:00,2009-11-01 00:00:00+01:00,False,12896,urban
1965,,936,1,11,2009,1257030000000,2009-10-31 23:00:00+00:00,2009-11-01 00:00:00+01:00,False,12896,mariah carey
1965,,3182,1,11,2009,1257030000000,2009-10-31 23:00:00+00:00,2009-11-01 00:00:00+01:00,False,12896,mya
1965,,187,1,4,2010,1270072800000,2010-03-31 22:00:00+00:00,2010-04-01 00:00:00+02:00,False,14434,electronica
1965,,39,1,7,2010,1277935200000,2010-06-30 22:00:00+00:00,2010-07-01 00:00:00+02:00,False,15326,dance
1965,,130,1,9,2010,1283292000000,2010-08-31 22:00:00+00:00,2010-09-01 00:00:00+02:00,False,16032,female vocalists
1965,,140,1,9,2010,1283292000000,2010-08-31 22:00:00+00:00,2010-09-01 00:00:00+02:00,False,16032,j-pop
1965,,167,1,9,2010,1283292000000,2010-08-31 22:00:00+00:00,2010-09-01 00:00:00+02:00,False,16032,rnb
1965,,541,1,9,2010,1283292000000,2010-08-31 22:00:00+00:00,2010-09-01 00:00:00+02:00,False,16032,japanese
1965,,105,1,3,2010,1267398000000,2010-02-28 23:00:00+00:00,2010-03-01 00:00:00+01:00,False,17828,house
1965,,187,1,3,2010,1267398000000,2010-02-28 23:00:00+00:00,2010-03-01 00:00:00+01:00,False,17828,electronica
1965,,134,1,7,2010,1277935200000,2010-06-30 22:00:00+00:00,2010-07-01 00:00:00+02:00,False,18699,singer-songwriter
1969,,3315,1,5,2009,1241128800000,2009-04-30 22:00:00+00:00,2009-05-01 00:00:00+02:00,False,14272,west coast
1974,,1080,1,10,2008,1222812000000,2008-09-30 22:00:00+00:00,2008-10-01 00:00:00+02:00,False,7508,mexico
1974,,24,1,12,2008,1228086000000,2008-11-30 23:00:00+00:00,2008-12-01 00:00:00+01:00,False,10180,pop
1974,,12032,1,12,2008,1228086000000,2008-11-30 23:00:00+00:00,2008-12-01 00:00:00+01:00,False,10180,best free stuff
1975,,18,1,3,2009,1235862000000,2009-02-28 23:00:00+00:00,2009-03-01 00:00:00+01:00,False,8132,electronic
1975,,85,1,3,2009,1235862000000,2009-02-28 23:00:00+00:00,2009-03-01 00:00:00+01:00,False,8132,funk
1975,,127,1,3,2009,1235862000000,2009-02-28 23:00:00+00:00,2009-03-01 00:00:00+01:00,False,8132,seen live
1975,,304,1,3,2009,1235862000000,2009-02-28 23:00:00+00:00,2009-03-01 00:00:00+01:00,False,8132,hip hop
1975,,309,1,3,2009,1235862000000,2009-02-28 23:00:00+00:00,2009-03-01 00:00:00+01:00,False,8132,electro
1975,,483,1,3,2009,1235862000000,2009-02-28 23:00:00+00:00,2009-03-01 00:00:00+01:00,False,8132,party
1975,,503,1,3,2009,1235862000000,2009-02-28 23:00:00+00:00,2009-03-01 00:00:00+01:00,False,8132,live
1975,,570,1,3,2009,1235862000000,2009-02-28 23:00:00+00:00,2009-03-01 00:00:00+01:00,False,8132,techno
1975,,625,1,3,2009,1235862000000,2009-02-28 23:00:00+00:00,2009-03-01 00:00:00+01:00,False,8132,soul
1975,,1159,1,3,2009,1235862000000,2009-02-28 23:00:00+00:00,2009-03-01 00:00:00+01:00,False,8132,deep
1975,,1990,1,3,2009,1235862000000,2009-02-28 23:00:00+00:00,2009-03-01 00:00:00+01:00,False,8132,mix
1975,,2381,1,3,2009,1235862000000,2009-02-28 23:00:00+00:00,2009-03-01 00:00:00+01:00,False,8132,dj
1975,,3312,1,3,2009,1235862000000,2009-02-28 23:00:00+00:00,2009-03-01 00:00:00+01:00,False,8132,detroit
1975,,4174,1,3,2009,1235862000000,2009-02-28 23:00:00+00:00,2009-03-01 00:00:00+01:00,False,8132,rhythm
1975,,11629,1,3,2009,1235862000000,2009-02-28 23:00:00+00:00,2009-03-01 00:00:00+01:00,False,8132,detroit techno
1975,,12041,1,6,2010,1275343200000,2010-05-31 22:00:00+00:00,2010-06-01 00:00:00+02:00,False,8132,todaysart
1975,,12044,1,3,2009,1235862000000,2009-02-28 23:00:00+00:00,2009-03-01 00:00:00+01:00,False,8132,underground resistance
1975,,12048,1,3,2009,1235862000000,2009-02-28 23:00:00+00:00,2009-03-01 00:00:00+01:00,False,8132,electrofunk
1975,,3312,1,2,2010,1264978800000,2010-01-31 23:00:00+00:00,2010-02-01 00:00:00+01:00,False,14411,detroit
1981,,39,1,11,2005,1130799600000,2005-10-31 23:00:00+00:00,2005-11-01 00:00:00+01:00,False,12303,dance
1981,,73,1,9,2007,1188597600000,2007-08-31 22:00:00+00:00,2007-09-01 00:00:00+02:00,False,15553,rock
1981,,81,1,9,2007,1188597600000,2007-08-31 22:00:00+00:00,2007-09-01 00:00:00+02:00,False,15553,indie
1981,,321,1,9,2007,1188597600000,2007-08-31 22:00:00+00:00,2007-09-01 00:00:00+02:00,False,15553,french
1981,,611,1,9,2007,1188597600000,2007-08-31 22:00:00+00:00,2007-09-01 00:00:00+02:00,False,15553,canadian
1981,,611,1,1,2006,1136070000000,2005-12-31 23:00:00+00:00,2006-01-01 00:00:00+01:00,False,17894,canadian
1981,,830,1,2,2007,1170284400000,2007-01-31 23:00:00+00:00,2007-02-01 00:00:00+01:00,False,18422,guitar
1981,,79,1,11,2008,1225494000000,2008-10-31 23:00:00+00:00,2008-11-01 00:00:00+01:00,False,18628,alternative
1981,,824,1,11,2008,1225494000000,2008-10-31 23:00:00+00:00,2008-11-01 00:00:00+01:00,False,18628,mellow
1990,,12100,1,1,2009,1230764400000,2008-12-31 23:00:00+00:00,2009-01-01 00:00:00+01:00,False,8943,old school hip-hop-inspired
1990,,70,1,3,2009,1235862000000,2009-02-28 23:00:00+00:00,2009-03-01 00:00:00+01:00,False,16945,dubstep
1990,,12115,1,3,2009,1235862000000,2009-02-28 23:00:00+00:00,2009-03-01 00:00:00+01:00,False,16945,eskibeat
1990,,12117,1,3,2009,1235862000000,2009-02-28 23:00:00+00:00,2009-03-01 00:00:00+01:00,False,16945,eski
1995,,73,1,6,2008,1212271200000,2008-05-31 22:00:00+00:00,2008-06-01 00:00:00+02:00,False,17933,rock
1995,,81,1,6,2008,1212271200000,2008-05-31 22:00:00+00:00,2008-06-01 00:00:00+02:00,False,17933,indie
1995,,83,1,6,2008,1212271200000,2008-05-31 22:00:00+00:00,2008-06-01 00:00:00+02:00,False,17933,jazz
1995,,352,1,6,2008,1212271200000,2008-05-31 22:00:00+00:00,2008-06-01 00:00:00+02:00,False,17933,90s
1996,,12143,1,3,2010,1267398000000,2010-02-28 23:00:00+00:00,2010-03-01 00:00:00+01:00,False,3218,lulz
2003,,13,1,8,2008,1217541600000,2008-07-31 22:00:00+00:00,2008-08-01 00:00:00+02:00,False,16539,chillout
2003,,14,1,8,2008,1217541600000,2008-07-31 22:00:00+00:00,2008-08-01 00:00:00+02:00,False,16539,ambient
2003,,27,1,8,2008,1217541600000,2008-07-31 22:00:00+00:00,2008-08-01 00:00:00+02:00,False,16539,ethereal
2003,,46,1,8,2008,1217541600000,2008-07-31 22:00:00+00:00,2008-08-01 00:00:00+02:00,False,16539,melancholy
2003,,447,1,8,2008,1217541600000,2008-07-31 22:00:00+00:00,2008-08-01 00:00:00+02:00,False,16539,favourites
2003,,500,1,8,2008,1217541600000,2008-07-31 22:00:00+00:00,2008-08-01 00:00:00+02:00,False,16539,brilliant
2003,,574,1,8,2008,1217541600000,2008-07-31 22:00:00+00:00,2008-08-01 00:00:00+02:00,False,16539,dark ambient
2003,,2793,1,8,2008,1217541600000,2008-07-31 22:00:00+00:00,2008-08-01 00:00:00+02:00,False,16539,neoclassical
2014,,12208,1,8,2006,1154383200000,2006-07-31 22:00:00+00:00,2006-08-01 00:00:00+02:00,False,15125,new wave and eighties
2014,,607,1,5,2006,1146434400000,2006-04-30 22:00:00+00:00,2006-05-01 00:00:00+02:00,False,16814,dutch
2016,,22,1,2,2010,1264978800000,2010-01-31 23:00:00+00:00,2010-02-01 00:00:00+01:00,False,13972,acid jazz
2017,,12237,1,7,2008,1214863200000,2008-06-30 22:00:00+00:00,2008-07-01 00:00:00+02:00,False,16474,dark psychedelic trance
2019,,184,1,6,2008,1212271200000,2008-05-31 22:00:00+00:00,2008-06-01 00:00:00+02:00,False,17075,soundtrack
2019,,7922,1,9,2009,1251756000000,2009-08-31 22:00:00+00:00,2009-09-01 00:00:00+02:00,False,17895,check out later
2021,,5286,1,6,2010,1275343200000,2010-05-31 22:00:00+00:00,2010-06-01 00:00:00+02:00,False,8133,the vampire diaries
2021,,12289,1,3,2010,1267398000000,2010-02-28 23:00:00+00:00,2010-03-01 00:00:00+01:00,False,13146,life unexpected
2021,,12295,1,3,2009,1235862000000,2009-02-28 23:00:00+00:00,2009-03-01 00:00:00+01:00,False,13833,american idol 5
2021,,5286,1,1,2010,1262300400000,2009-12-31 23:00:00+00:00,2010-01-01 00:00:00+01:00,False,14379,the vampire diaries
2021,,12289,1,3,2010,1267398000000,2010-02-28 23:00:00+00:00,2010-03-01 00:00:00+01:00,False,15177,life unexpected
2021,,5286,1,6,2010,1275343200000,2010-05-31 22:00:00+00:00,2010-06-01 00:00:00+02:00,False,16816,the vampire diaries
2029,,12347,1,7,2008,1214863200000,2008-06-30 22:00:00+00:00,2008-07-01 00:00:00+02:00,False,11214,year of the rabbit
2029,,12354,1,7,2008,1214863200000,2008-06-30 22:00:00+00:00,2008-07-01 00:00:00+02:00,False,11214,autolux
2030,,67,1,9,2009,1251756000000,2009-08-31 22:00:00+00:00,2009-09-01 00:00:00+02:00,False,35,noise
2030,,14,1,11,2009,1257030000000,2009-10-31 23:00:00+00:00,2009-11-01 00:00:00+01:00,False,5056,ambient
2030,,18,1,10,2009,1254348000000,2009-09-30 22:00:00+00:00,2009-10-01 00:00:00+02:00,False,6425,electronic
2030,,821,1,10,2009,1254348000000,2009-09-30 22:00:00+00:00,2009-10-01 00:00:00+02:00,False,6425,post rock
2030,,821,1,10,2009,1254348000000,2009-09-30 22:00:00+00:00,2009-10-01 00:00:00+02:00,False,10726,post rock
2030,,18,1,11,2009,1257030000000,2009-10-31 23:00:00+00:00,2009-11-01 00:00:00+01:00,False,11027,electronic
2030,,102,1,12,2008,1228086000000,2008-11-30 23:00:00+00:00,2008-12-01 00:00:00+01:00,False,12893,hip-hop
2030,,197,1,12,2008,1228086000000,2008-11-30 23:00:00+00:00,2008-12-01 00:00:00+01:00,False,12904,gangsta rap
2030,,821,1,11,2009,1257030000000,2009-10-31 23:00:00+00:00,2009-11-01 00:00:00+01:00,False,13896,post rock
2030,,1995,1,3,2011,1298934000000,2011-02-28 23:00:00+00:00,2011-03-01 00:00:00+01:00,False,14859,icelandic
2030,,821,1,11,2009,1257030000000,2009-10-31 23:00:00+00:00,2009-11-01 00:00:00+01:00,False,14869,post rock
2030,,167,1,9,2009,1251756000000,2009-08-31 22:00:00+00:00,2009-09-01 00:00:00+02:00,False,15552,rnb
2030,,14,1,2,2010,1264978800000,2010-01-31 23:00:00+00:00,2010-02-01 00:00:00+01:00,False,16551,ambient
2030,,73,1,9,2009,1251756000000,2009-08-31 22:00:00+00:00,2009-09-01 00:00:00+02:00,False,16946,rock
2030,,2531,1,12,2008,1228086000000,2008-11-30 23:00:00+00:00,2008-12-01 00:00:00+01:00,False,17780,turntablism
2036,,20,1,9,2008,1220220000000,2008-08-31 22:00:00+00:00,2008-09-01 00:00:00+02:00,False,13972,lounge
2036,,22,1,9,2008,1220220000000,2008-08-31 22:00:00+00:00,2008-09-01 00:00:00+02:00,False,13972,acid jazz
2036,,22,1,9,2008,1220220000000,2008-08-31 22:00:00+00:00,2008-09-01 00:00:00+02:00,False,14822,acid jazz
2043,,33,1,10,2006,1159653600000,2006-09-30 22:00:00+00:00,2006-10-01 00:00:00+02:00,False,4093,experimental
2043,,741,1,10,2006,1159653600000,2006-09-30 22:00:00+00:00,2006-10-01 00:00:00+02:00,False,4093,grindcore
2043,,2216,1,10,2006,1159653600000,2006-09-30 22:00:00+00:00,2006-10-01 00:00:00+02:00,False,4093,noisecore
2053,,103,1,12,2007,1196463600000,2007-11-30 23:00:00+00:00,2007-12-01 00:00:00+01:00,False,12893,rap
2061,,12480,1,8,2009,1249077600000,2009-07-31 22:00:00+00:00,2009-08-01 00:00:00+02:00,False,10819,mnogo dobro
2091,,2627,1,7,2008,1214863200000,2008-06-30 22:00:00+00:00,2008-07-01 00:00:00+02:00,False,16478,progressive psytrance
2096,,78,1,9,2010,1283292000000,2010-08-31 22:00:00+00:00,2010-09-01 00:00:00+02:00,False,8720,alternative rock
2096,,481,1,9,2010,1283292000000,2010-08-31 22:00:00+00:00,2010-09-01 00:00:00+02:00,False,8720,usa
2096,,2938,1,2,2010,1264978800000,2010-01-31 23:00:00+00:00,2010-02-01 00:00:00+01:00,False,8720,twilight
2096,,12643,1,3,2011,1298934000000,2011-02-28 23:00:00+00:00,2011-03-01 00:00:00+01:00,False,18597,scott pilgrim
2096,,481,1,8,2010,1280613600000,2010-07-31 22:00:00+00:00,2010-08-01 00:00:00+02:00,False,18699,usa
2099,,13,1,11,2008,1225494000000,2008-10-31 23:00:00+00:00,2008-11-01 00:00:00+01:00,False,11371,chillout
2099,,15,1,11,2008,1225494000000,2008-10-31 23:00:00+00:00,2008-11-01 00:00:00+01:00,False,11371,downtempo
2099,,21,1,11,2008,1225494000000,2008-10-31 23:00:00+00:00,2008-11-01 00:00:00+01:00,False,11371,trip-hop
2099,,758,1,7,2009,1246399200000,2009-06-30 22:00:00+00:00,2009-07-01 00:00:00+02:00,False,11371,instrumental hip-hop
